student_id,mbi_exhaustion,mbi_cynicism,mbi_efficacy,dass_depression,dass_anxiety,dass_stress,cope_score,attendance_rate,grade_decline_slope,assignment_completion_rate,late_submission_count,lms_login_frequency,time_on_task_weekly,engagement_variability,risk_level
S1000,26.311012183291744,27.988944127388095,30.6714593021628,13.047149492659917,14.064443895642238,15.30296266573577,30.38773593572392,69.10695322217556,-1.0784046737491404,69.08469717333729,3,18.721761546500055,12.278816543913377,4.65324495701575,Medium
S1001,33.370559624533016,32.503593953656654,22.307792537688865,13.45067401293127,9.193499388039507,22.93244403865564,30.844041633172747,70.62260959786028,-0.48643159472725106,87.5743784966447,8,21.87011871450929,13.240249593297824,4.270914225492911,Medium
S1002,34.123148908187375,21.682445835291066,27.306573404220394,15.18729222294564,13.896804253445945,18.912317365166313,47.32696021085663,62.698354440394475,-1.0826778514427067,84.33706760315552,5,5.54707720807753,7.549094990893433,6.812273537533571,Medium
S1003,19.565436306369655,31.64440213570274,24.617645521161094,5.845450634218305,5.09630655433767,15.769626899722304,37.527986043631444,86.49965585135578,-0.10239217081758534,68.91651076419717,3,18.025806771649133,15.072413227601862,2.042218470252685,Low
S1004,48.13442998143429,29.779131392135138,24.461001738936723,25.163117716535567,17.512339793131968,18.9646989733173,37.64428741893824,57.85489038797992,-1.2692225184840438,54.63629205724894,5,3.9783808258117768,3.0085089780895693,6.5719196793506915,High
S1005,22.238737972775166,26.789596876296837,36.286987292006245,9.28551357342422,10.440995956947111,5.799203817997422,22.409131755429783,93.5201051281255,-0.24746193388860088,76.95051342922969,0,8.146582375662792,15.063042194184156,3.3656668622686277,Low
S1006,39.354430973898204,29.605725959390863,26.19345962343958,10.701496028956138,11.433479170034818,15.56277311320586,35.71194247423851,79.84150165458638,-1.757035264388189,61.9193482208805,3,9.686934902511926,15.262275110943698,5.950327672856823,Medium
S1007,27.011570970780504,21.942613374851145,34.59264491121391,12.498656026513153,9.626135275461316,6.626077211257212,35.129160390017105,71.27457773258035,-0.7598911874084964,82.39730363339153,5,16.84717141655517,20.050955397873583,2.887362903958601,Low
S1008,28.840049605221402,30.457014463753893,26.121871676057175,8.775322351202927,7.613907520946709,6.371530339271603,45.21296584576888,84.99011506248429,-1.0098448627870256,79.34589281733743,5,22.618683347088766,8.335967480896574,4.704597860690091,Low
S1009,36.890384719916554,30.153091455580903,26.1972408521478,15.08182699997928,9.789287940883817,19.296387179822208,38.33277926565881,86.80263498185431,-0.40960986802056143,76.63141026506781,3,11.910020274744284,12.27110688243386,3.7158612786378544,Medium
S1010,34.635998257927874,31.36711964441021,22.702485681691044,19.525658589533066,25.50476572462741,20.51889183666787,30.235292354546534,57.79479408540611,-1.0591085006765613,50.6010761299078,5,8.611807576105134,6.381706138778691,4.918632474238188,Medium
S1011,29.92935910222736,8.015193386361947,31.13795549463713,4.550087564776839,12.464785891041476,12.496044867440231,48.117976680636716,94.84184983465192,-0.2533136280727208,85.39207620715253,2,14.857106957379331,14.473321153559787,2.40265939759124,Low
S1012,24.292539983664227,17.2160108259993,22.88211277182831,21.964205106857882,11.384594995157116,15.485673080988263,45.153743919838384,77.42935164952733,-1.2562802300776992,86.42710044551454,5,11.56121143810332,18.787821878017958,4.093887220700367,Medium
S1013,25.01680811374529,25.46044658523438,26.283310917095516,7.194400814066089,11.191828156709919,5.371479722728502,44.95029723848259,83.39044979685812,-1.2116527987214722,89.90075103710763,9,0.0,15.243937072439646,4.602334061288875,Low
S1014,31.26609929659218,26.182078466781626,25.44140097501693,9.069911849119169,0.36986250911927243,12.001945336483509,42.653376631324136,77.22323467498875,-0.3230786134683395,100.0,5,13.597675555804646,10.852918009690702,3.3512276693683627,Low
S1015,35.55425368465469,25.725639239537333,17.272534101573115,16.60879022792553,7.705096690395604,8.97006799037198,33.29460811252138,87.59555745100346,-0.08673359679923731,77.97926203870402,5,17.957768325587985,8.131369387958657,4.924104247810382,Low
S1016,37.65016992909702,16.002048358157154,27.826771372341533,9.123422652663889,4.0506007691707575,11.212006097333807,39.41317140273981,77.71513610513769,-0.39289190620626524,81.84218334069183,0,5.3570072756942935,13.48442860564938,4.972269268891628,Low
S1017,31.078344226904303,14.393421661052887,32.313802687503795,12.825330372999037,12.596006345499848,12.36277082513845,33.20507165917566,80.09392459400848,-0.2579672341916861,79.22035152613722,4,12.770818478168326,11.904261656705494,3.835421690371054,Low
S1018,35.1909780913524,16.433139999826636,32.39109698089992,8.843012155298386,9.35707271134533,12.81621195059994,38.65229672023656,80.12975116118064,-0.3972748003572958,100.0,3,15.345833753831286,13.391166832358579,4.9221071022887966,Low
S1019,18.731409850557213,22.06994865708456,22.649098516191938,8.202323227907502,12.100426496482596,7.282073083140923,33.224700244929956,83.06690038079475,-0.360217215927512,77.925397408708,3,19.73291988309822,6.477160967168019,2.0069746649125912,Low
S1020,21.60985674330165,17.659662026201293,27.357472914145106,8.658292654738737,13.96218139496785,16.749441912755138,35.51094838547542,69.98423740826952,-0.9321531820730996,95.77880296137248,5,16.41825928665864,20.219633302251893,3.5430614382525656,Low
S1021,38.35576477532893,21.28027831860792,30.827903795239525,20.736683475666375,16.104295843081726,18.363198422869726,47.31003773293416,60.751697564232295,-1.2087847183647569,53.30065832495416,3,15.44727692828164,18.950540246362248,4.675068734831135,Medium
S1022,16.529739061066717,18.92967623392812,29.17010486779391,7.418275657323616,4.441104904335079,9.226976490348891,39.77301139894422,84.97203740741683,-0.8339292075554978,91.20535779234933,1,13.759090750966488,15.243220474136235,1.0838991116171899,Low
S1023,30.17830977138496,31.174176595757878,19.794314157367122,22.46086091237144,14.335000157519595,9.04632797024908,32.954704472154475,71.43077270085347,-0.7409199879745145,82.31388474468169,2,5.849238612428312,7.946587051109034,4.300569373888783,Low
S1024,33.289081001641314,24.386025406166507,44.073949928442744,13.63818974190749,12.907592865248535,19.800810678803092,30.417275429832003,76.35542669546162,-0.7179542229494162,86.06383146612293,4,13.772452435107104,10.10713310412049,3.66430601646209,Low
S1025,30.000731595195326,22.425259145052166,29.501321852431108,0.32538135977588745,8.687219869319282,8.96831937793801,36.40320962397563,83.8657213576648,-0.4196472385371244,86.5207141704187,1,15.689081229338374,8.833934314818563,4.394991562443194,Low
S1026,32.37829982343542,25.80069088127213,20.624832366903384,18.391295042380285,6.486746443513015,17.895847990261405,39.5430243600066,60.79062846168665,-1.4784308370573827,79.46920598052226,4,19.874756973424866,6.9280630051374965,5.187752019599938,Medium
S1027,24.79211325812903,23.386003993606185,31.804990793555792,10.417481258930158,14.803384667413933,8.397616751697834,38.00517169563333,89.802352284229,-0.33514824093402534,88.29967027741407,2,9.483463034387059,10.211726381717357,1.4913128097377983,Low
S1028,28.43246197648051,20.3864082039031,30.033580444011175,5.377259093281257,10.696617672395863,27.640732595610686,36.70769099820332,80.56623743832466,-0.5092551620670981,80.47995114247011,1,26.88175561501579,14.314434310439175,5.27818010641282,Low
S1029,32.89068302494843,20.948144842064202,19.748466672671324,18.220573729760474,1.1118426650250886,15.401593706272983,38.55161981006719,82.09641553638824,-0.7319204840747696,76.82464670414112,6,16.060428129990505,12.31242816627485,3.3072057234830154,Low
S1030,21.01814197204481,22.149060721871933,32.96664497063356,6.714423191766466,16.393294172491302,7.345148847988943,40.6366918129766,88.1671267624826,-0.15112119262062754,77.19729153814262,2,14.119250015844264,19.713625756153316,1.9572744936220734,Low
S1031,29.421474782358043,19.923259303026633,36.364736282995196,8.966506272711111,8.530162066115082,15.078294475422243,41.20658308294081,84.0720685242131,-0.7238240125856376,88.7594409035724,3,12.304472239188623,6.486999145453091,4.247946658259456,Low
S1032,36.45528014057493,17.907514123326926,26.96466290330971,15.351261203434273,22.721543770807855,18.735798437658502,39.96630690448157,64.92396466379564,1.018308569493287,87.71720459062794,9,13.891276898099454,7.936394820747877,5.489218053104081,Medium
S1033,20.77385900067646,23.72549978438954,21.507058916394353,11.080321091965537,7.867557224907528,9.238295448547715,38.71407858921665,96.67675522584224,0.08332289306534299,100.0,2,18.75623962543161,6.395936803942819,1.6690567790310316,Low
S1034,24.382843988670366,8.884147315133271,34.62619182075556,8.687444583166318,7.0996867110516195,8.263092395641497,37.55154260959465,86.5241912887121,-0.2708223904771822,81.96379234153838,2,18.125873343389408,14.285235182322008,2.7419234754025252,Low
S1035,30.158667609508704,28.78343287443242,33.97353620779204,11.359096143177208,11.30701577366549,14.573029317169931,36.90901439426027,75.36436768744727,-0.24819477374365656,68.82372490780867,4,19.47278085570342,18.925837093753543,4.914658476192804,Low
S1036,34.49096329859524,26.91971000705603,24.44095220814462,11.599969716704203,10.611603528490097,15.704810935504899,38.667905975452896,72.56967192413,-1.1993732237766168,79.2356190888324,2,11.061597247979476,9.35523870264467,2.950908805862868,Medium
S1037,44.713203680707174,26.410994988875352,19.33306890253566,25.75977604870039,19.876315377538933,23.78125074539316,38.59855821282486,64.44777875839203,-1.9028601983485522,53.24149371473206,8,10.77764684287847,13.959006826648693,1.866300654300983,High
S1038,21.712589608604894,20.54884428024667,44.4764591684371,10.919774657046831,17.9272968925633,8.828680688602258,35.26497352835464,81.94358044939666,-0.1425728109350095,88.71900308215264,6,15.068527711706189,15.604034866612704,4.163504001707022,Low
S1039,20.216629654687125,15.144676729804605,29.333968906979173,6.387221223622943,3.465604638958837,2.6641484825474597,37.873135416448505,90.77219769275591,0.21567214045459088,72.77925383997282,4,26.860197371583443,17.551518989019634,3.944761084208305,Low
S1040,20.249371872208997,21.205640907741053,26.643455002520135,5.768984758130729,9.083769875109953,10.636701495857732,34.0357655246432,99.43484946624513,0.3791743361824181,99.36365116223956,0,9.660215513998931,16.47679729727791,0.15025393877425008,Low
S1041,22.483650525870537,24.542225343827404,30.948757693145716,14.709871463695361,7.163276794304886,14.588026722870236,28.22718835130722,71.90241249661707,-1.2728414388239249,85.02110461499058,1,27.364254470800553,19.971844983145363,3.3703364071925215,Low
S1042,29.1360495100665,31.80931289888492,27.572182484509057,18.453200908287943,17.379921826516746,27.13929990251016,25.32175153238573,70.62282930435,-1.513444056156681,50.62430155998932,5,6.880494707498863,8.398184828367743,4.878562356748416,Medium
S1043,6.244635351651603,20.745539451429934,36.684384337377814,11.1312145190534,14.718702977383325,8.409045100041562,32.97087399468006,85.6177658841735,-0.0365469905535665,93.40541307523739,1,13.364301980357517,16.941750033352516,2.696350156090925,Low
S1044,34.165599755473146,20.97650683193549,15.27859175614088,9.664370143940452,13.001449315277409,12.342801022021057,32.73005478646937,87.6766871345787,-0.29490968314944416,82.65835399849179,5,14.588747817251852,19.761660781312667,0.5349847268113637,Low
S1045,23.069826712769665,32.47980886397579,24.532035923661738,16.56065532313686,15.786984143099652,9.899325116095522,38.423576768279965,87.83017506400628,-0.6038518492190825,81.84027889942065,5,15.877521098319988,7.438203878225912,2.266883452920466,Low
S1046,33.67210525758415,25.789682116531818,38.413592496339675,10.500032420613136,9.487868513528456,10.98071708450876,31.236143649429785,83.39359656942949,-0.8927035787622786,92.0728134233524,2,15.380684319725212,12.27072452978647,3.8410067590708983,Low
S1047,37.57676277575652,23.718743674532583,28.632307592445713,12.300752311803542,25.775349877401766,19.654942038086165,34.55421348718916,75.53485982097936,-0.8529987777320238,53.4619585903329,3,16.325168135725992,12.85760045382849,4.576112981774215,Medium
S1048,33.13436847535497,31.18455687967511,18.487565306329707,16.78234390900209,12.118668489195061,12.064318569811189,38.96192247656088,78.50058416734875,-1.0524070920036874,66.96984293515648,10,10.474499336751043,6.7130721359351995,7.289335869053815,Medium
S1049,26.66912215580596,21.487520734936115,40.302248868337855,0.0,1.2651607446971083,13.432659392712655,33.58605473848203,92.96409656221752,-0.12770328614824428,88.54854118896431,3,15.059950596298336,10.249305293772862,3.6002265244712257,Low
S1050,34.336459604070114,23.46982641996282,33.46291029233616,11.792475332273796,20.535821562205207,13.897348221210393,32.16440435711509,82.95905406108457,-1.5250842916106264,73.09975080289497,5,9.51596591272472,19.212425684479033,2.9976419437806054,Medium
S1051,25.961138932009632,22.48472537613142,26.338383903837666,7.8647829763282155,11.73207354303644,15.309208328634949,27.491644305869844,71.55731212806283,-1.3848336946543036,73.83975477181608,3,20.796740244521082,8.081419019027738,5.373106092487146,Low
S1052,28.04243304263122,27.56639758751252,35.406409974399196,19.483857901342198,12.485508051684246,15.534325882831755,31.037956868030797,74.5006882362359,0.25672957824383136,90.44788675997293,3,18.02559598753552,10.936759832384455,6.186109281617107,Low
S1053,20.71422906341654,19.4172695757714,43.63048123607372,3.2266158768327484,15.907098502007095,10.91055945391692,45.974251148760004,73.05181401122232,0.043982436628311694,72.16840277446312,5,11.520881848033632,14.06738584638549,3.0142693648234773,Low
S1054,39.16023685515616,29.012536927122827,19.139960721947084,28.054839984312466,18.134745075963387,25.596289852476968,36.67411305173748,66.19183644631029,-1.3026527726827237,67.24477534702513,12,10.11135534985633,11.630154208771323,5.7821309269848795,Medium
S1055,20.21174638552565,25.03580124293848,36.059966406504024,10.087399046292003,16.65052591130087,11.84853361031871,51.38219007755899,84.02366762439547,-0.32597216693313363,87.24138679537498,0,11.56258732729166,11.606950853402566,3.9956417367273724,Low
S1056,25.96653445757669,32.82644071433726,43.04585937339202,8.084277039035957,10.188554590985229,11.082391856728043,32.99811703575948,79.82163209131873,0.595441386340863,83.80511606792578,3,30.0,12.104485277575177,3.03970433548978,Low
S1057,31.306104794875154,21.970954777040305,31.715117685815834,17.82951991442643,10.81116410471502,4.083489275543606,44.24849901577789,77.13068849448322,-0.9377411923633796,67.97332906830357,7,15.15307824424519,7.151087557125862,1.2282579920424626,Low
S1058,32.48105922164884,23.39403012055601,23.34980431244302,11.920472498523345,4.13474546312103,20.43313119705892,30.877796369408294,77.5236388809338,-1.0082481831326444,93.13690835328117,6,4.352155711676085,8.985578644108916,5.208465283124768,Medium
S1059,44.29135986514565,28.15288762737476,26.846328766903003,12.14467204603,17.70677060449838,15.342926237692911,30.601525016964814,67.10655550358463,-1.6749910822824519,77.26297377181359,3,5.53060202373316,12.668192607343379,6.39535255983103,Medium
S1060,23.983663314755354,19.634455146918025,40.106219822293205,9.467054056063269,0.0,13.973309984437828,54.25847910387578,85.51031450255827,-0.5319093972254817,100.0,4,11.257433118316285,16.965501741079954,5.232432613296462,Low
S1061,40.88673379438053,28.719452910665822,20.02714234775026,19.63796925291133,16.952469585432326,20.982203410926267,29.070823415160728,75.89801710653919,-2.025189694352661,76.44681293250734,6,14.360638209324843,14.337590335953092,3.3090587893192116,Medium
S1062,32.948841092351906,20.98819235585637,28.490106083850772,18.55272847758893,18.433329106399,14.487849461281385,45.300467838965254,68.84131050968543,-0.5835119904291196,84.22007760118989,2,6.447394056300281,11.604950943727356,2.5286786855307497,Medium
S1063,37.157001663927275,16.72103604893136,27.500109709062986,15.042911585231458,12.178549283734082,18.670355278905117,35.782057847283866,83.37477961740015,-0.1755696162780237,78.86096215918332,0,8.340862593700454,10.992316201544124,2.9793805868342114,Low
S1064,27.00006455020462,30.72292100367171,25.99618409490799,9.836412684745648,12.018840472877793,15.73333328763372,30.0614670942977,72.93993395709515,-0.06018040262371527,93.5970754385516,3,14.571193571951955,6.987475817431639,3.486577868802494,Low
S1065,39.10906094889186,30.563116295254133,27.07230136743196,23.04780811955851,19.91509219804798,21.06642375169286,25.164451874711368,79.63291125434647,-1.6014996452854648,74.51881635204589,8,12.083806952849411,8.575350882533094,5.933274984268133,Medium
S1066,23.189116873175564,15.695686922244375,32.30442228395778,12.440268893885975,10.187666004271657,2.201893709127143,39.236919162912635,86.45031057918615,-1.4261804997114216,87.8980780516028,0,15.556159292890907,14.578392475485689,1.0154409576875227,Low
S1067,7.684321373430693,19.29059422300107,37.28132918987045,8.181099294483571,11.53652022269779,8.474925059798442,32.20642333600061,86.82901310544226,-0.04086556258748905,100.0,3,16.660714700752337,18.51040030247837,3.95014089454362,Low
S1068,31.512905235297193,37.73445115808843,31.66854306929885,23.412809515613635,17.13601417481912,15.955364147832322,31.441881928286087,51.93541739501944,-0.6976166779744807,57.43806202933518,5,4.682683574512227,1.8394462162747267,6.740625164404217,Medium
S1069,35.33204936532058,20.99602361456718,19.91091869594223,23.67537295238469,4.9379776415605345,12.545993760608397,23.604787028365394,77.87488258511533,-1.7956826419483614,69.27080053864127,8,16.26902745878997,9.678196670021219,5.875092222981212,Medium
S1070,38.59356596365644,28.865494171189955,25.797841554529075,15.635457345430224,21.23288456236089,18.646202677938355,35.7215770173626,68.34331868876515,-1.4677816295353,91.86535718235959,7,2.3062544029808265,0.812790955072348,4.736965895601257,Medium
S1071,27.273760297254647,19.049594087835764,26.432054823215697,12.4002070632114,13.943818463706766,23.952479363484652,25.245870602733927,72.14507592744535,-0.9211844690881364,78.36779208602202,9,12.57803115189839,4.185589477377157,1.397206767497905,Medium
S1072,28.563870645749315,20.37791820187833,31.743268299401915,8.678869559535578,6.858052966606234,14.028152090820756,36.6546734350976,78.80852186300476,-1.0174935591261134,61.99560300532883,4,25.320688234328333,17.882003715919016,5.894327650537782,Low
S1073,37.7296787462165,30.253679021443965,25.779148363244346,11.772101971007803,17.297373447369896,21.112846066378516,25.611887769229853,73.70283662105365,-2.0811488688883952,78.81005196052644,1,10.86730720253694,4.924777491886377,4.1533437189920335,Medium
S1074,31.505622271231097,18.76954381616026,22.108652454668317,16.70801923440207,14.155011371152272,19.359183193154117,42.68369424137757,80.25324216807431,-1.306172508486832,68.12885095680846,4,7.398936324990819,11.695030450512782,5.412212952493032,Medium
S1075,30.81063809720811,19.79722908158556,39.42857026687758,4.293623121753191,7.162062480882384,8.807838314483632,24.473935018819233,83.839024944206,-0.8578662579529658,78.93901411444337,3,15.97674178931808,16.811416320847265,3.615831871546876,Low
S1076,32.69051769193388,26.78182941948161,40.447922185841875,17.842249858118816,6.861635888794991,8.254772982776508,34.41123368689784,86.91770569140974,-1.7212999635683923,99.8431344378874,6,13.78967107312621,10.014906223234739,5.638649261873031,Low
S1077,25.030597717094228,22.11105315245716,35.157548852239444,6.476325946600261,10.622208674919909,3.5656264574549166,41.27392315958538,76.9567738858352,0.11926673595589482,99.91402481474492,3,18.423303098883952,8.437545278572848,2.9643219564248393,Low
S1078,41.58009209852602,28.519214549632984,24.108080962858963,29.742204149653926,18.97714897322345,28.1623945476327,32.499627213887855,51.469301528354066,-1.153779587699976,72.37014637812831,6,9.257061380575141,7.753667490312414,6.930000859053861,High
S1079,27.58701716434002,18.768321737613174,34.36170946144056,0.0,7.167036527335515,12.036156979390178,31.56929319758931,89.92959658615786,-0.17516630593368415,86.34271427559439,1,23.671446258538182,20.479553642831753,2.7447285388207687,Low
S1080,24.00248259563547,19.142931870929978,39.803216066929195,4.8085871741777675,7.708185338271539,11.135270573147785,28.88685916261937,92.93288688789642,0.229809809454038,89.97247200925482,4,16.68022567131028,18.431294792172533,2.9636966906000257,Low
S1081,18.929299620282574,20.209097889777407,16.839250438855167,4.49712864332224,13.074957887214229,7.811895943737586,42.35376385392044,85.96251623690259,-1.2065116299252014,87.41098436804062,1,13.019611743895641,12.138831484429,1.3143302167512148,Low
S1082,32.51788007794634,29.57740998461498,28.12879124872519,19.54413312838433,21.694056503666637,21.4657669133347,34.69261040487573,63.72101809097117,-0.9838604871458767,83.68575096143722,4,10.469148966783031,9.119685705986338,7.096117695778084,Medium
S1083,18.355141169974317,15.340975180611927,29.098079153469136,15.004310967825703,8.908227401531985,17.7892019250727,31.92558563700546,74.62553306806477,-0.618273446581201,85.68770457064021,3,14.743690268150003,18.310329330720613,2.7160376165048703,Low
S1084,19.62400784772013,20.619900321850363,33.20680008220813,0.0,6.500284326041421,12.343752846074642,43.12804448726793,82.29611981620312,-0.1499691013760239,100.0,1,19.298274452776447,7.731264184790865,3.7519954521226953,Low
S1085,27.91374191472977,18.112632238060186,34.851790136043874,17.402079906661513,19.678513934031688,21.781615549750608,32.154470168737795,60.04321548328815,-2.242870967268672,81.05221846762612,7,7.716738870658389,15.17244987072587,6.508439906344746,Medium
S1086,29.018338410861777,14.032048570133714,29.837821717758505,16.30992720068624,15.524030922838255,17.231317982689188,32.53812115976396,79.7756155628684,-0.8555530258599651,92.85709335583519,2,11.052607436814837,10.063869704396149,3.747025245758493,Low
S1087,32.0209710739661,27.024229454884104,26.74792005637017,14.421572649651043,12.980483205059315,14.011855629908052,30.740510997476424,75.19335341420008,-0.4976830568570382,72.52241364628723,4,15.38023614645445,5.803819311717414,2.535657702001537,Low
S1088,32.40926894305953,26.665995063561848,17.907986787997782,18.9158359490608,16.352812224857768,16.061173718832116,29.661664724391663,62.44873432325797,-1.037219511665777,68.52260599882395,3,19.086316414534046,3.3087017723447127,3.3490731698814487,Medium
S1089,25.26817764376157,18.358184724603714,30.08788649155151,12.739492639286453,10.215392218731221,5.790487223499374,32.389367282307035,75.65433181866537,-0.17607376056680957,85.6148482544714,3,12.172521581083245,19.270323293135633,2.744211233349786,Low
S1090,25.78974751417509,16.318992562069994,34.05008670705398,15.122806560547271,11.629141388262047,11.530199570466477,38.64745673745461,79.24946619947758,-0.9636650541399548,78.03752632843586,5,17.759260893729945,11.537555144114519,4.161213667086146,Low
S1091,31.490495166517672,24.13785349368033,26.201715049280473,5.632473422958266,9.094646019806795,10.555249907487696,46.802646637100906,69.29771210581721,-1.9118931346702075,93.37711202243442,5,15.956311469665224,9.42212246309361,3.9074557051962566,Low
S1092,14.555311766617109,14.51595156452816,17.687943287174125,16.858000805452367,7.451099155531207,12.902716195299499,28.091611605574684,72.82475873882584,-0.15616012877308194,89.4291348383486,7,18.284323898004256,12.002775937505968,5.458799467077587,Low
S1093,27.05391749630939,26.842230976690082,43.48705818045819,12.71522897932836,11.225553107581629,13.115302141185518,34.51503819936116,75.85665613494626,-0.30821127530911063,79.33180809180722,10,16.170562043216666,9.959789638334952,1.4145242355750853,Low
S1094,40.07297669241485,27.13342902456548,29.60222127530237,15.475777531481615,20.919694823450747,7.691497388732428,34.07645951726238,70.31431661710123,-0.20346559961402721,80.50688510159445,4,14.208181228398757,8.895253715799928,4.802163981979082,Medium
S1095,36.26530098391367,18.654363645947143,25.463068028938206,18.209820382985672,11.584820523464648,21.153770796542382,37.315716072979875,68.6807009096416,-1.057203849258976,89.44819152286202,7,26.19677216398557,8.637636234215353,5.659340710705884,Medium
S1096,39.43044541483614,26.106774443993608,35.48824330402593,10.39389221428225,13.344185354812545,21.105011450817788,40.69145500883797,82.53774035318247,-0.8395771499526383,82.40284483982691,2,28.36273715781688,10.842418635720387,5.486470405541918,Medium
S1097,13.359269618763474,31.093035509886224,33.73056769911197,1.6106423940568453,3.974292955130333,10.590977110303985,37.63162183764489,92.6457149143886,0.8821827382796031,94.56718938071305,1,16.990272792015798,16.899909745899492,0.0,Low
S1098,21.38565999932139,27.024616347650984,38.4340471757872,10.593396276122098,15.099101615494444,8.007895562803746,33.13871433770107,74.21924504443923,-1.5332577429925474,93.20748424217227,0,11.766104021861098,6.453298636900228,2.961408724778432,Low
S1099,28.86876540738492,15.89868386722377,38.69905247289179,16.212975488685256,12.853754304340706,13.010644765682379,40.94901370526702,72.88450783233161,-0.28152999520221056,98.36892181202924,2,18.186927613698206,18.386253105191585,4.480290172224963,Low
S1100,36.68284584573426,25.727282714750284,21.99505902902166,7.402223788754794,6.316127591785788,13.94856982917063,26.587537116771813,74.19162759469208,-0.105505628533486,92.85580568267062,6,18.733730663449123,8.36253071782947,2.567253854465533,Low
S1101,31.304535102930753,21.529007302039123,27.553537986185695,19.309190712389412,9.173865940863097,22.86736102969797,20.331741949290432,76.00227874803791,-1.2545664385984676,67.20702527081386,4,18.43835348324904,10.58131563674911,3.6227067137147886,Medium
S1102,23.211595615997464,12.263752743093445,42.261471224098024,6.2535879918797495,12.171095976600105,16.736846343852122,53.48208503936057,65.77095732926074,-0.37887882279768825,93.9776327517273,1,6.302875417001502,13.119280837052951,3.8759298884298543,Low
S1103,28.138839507104425,19.56868668837698,25.32918457925149,6.501301321203745,4.0576250464416725,10.681860564379319,32.70012348120222,82.08456762415722,-1.232307627921162,82.80508623785528,6,15.003658210185577,9.810250540128283,3.675055550683045,Low
S1104,21.681139867496533,24.913166825243387,23.71557333592493,14.157898946255383,14.752480361269212,14.596498017569408,33.94019532328824,75.01448602132548,0.018121026621716774,80.25463630771978,4,13.167012848992258,16.67930349720912,4.134464835151542,Low
S1105,29.866840305010996,24.863358800291955,25.741763178724266,13.844209203242672,7.673744344049236,8.929931916550348,40.35954148246792,89.42521447330637,-0.0462006374857743,87.220518547467,4,12.480946704983221,9.500664245389636,2.482229097801365,Low
S1106,12.755722112191387,24.033234908664895,36.6620242985177,6.757110410045171,12.196583332859312,15.084753192398132,39.62830741180463,89.26137910896081,0.1505478412426579,73.59779796963267,3,9.571292972163938,18.712289494738123,1.2548294980667634,Low
S1107,33.050523554819016,25.945211548671793,30.352718537684716,19.020462009862925,14.400780592069871,18.129553771033073,41.07569934144324,63.42983826157729,-0.8579230289750648,81.00622315160639,2,13.794393902505908,14.283510280030207,5.542029259843766,Medium
S1108,24.609009756261415,14.597592041080002,17.63470525754187,14.357562182530655,9.754976448812714,15.300544632769725,41.79200464480263,86.15501184553494,-0.9271195492060705,74.13337364374735,1,18.92220317191935,8.934884554841329,8.922959787863585,Low
S1109,23.54872534648097,19.32471086351401,33.573649961663776,8.662657181197348,5.650464082540946,6.879782411552911,29.030588733010813,63.228492923278566,-0.46628982381772655,76.25237969967404,1,10.999573682583831,8.354482520508462,0.727012571355222,Low
S1110,25.66288806403207,21.766184117633898,32.04642940816471,8.31284680309886,9.033684045093738,5.381838810036315,46.654296737451865,91.53336025636786,0.6573838792649869,97.51376317471839,1,19.28519180677722,18.491668195850565,4.0110413669255225,Low
S1111,37.989620895584125,29.819142727535425,24.874328717225268,25.748078153123167,13.57207640540647,12.53792235270119,36.76291517850467,73.5616997055081,-1.3904226980102323,67.70833431202425,10,14.537514040650182,5.394559321398784,4.893839595505183,Medium
S1112,26.156932357845083,20.868000863969517,26.259776393591146,12.971593708085614,13.897644587423004,8.672807125745061,39.78935853471988,94.80576332493743,0.2452243692277768,86.84495433888631,4,25.242682748006853,12.48449802349399,3.715101244565176,Low
S1113,44.586603862992185,32.43925021840392,25.24470866619554,17.99833314281712,15.884409137114766,26.209902550571236,34.63854842412344,64.18079737095107,-1.6528610804374777,61.522759641285894,5,13.700017257366072,11.469971304523305,5.858687727308147,High
S1114,28.911966546157213,30.492876686287165,30.855041716290955,18.855447306292977,18.938650841882946,22.90635223317345,19.641125219828364,60.30656518677348,-1.821656719719063,62.20629259490981,6,11.215060222715888,11.282175886900644,8.775392704452686,Medium
S1115,33.80017093085227,15.397992843791936,23.481342351998002,15.747554743362178,12.63941330896752,17.883479029383913,33.62922243229128,64.04375600491927,-2.0608699479264176,75.49560499049528,4,15.423731816284263,10.099642771869398,3.352555638105421,Medium
S1116,20.285762535725254,24.1637462651911,22.363295900367895,11.050717702593952,8.073217939023879,15.665415970888818,32.50590234130435,95.75056697188697,-0.05186402976790089,77.32343291840587,1,21.780131452999427,10.725678301284853,1.9451525105734513,Low
S1117,30.21895493144898,18.950373533005298,29.80403551807028,10.461228953916164,6.250626300951184,12.171460874803657,31.08479980478833,95.69657522051638,-0.06624274743654024,85.22401156001158,2,17.902315724953038,16.087174170659743,3.240027404203294,Low
S1118,32.9057327799538,26.114250232846366,33.85548191254946,20.157613581227245,11.104260409237138,12.025330389735773,33.28457542319644,73.1536417476062,-1.3328992798915094,95.69322969544402,2,19.387924606842088,4.445660616272347,4.745264752283125,Low
S1119,29.405197137971605,8.102537308900182,29.000744298634086,8.724019120116584,0.0,8.294100481347419,42.63733048722633,82.0736810477413,0.2753551856897087,76.14265786143837,1,15.559331272667901,14.185895112871554,5.160063511794953,Low
S1120,36.64570848681641,30.039998979327706,20.96342663907059,4.815416668917418,7.809845583324148,12.4816835368414,38.35563993792447,89.1201273549132,-1.3641923339785373,92.93918748848037,3,21.961175702578874,7.119268930507445,4.4212372267028215,Low
S1121,27.238348246393134,10.503230248510203,38.61549074298534,7.143402745363602,3.80631288699649,5.613037300909923,41.98220375284238,93.9032923608101,0.2256902529696826,100.0,1,16.680663640135567,10.976952971303648,2.659565897340439,Low
S1122,34.60035076352483,40.016671106066134,34.25961442255475,15.545465149129074,15.79146323297949,23.352888520596014,31.167020244130658,66.96332916202256,-0.8522554373662388,64.09600261384008,5,9.185207944852682,11.549322668072064,4.414857456823132,Medium
S1123,31.814097462288036,35.05255131992517,28.027831262830233,8.440225423185037,18.683481520211018,18.08777305307922,37.52961198325618,67.37411563282697,-0.4090525295790606,78.70817289917437,3,11.985488942188923,8.218929219312574,5.132756601142248,Medium
S1124,31.043008668863568,14.80607331513163,20.542264780927447,8.616557485575495,7.996666007034019,11.795026323630477,35.59037560183343,72.01600659557938,-1.6284640988709902,71.74085821458841,4,11.289454134869075,17.05693167432447,2.537323534168917,Low
S1125,41.44267883474978,35.69462780010446,20.635933471276356,20.175892496099227,25.604440559918867,23.143973591954065,37.39001934987286,68.560311257964,-1.1275080917813474,50.18614779953572,11,13.806695967400312,11.181973080207714,6.455462882435749,High
S1126,29.78645175595924,14.922408827627727,32.152882197105235,14.567684982130462,6.061946753025445,14.322281844131021,41.669723207230405,78.29915840513824,-0.5732679345606175,86.32042386922274,2,9.132465508461966,10.20657674997432,2.9251516709113004,Low
S1127,29.56323445668289,28.374839085065815,17.712818208160826,15.638875992846923,15.482194481557897,28.272824623094188,32.672971104143684,57.74627722671649,-1.8273675052355969,65.12970278159372,9,7.889754819096016,7.470195105285979,4.669125907195511,High
S1128,31.956212684023242,13.957593067159493,36.96891633359449,8.440897142346467,0.0,0.8723250720086924,34.171362460175594,91.32215620328249,0.20832913017843657,86.38116729973204,1,20.39700966092433,9.768821412199095,4.848445643943626,Low
S1129,21.87296823390172,18.49391361979304,28.614538120929133,15.136182738980848,8.55597281542383,6.694836263057253,41.01080930049466,88.44985894955835,0.35491709005621397,83.44352877693369,1,19.307962653118565,16.39020808154134,0.844081335846975,Low
S1130,27.096207849709188,28.7900115554846,26.028645331908958,16.46738106063086,16.294234543167413,19.749476069275374,35.371302418679406,71.82357183589548,-2.2109993751248624,64.39492566626188,9,12.490207397788028,16.405791733387037,4.450797479444814,Medium
S1131,21.895787724656415,14.163849477691967,29.75121480442541,9.354841627398528,11.844768104581274,13.881537466995393,38.13010212940306,78.357076437635,-1.16207420193642,91.78513914253257,0,16.183911270394837,8.150780589009615,0.9155803926953343,Low
S1132,19.49409197855833,25.312338804539113,32.61069244825785,15.991687865434352,12.827806364726932,15.375809703547814,33.08853072741952,72.87809131988122,-0.21165190795357403,85.9582304462823,5,15.954740040471137,12.508602326547631,3.776202211738898,Low
S1133,28.03489635973755,24.768311776065833,26.822741878032872,17.877583792187473,14.673183011476036,19.49654281261227,30.678319409264976,65.24397953438147,-0.8413912022631107,78.56235767271437,5,8.513425482674107,11.97824829970019,5.347576045813077,Medium
S1134,36.210477714184904,19.43461147760086,23.66801788509414,24.207624781523144,18.321333259124245,19.94327691472119,35.16553445541197,71.98133811755861,-1.262861434679644,64.84041466185322,7,9.480497399834443,4.584898486402115,4.024285611084583,Medium
S1135,33.378007975965026,17.47338661194935,26.70014761050062,8.975103419199701,17.78913766890424,7.884458902860154,32.53205802700731,82.55421688769768,-0.9571899037795559,77.10841056032156,4,15.926356055360225,9.108972534604703,0.432336301720615,Low
S1136,31.967267645279072,31.23325004201079,29.26027725665157,15.739887421142573,10.242251412996936,17.861007751940726,34.523820461138705,78.46579184254546,-0.5736907520083908,89.63985372296023,4,17.52048771310249,4.594226093170618,3.4202414842075664,Low
S1137,30.38750697068533,20.37715677267529,27.904832645328877,15.250966284186044,19.857995638071895,17.380043397496895,39.83192605080504,68.92962214605922,-0.12839024706563806,93.3722170183996,4,20.28776832520147,14.291978279634074,3.609595955552605,Low
S1138,15.902997738469733,7.085132220509104,28.82970625590298,4.920592703033422,9.5459871872762,9.996432831878707,42.0175200977428,93.35573084515117,1.032684837257753,88.27510586947189,1,18.5819447069033,13.056128244029905,1.9629240298980988,Low
S1139,26.89417392864799,27.885614029274972,29.34698587236127,13.357359605604323,14.392743962624891,19.013771658513363,28.649755954988244,77.07339579059219,-1.058421484058155,76.10223432492012,6,18.38357073377931,8.572177415429074,6.5811609947363365,Medium
S1140,29.266091870190134,20.763033346091593,29.38338983810592,15.35578758380181,16.578640122764035,13.553732455584447,36.59085609724101,77.64140750124186,-0.6015153376388354,62.462424342633376,3,14.208099086775405,19.097041541271416,5.102545074121366,Medium
S1141,28.388452184396183,25.607420848323603,25.81809952046308,9.584476937699705,0.7992522226750847,14.459063364540715,47.42365031405032,76.07438113377508,-0.026086829559697322,80.20094679194975,6,13.925677304682273,3.9778210357456434,4.768450413378489,Medium
S1142,29.067319198777113,22.800070386975225,34.09441323837046,12.105289290201553,11.747348240691398,20.005469670160707,39.72357166437786,77.13312423114814,-1.5903472197340867,94.28628404190374,7,18.726080042603474,16.676093854204446,4.659920739737021,Medium
S1143,31.858652537727384,34.399317437732215,28.640621148831077,21.575624384115343,11.850936200489299,19.07499539622317,33.05698738816985,56.90461529480119,-0.15953237344285465,81.36711398843953,8,6.407610294663996,2.1473492329625063,5.133116828083268,Medium
S1144,31.860792896125123,24.988531189086558,19.163165820292548,19.995814274091963,23.210026343524454,18.154111618416714,42.4224939416867,80.1233656683649,-0.9841729877047413,91.0060899734581,5,15.704011113460275,8.579032668639739,4.046459649911162,Medium
S1145,22.05541351021379,13.606681352546083,39.77714317254837,7.009884066382999,7.5310703437860305,9.75501949883974,51.03031436271203,71.85948931314866,-0.39553062345343887,83.21767174622775,2,13.97393715254115,6.473975133185831,1.6790459695121343,Low
S1146,39.80652332663914,27.96076797775328,28.12317308973342,20.24203740393187,18.655305493476874,27.90710177855219,37.52763608859705,71.51284184920337,-1.8013649928446154,53.92906928237102,9,16.010027248747758,5.597921745633022,9.533327573731604,High
S1147,33.182042971879355,20.659412765722415,32.158517134341245,20.688853068680753,15.438789222386687,11.901887251922743,23.709011304712362,68.76178169244054,-1.3622766514013818,83.42787699967785,5,9.628636807092976,8.115117544606424,4.731519614164307,Medium
S1148,19.233926256966726,19.723086432140242,33.075960248329906,12.543032740631169,4.96633842476726,13.522642840784297,40.81617347720042,67.04978584292033,-0.9494471000508269,84.83561594480345,3,14.985920744051928,9.853268289253958,3.474791295601793,Low
S1149,26.679040731967813,29.054658960728066,17.069358184430993,13.405349106505728,7.44424825582879,11.459830402174742,45.489873088769734,80.2009551350053,-0.9970825513904813,77.44413096945172,5,9.052627341034098,13.917989916127944,3.3693277891537234,Low
S1150,26.666912580350324,27.042926252520363,37.20527200598603,12.937098530585263,13.488119095092152,7.370579892116533,24.716076394678044,67.84710205501244,-0.35524735332643975,98.37739461494462,4,18.356173396459287,16.190622263493466,2.3146506378384792,Low
S1151,24.628852695777407,35.22754448281306,27.848532124787926,15.883237577763126,5.492205633149753,23.490315879482477,40.61189706448424,81.32607414645454,-0.44581547787650944,70.10826263354356,2,11.898985088114298,10.53876326556201,4.773085940982766,Medium
S1152,32.592707788822274,29.8356224973276,27.78978607760179,16.77580128645844,17.440844348115778,8.920883667556463,32.56158357344301,64.10519918666577,-1.7678103443090856,61.162936961628475,6,9.850378657777739,11.31780413018789,3.1913896192048368,Medium
S1153,41.98999764499614,30.919208910166976,26.83952338267838,15.423273630910657,15.077417929322603,23.209097659541403,40.29077683516734,55.06403294269056,-1.8679546148533905,69.40546811679751,8,11.014759952873925,15.162460890681011,6.874795664363313,High
S1154,22.06531822446794,16.206589042611824,41.969121925204504,13.966993876090203,15.777924813042702,14.931707334933726,36.47403664211704,84.4401899861474,-0.4916329445959263,72.18990635627439,5,7.931274013273068,9.728817428218123,3.1652453892562002,Low
S1155,17.57695717587253,19.378620964548396,29.449946378494367,7.143273947582356,9.306940886482902,5.433067319891546,40.54421330249602,84.35820521741925,-0.8602785036274575,97.11824147274747,2,14.715781036779923,17.403380256196353,4.449936284977813,Low
S1156,25.128809956658326,19.750776048396876,27.825645218593085,3.8110348778662395,3.7832526767240973,13.051881876087629,39.458664609877246,84.70681741657094,-0.4181932249123961,74.97633659803834,4,15.82703149774823,22.941320293857483,4.126692480084157,Low
S1157,28.630701113302003,23.305968634604536,26.584169011197282,7.230195838548019,7.306967764207461,9.95618637467941,42.078248222338665,81.36636946029127,-0.5761277517921963,88.18625665451478,0,24.675815912435144,20.49142639692012,3.6938521903979313,Low
S1158,42.457515527870456,20.113427165441074,20.536818147075106,19.13386081721683,16.46647197452338,21.74936952379951,37.320273244643225,80.48499707243855,-1.8914431587176823,76.08403315950869,3,14.482149065165505,17.227417564156564,3.490536233833401,Medium
S1159,30.77716135210384,21.24939993381875,24.201321851790574,3.3213301372045576,9.171572643759339,26.639291680757008,31.612423373198645,76.31241652780716,-0.3627835602229079,85.14737137327022,2,18.38864064530273,15.518060808513512,3.6017862222674446,Low
S1160,31.995473948424184,12.389582578042766,19.9466103737913,6.138970137331743,10.31184271001384,13.137150017083272,35.792718739179925,68.1930224248388,-0.8062166082842905,74.18431309284688,3,17.155538773536968,17.501812917229838,4.447664342865746,Low
S1161,29.521569631637956,22.918528154079635,32.887085970077074,11.778998796580575,10.530471627917102,15.269702347948304,36.84528468447004,70.34225487047124,-0.11052226438009372,80.98281830383087,4,30.0,10.57243316940319,3.7324527630363336,Low
S1162,23.104938054139858,23.603173769428828,43.00852861716041,15.847288935459868,13.169257269361157,7.846232013258865,44.769939154829615,84.33877946615362,-0.6201893431490038,95.53987615093376,2,21.35952381391901,12.584762851380018,1.2697233312242222,Low
S1163,28.586606145015878,11.154890151680888,44.11261547370253,13.262344885360331,10.594459647326305,11.547880730504774,40.774732321403704,77.27835477638644,-0.7818993153649281,84.8589850316163,7,7.277158138149897,12.504610347386802,4.54378075982094,Low
S1164,37.242063584718814,22.43732179505751,19.283728958132343,25.142621538007432,17.52964121456854,20.057644763903724,28.986416774517398,75.52894244882755,-1.4302306763761854,57.52079112681588,6,12.6298497215759,6.692196226814424,6.667850028095099,Medium
S1165,26.887389174278994,12.5218758848723,30.365741743081212,9.83290338301601,8.673269342187695,13.517196661033815,32.48094009337657,73.63145775277594,0.22080778364643633,83.43587923069403,3,23.050399908790304,13.985608310895927,0.7494463319989095,Low
S1166,28.64206531862081,24.809646767083887,34.37672441247941,14.861049822432358,10.29665815393826,12.063391399062308,38.579597534818554,79.42466320334981,-0.1488658923924795,63.53808465264805,7,6.3270925627459285,8.622184178739356,4.863215476283352,Medium
S1167,25.49968215046653,10.546539452861785,35.6936098974862,10.907189214745822,13.15009430745457,4.493314581128903,35.884076036230155,82.10117107731853,0.043139304912648835,72.47821712356286,5,19.004314287441506,14.235362079435916,3.8564152457181016,Low
S1168,31.53395150617043,31.601645102763577,28.525198535567746,11.111724872650903,25.587130050482113,21.400190641983812,39.66456816834068,83.46918155654042,-1.2654352243993392,74.17008467717635,6,11.484218204517777,5.593338928339284,3.5279425570492764,Medium
S1169,40.41184373026231,32.5852089030137,21.90625953033945,16.494910994534973,17.54260260972028,23.784841171342855,31.963060640821105,67.08727141794624,-1.5241409081633064,64.99119600378741,8,6.484143645145363,6.704462150167411,3.863564024794347,High
S1170,25.11319627569982,22.426047618532074,38.74667137976398,4.8104906191883074,9.178562631368859,16.169233142730057,46.54521057755662,83.78605248639371,-0.49229362384012215,91.72938003855617,7,24.021340120017957,18.49019553078584,1.4956086908866366,Low
S1171,23.398098151177425,10.882051554241986,25.6912260110297,13.182829466168911,12.504749657911706,11.664998657180611,33.664259254134095,88.61744277319224,-0.45784919263964424,91.08434020726378,4,14.388123593347661,14.248903011272814,2.793493731780881,Low
S1172,30.58837478200602,27.9978271347723,32.98629786232741,8.193614397222547,14.916621726386573,15.22424690061944,45.36661032097459,88.38234168317979,-0.7803886860342184,86.85330591141522,4,12.811260896173813,17.726045846111894,5.028911394228145,Low
S1173,21.592630059794025,21.146515763894286,34.89575163258456,11.90088219746655,8.321861532324105,7.950301888702443,44.45162436167463,84.52125123098816,-0.7725605277750518,88.87449863332765,0,13.75455927364278,11.418292683615407,1.093669266193634,Low
S1174,16.51046251443119,15.151394333658981,32.58788984030861,9.156923667659525,4.3021342058756264,9.144925347866254,35.57605887480035,68.74855535509278,0.131497167865755,100.0,0,12.420818286911832,12.581553703204253,1.271147306086207,Low
S1175,32.82583286869263,25.047706974159894,26.408967996338603,27.16350519586226,28.25352728461864,29.38987108993367,25.851729906475647,68.52640787941809,-1.345264744545535,52.75489983231775,10,6.6136919697375705,8.757101412154318,5.983994239557088,High
S1176,35.54588746777032,26.3184075811638,26.42814099721555,12.277514971048097,18.254076606837508,18.296005898504937,45.71660649069072,67.3567156309764,-1.1583230768307666,69.06502236097491,6,10.000792184853488,9.541629320951094,5.956218759383553,Medium
S1177,22.08265089870342,16.122834916071795,29.201590476966697,5.952929351150123,8.99168840767123,14.534632954740388,32.8567322586236,100.0,0.2838746309230262,100.0,1,11.987688006936025,8.040899320181076,5.49445105497629,Low
S1178,27.341906392637995,25.665287646053798,25.962626486013907,19.605878081356778,13.619619120900445,19.62949945500206,35.44333589253546,62.79610331235928,-0.9834668928042487,66.30086680768291,2,12.189177642812686,12.151451105444643,5.32935390816716,Medium
S1179,27.404247828710734,16.970098414362297,21.32443418610794,8.773418767952851,10.179353229842807,7.328426496850077,39.323511967030306,77.33343097849635,-1.1079431803892419,83.12374499244824,1,4.052656390756281,8.858739035892043,2.3621622169794,Low
S1180,30.675167211798858,27.522811526052948,31.989564395180007,3.9422317954017867,5.766279321349077,10.724169368578988,35.602210679821006,80.3532078045332,-1.0687656906034642,80.40221315667985,8,15.158465729558701,11.392056819549888,3.034366404130397,Low
S1181,26.343447989972088,9.070337667221946,34.904465947346,6.584174955229423,14.329510020586246,13.093590005775187,41.15145425378238,83.71454047849898,0.03286409850597638,90.19326398795376,3,20.637618975363893,3.6487879200425883,5.826555795476407,Low
S1182,36.049681129231395,34.00214658232215,22.170932088326786,12.399480854577728,19.606195610600352,22.70071767035805,28.49032193812917,72.63910138687942,-1.3655746918120633,72.43100958056854,8,10.234751423088628,7.6646298190806155,3.0688326672339348,Medium
S1183,38.288491717355306,29.36099977703363,22.605119670200587,10.21383281201135,14.352411567878741,13.647091274471183,46.913182687538225,69.12236296635126,-1.283706734502181,69.1892132654113,6,16.148205250864827,10.746859984137114,4.633365361936048,Medium
S1184,32.098007186897576,20.593468816254898,27.876457903890383,12.267175602116023,5.245026889623906,13.92119310782413,32.78286724180881,72.77337401781568,-0.09279970349652628,82.6392995415177,0,16.013320073326163,15.429237386743013,5.11151001355294,Low
S1185,25.176663310206624,17.845844223468486,31.94715807892244,9.914466839109938,10.017235212623747,10.325840268574126,37.35326365803811,78.34234047985753,-0.4967359137302174,92.18750468775515,2,29.61987846954221,8.631768633130893,2.6540980995901036,Low
S1186,22.8004725850386,22.99447307725021,34.36090089860186,8.228118252994935,10.47073000631141,11.261980883500934,30.081328679885065,73.35310192116795,0.02247045461548447,87.48068031244777,1,23.318610046324963,10.403569040248335,1.0232026521889643,Low
S1187,33.7877961106934,25.188000277639514,36.89347961975949,23.433972091064668,11.38642098518482,16.280476972904594,41.07703060603145,88.30879620062092,-1.0579876435702589,70.46300006872852,3,9.42825745271563,17.89744985166687,5.3936497841491535,Medium
S1188,24.652303010184113,16.093667254432525,42.070185088879505,12.186712499321228,10.97320210196005,9.466435946250835,50.08575793435017,77.45283664685255,-0.6469092726039843,82.57237242565957,1,24.966183886944975,21.866564706786658,2.7773901283319518,Low
S1189,27.843470184474324,28.04155919509217,34.478279348576436,15.55524601661589,13.711241708607215,17.837738441619138,48.37486718891878,74.78862119097329,-1.0813528643103516,89.85192081048035,3,27.64721501778066,14.119635791585681,4.542601919169579,Low
S1190,29.93921566774728,32.720178919635046,30.28766375330605,6.272136054379715,10.431815009670485,13.909834569471117,43.18172606572248,82.84649622917924,-1.5681946181865898,79.5209792692106,6,14.565433189331868,17.217296462662777,4.681231324357516,Low
S1191,20.080603199990662,16.503966727106523,24.66920485028256,11.597160589083693,8.492478443349135,10.895481808838378,34.59364711619091,78.91351984545867,-1.188491363545785,81.36010160287552,6,18.618648052422785,10.87677975523822,4.366403603416276,Low
S1192,31.874305570812478,26.29804549064685,38.19728670808038,15.36883557254799,12.54114561154441,8.820472265595129,35.42329214870872,69.2147262498709,-0.6032157021306843,82.0910195511228,10,19.56006848971106,13.943642605610448,4.73756011861813,Medium
S1193,26.074907619856887,12.520712326399359,31.299643429065828,6.2917627987438065,3.7747334746772854,11.414068873187581,36.58623746630661,83.64410841771306,0.3076180204428615,78.19577629734195,1,12.631226944346388,16.231198223576815,3.753645961404622,Low
S1194,21.521672256641452,20.684903984643075,34.305715623607426,15.002224696468417,8.90008593564879,6.407757755184882,31.13274308952917,79.57204951905585,-0.6228836816680974,88.9824858549311,1,8.923047452141315,9.962919384110343,4.817772277792892,Low
S1195,31.83181414202206,20.956434498884548,31.37860791319466,15.052157533057903,16.096545784802775,14.749879611624586,33.30344464745932,70.73149681376688,-1.6722256686188772,87.34789002663179,3,14.889435954621023,11.84708941973617,3.286692913071387,Medium
S1196,20.390225939432405,25.815943558909225,31.80092342647325,4.844807213398804,13.956768418097335,6.950593319578942,43.073467743511365,84.79751858329998,0.09309843769727688,84.97292754148879,1,13.033827237056581,11.915352465690919,2.7910597478889234,Low
S1197,26.485030134364337,24.688681429522482,34.26462524319639,11.199768956332377,15.360145016291646,16.287867236816172,29.70345665681061,63.8752642207761,-0.4352138069124776,76.37756805064404,3,12.795348921083708,12.395635373102252,5.737950967609052,Medium
S1198,30.22533520837159,22.56940120088445,32.22959577346973,21.46637720776677,13.168578134216602,22.460884300534822,22.645574486553183,85.80376182289721,-0.37222140735683,81.90335104215471,5,20.722009673275956,9.924852987863456,3.7250320469512523,Low
S1199,28.68169232261376,33.01918140831938,33.53412669205447,13.183114011953894,12.805214358915894,18.258122953176088,27.550177123386977,73.32018345643392,-1.7118264841442379,83.76354313193971,4,16.906838033871065,5.235094763433965,2.5703689087771124,Medium
S1200,18.274249460020897,17.061687618758988,33.38904669509741,2.4125864415183322,6.657617741438042,9.722819804338833,42.04595639211349,75.31036742548767,-0.3151104568775113,85.15639501952606,4,19.35466367854235,12.778342401914932,3.9309508202545667,Low
S1201,19.787176643245072,22.70106548166178,31.56496114333824,6.879476588867821,7.12944117632361,8.879326392262264,27.552349371156353,79.99043377184431,-0.15189601774745448,100.0,1,16.7907634916543,16.61170939801102,2.332091794597376,Low
S1202,35.20728889830896,27.864080284396948,23.42160304877141,13.724869519880121,25.14049599204385,17.87956324341151,29.15237321735227,71.28474522883626,-1.1528468015989013,64.78751569846145,4,7.159184978429629,11.910501269313219,9.188364953669039,Medium
S1203,44.76385852290612,37.69425254661362,22.091983509507546,25.382008021281123,22.577812091670033,19.861593614335398,29.34188599427995,67.29993189950578,-1.5957819701355431,58.08844811138419,3,6.428441592403439,1.2100837380643386,7.668127919190223,Medium
S1204,39.041276335391494,38.45034226699094,16.40686132229381,11.697156706314743,19.694497231132875,16.810154647919624,34.2897234745973,66.5157839344526,-1.8267440192756477,78.06244460127725,9,20.008743836877045,9.92311472405761,7.368567468255086,Medium
S1205,26.618995799250005,22.467069442654378,22.408879160076395,8.172785070681957,5.641961730039305,16.741094307877457,37.01682633036088,69.8284319627233,-1.0804313616772783,75.75130003431185,6,26.01169226084373,14.241634307807217,4.257929539671488,Medium
S1206,26.274076171134503,11.399872557986003,33.91554179734791,12.386278798836733,12.884545368087812,15.89420460955513,38.71614806663592,81.6478817147239,-0.1485059872256118,75.4625392953221,5,20.971913568689324,12.60000047988623,4.30836430236116,Low
S1207,28.79600409647636,13.347780301994238,26.102423140640084,11.22598628081795,1.2908886219064533,8.277706053391716,38.21369266039532,86.98346101383171,0.01092458940086452,81.91565110282514,2,17.52269102696713,17.74323959953753,1.933540433922507,Low
S1208,35.52890526077489,35.84189608794088,26.065624406874797,13.40097819391479,7.777368643829368,17.025948677627504,29.99346601988814,88.7776019106777,-1.5218999284836785,81.47264391173427,6,9.228572887908715,5.886288950082673,2.9125591256256413,Medium
S1209,19.93136964013874,16.45676645808981,25.386375515171267,4.386755672842115,4.390193246254148,7.794258805060657,43.19974382894915,81.96929984454104,0.4114999361612384,82.50564259806572,1,30.0,8.653053237334586,1.7367037564007413,Low
S1210,29.02652356348103,26.42222116426982,30.32834975255745,8.297367375060892,4.219070030906373,4.230719615929164,28.13409903493828,98.97809013516049,0.321062090206156,83.64693417831324,0,20.7254432409864,16.330562795181045,5.846682631692967,Low
S1211,30.373975623795356,20.5902657821893,27.6021123757508,11.750505876930989,16.09308411939762,10.865398008701616,40.37669527955978,76.4706801244677,-0.030920241870066256,73.23010356138926,8,16.9862635640905,10.158219955894474,4.750719191077584,Medium
S1212,44.87503118267617,28.546581662446116,20.036413618364175,26.232387134780403,20.93778910243635,19.57603200025276,38.513766946289785,52.477476957474174,-1.1030016522354482,58.69027944172316,8,6.990704971072206,13.011283310702701,4.191357682021245,High
S1213,22.23109843002002,21.334048449026064,24.60123051348303,10.85726256967423,3.42171439570983,10.116620444628822,52.80142344213896,100.0,-0.7080099621891152,96.78549664739853,2,21.97790062948986,15.251958848103936,4.051757520766177,Low
S1214,34.26604392250962,24.96622331838455,28.88467822864197,9.520880493116339,8.67960203560121,21.391263575482302,32.14008811570964,66.75267472731525,-0.5019493584688247,85.52925030540737,2,14.95937504224741,8.750604099063954,7.602156591576873,Low
S1215,20.180101335303597,24.0434344210116,25.659700395511063,12.901654756014583,11.297564844774818,7.071723705478125,34.24757115875313,65.81672123635188,-0.1765092509081581,84.27855120760871,5,11.853142584235272,9.303855175044488,0.892160135613139,Low
S1216,30.998083500606164,24.84482131882876,23.815455347135146,15.905170982807617,16.62947021634451,15.434512131287084,35.409833532091135,56.216643502500375,-1.6541788557132384,79.84617653268361,4,12.414925516719112,3.5648483470926484,5.355494608052,Medium
S1217,38.86258419507086,30.39602873453302,31.774949736454804,20.69146611134135,14.736338192769134,18.058224585970745,34.760301565697006,94.02505765556674,-1.6086160073387008,73.70081856662483,4,15.880423988967868,13.660218818477153,2.872048448142377,Medium
S1218,14.715463771491532,25.150304081502117,36.72525527125744,13.291528836776578,5.21856158868895,10.761051884948385,42.33633728849583,97.64201720507383,-0.16258124417578967,85.96692568007502,3,24.460899842242696,12.395948686003154,5.0689666748825,Low
S1219,26.2524136662159,25.931316864462048,23.24454257355972,12.374159448981123,8.017454604374391,13.03659500637813,40.54169642960528,82.0762846917819,-0.10727350682724351,79.29212502743091,4,9.014378565813598,16.59085601518051,0.08738635496274672,Low
S1220,32.11597658772722,23.149171273178826,35.96177047021298,21.57880446435838,24.664235852064436,16.09209968729339,32.25522368032003,73.75594473014411,0.05741285966454157,67.2044350129075,6,7.045775227940861,11.524190746747086,4.935034099180118,Medium
S1221,28.78059600910512,24.45397789900367,28.725106625854295,9.347450611339518,4.01375256412753,7.993077028903764,37.268571583067825,84.50716618322383,-0.5587764880671724,87.63911676988633,3,15.29558785486864,13.743705796863532,3.737073691808708,Low
S1222,28.372359968562968,14.811553520870724,29.580263601303784,4.325832409450204,8.676142283676567,7.930696203392656,44.39080759130816,71.60284071857912,-1.0832960898233264,91.39225358434507,1,13.869150825701361,17.294323302014735,0.5276354564577472,Low
S1223,34.607409795778985,22.979286409447788,23.076476856408817,14.568151514171753,21.371645284791942,16.947517536687386,28.020428260520337,86.33223339448618,-0.9520455449890278,85.55986149551259,3,14.753673513535304,11.102423162980404,4.857293935314313,Low
S1224,30.62939037168603,21.651376095643347,29.68083898709934,11.11785406724565,10.691623222164006,19.423430561234234,34.82805147696301,87.428734673486,-0.33222118022167424,83.91557434630013,2,13.017302886264297,10.654739234854855,3.1876366175689643,Low
S1225,30.319467959721475,18.102796620656882,40.81931436874681,15.510102371994542,19.61919999531129,16.409189297654578,39.28168172820765,65.9879522189313,-0.9913809774820436,74.87779422185011,6,15.767375983117716,11.762224037914804,6.608047014991307,Medium
S1226,33.46113282456668,18.462160693774308,16.657231927102966,17.387524885485693,13.175035387962492,18.34509621678792,27.530113200564962,71.36090444594917,-1.1631019786961345,60.47991925007924,4,13.553530299834392,13.511094330699887,2.8992731294963288,Medium
S1227,35.26342353198091,32.48946855200981,14.130546164855897,17.98259582916833,7.334183381259987,21.831108865848066,13.068808952177527,69.5137015867594,-1.4581337181926137,79.3190299296614,6,6.408003687945095,6.684337123204266,6.205457242152093,Medium
S1228,36.68134961589392,18.995212662557382,30.98121787370271,7.690001442791042,9.438702445151014,18.257510000632735,44.926228533824165,75.17442250424592,-0.15409845952901724,82.64044805812257,2,14.452035923717789,15.696294552210016,3.726658772306777,Low
S1229,24.589869357178976,20.645246055977886,33.17057652841178,14.027090820275845,8.263730205477586,12.479951471459266,36.38018844875758,72.32781790345098,-0.327086676708803,88.76589303583592,5,11.8101368638599,12.45586752698129,5.688943464821598,Low
S1230,22.918465538374743,15.289514430702845,32.35870951049424,3.8022071837792515,1.8680757284115739,9.753596172999561,30.48304925524006,82.20099298279428,-0.8043471022905619,90.78390570540121,3,23.32502577604366,11.886460111164205,4.960716662579584,Low
S1231,22.513615792456264,16.029659840720747,36.84009745932381,11.15997325037364,5.411843395587738,6.835813711446955,44.36604955776503,81.73760141138057,-0.49225604184966104,100.0,0,15.213951013940553,14.80781853582144,2.2008061673677846,Low
S1232,34.55669863806934,20.112113491710975,22.481212894405168,16.49464570002895,15.841450093205319,17.68940423478351,34.929336961345385,85.14108102246081,-1.1039087882833643,77.98570490722852,3,12.939850466631672,16.648927760225583,3.8433802842727434,Low
S1233,34.24311872805558,31.896704971447754,21.454817148048743,16.8931021546628,12.074676307632469,17.84817646937741,28.54046785643464,71.40161977675925,-1.9799393393241536,74.3286948913152,4,9.160512229291351,15.475358527967005,5.988434677879534,Medium
S1234,41.02367033377476,24.93248794185522,26.079991081406096,19.12535631824917,15.092495188103243,14.551433828851891,35.77586810378413,61.91087515202016,-1.6694925195469896,75.55374848500131,2,12.119662584372275,11.414327093684522,6.004193228441265,Medium
S1235,42.1339322743765,37.14347659629184,35.37038677125785,17.67608157503512,22.695669884171057,22.552411763757735,33.52396616452369,66.0495603734183,-2.243502097962982,74.76271471092936,10,11.096850416391367,12.075649821947946,5.216715923662757,Medium
S1236,39.966591651987805,34.301483014295826,28.160239446807566,16.19221133178882,14.25152942458303,26.924179753694734,29.518304104520432,65.06063830151238,-0.8937227909136267,70.40651560652014,2,19.245968429989247,9.730885094405723,4.1511962212534845,Medium
S1237,27.126927059188038,22.585281156140248,31.17508685325599,14.897599291895132,16.43747495663233,23.2276761507256,30.40356536502997,71.10726693099458,-0.48931404553350033,62.35621337182416,12,13.873903969362901,8.677852013985754,5.0373646936514875,Medium
S1238,34.49505450994445,21.550726134349592,24.844190056319974,17.88240764680538,2.6267695225362964,9.530406371617921,31.3673285542675,86.75129115207785,-0.6445614326231698,70.95293923276645,1,23.75582087455302,14.798961498780965,1.5712785130810087,Low
S1239,34.58380577507827,23.614253583677474,33.02128904522267,11.934797602843895,6.551201626963283,9.832835392492013,41.404551845035435,77.25620933809594,-0.49940426400079374,79.8773612494435,4,24.080848185158843,10.797754409995639,4.476744104769122,Low
S1240,33.69355437241649,29.908719314715803,19.881592035246335,10.317686879725567,13.776890705538495,25.362223928712726,27.15951948576794,66.70516980998563,-0.5345684991965748,73.77315381260034,5,11.810960720815661,6.613670093021483,6.341042781865328,Medium
S1241,23.80498889273997,28.27340712273334,39.17824008466661,6.737636219169635,17.55044411551596,21.694994178314992,30.929424475062852,64.11969814538824,-0.4652161880334095,62.913975657983684,11,13.98230330399052,9.88222800177691,2.90345593003305,Medium
S1242,26.604228600774587,27.458538794680788,20.284404509731935,10.773078106156266,11.722677891223093,20.547123868508333,34.84423801213884,69.76183353064094,-0.15018824653951857,71.71077527763438,6,10.21582450392381,3.821528995018782,4.255474263287775,Medium
S1243,30.744013534248243,17.805832822974203,24.537655048122012,11.067562000109914,8.12191417624871,7.486973712812554,44.96432556330564,86.70141693437373,-0.6280886017494972,85.05360030885429,3,9.314679041866377,7.014739184949543,2.948555391070128,Low
S1244,26.340670307362323,26.083979636981105,20.251892630802566,17.942734351878382,13.180994163339555,12.242209474903275,36.85763091194603,75.22033227615427,-0.06163613470294926,78.76732619793745,3,27.064973592014127,19.96461779179276,5.550714798292813,Low
S1245,20.33286540945076,20.952516983714506,30.163611271586777,8.041113715527349,13.153089953463706,9.474319004480384,39.961515051170636,73.49927228177599,-0.6659449016074158,83.09091470091808,4,12.87637858024376,16.649832235447324,3.8658238807973206,Low
S1246,19.644542345073386,7.0870717134413646,30.737927382045612,16.720082611892686,6.287395107039939,19.88583151089976,37.59670566169249,73.38419403025034,-0.6630588964280523,87.63634716864024,3,11.871597594208938,11.626172268437807,2.9592215981740333,Low
S1247,36.28292310525191,31.85766116281929,32.8997449039191,20.62406234446786,16.32805894933644,16.294575954538193,37.985486818831525,50.123354031317824,-1.1512848453433904,52.377317433072356,7,5.752144419828531,11.126052419969247,6.697866922054817,Medium
S1248,27.913778124410932,16.880753948091126,35.49501135861696,12.485078877398106,14.34281709526028,19.32102900986342,48.84972422020301,89.69683525134005,-0.2790538138418668,89.11804615854444,4,13.54231522112596,8.97738693816774,2.666700804832769,Low
S1249,38.83457501030116,22.15286741990918,23.17179386733649,16.26896615771239,8.780290674370441,15.96718927529102,32.6512426455901,77.34920034448345,-1.2484416433770211,70.24211443446981,4,12.815056334949196,13.868439929988483,4.055547089404752,Medium
S1250,28.469407789735413,19.86874881348442,36.61139086770298,12.201304321218473,10.720685777149178,6.531710044340336,37.664923340846556,87.689416837554,-0.8958798714027972,83.41786379127275,5,23.31005813833588,14.109423767935631,1.5372343858746897,Low
S1251,36.404698555115104,21.881141749128034,16.551873241572146,18.003915013889113,16.114305313727186,26.061508402723664,33.71647967381811,66.37214679735452,-1.4275499073060345,60.41251127207771,7,20.2740292832153,6.320451701384544,6.920315076492347,Medium
S1252,26.27933456923768,19.19887681026588,28.062129698491933,0.0,13.763628150401324,12.372012991167207,41.42702568175236,77.42571773357619,-1.295402312702558,96.58375247978665,2,7.4905600848624765,12.305428864283394,1.2379830116525863,Low
S1253,26.793421054680667,17.688929280018556,32.506407416392896,6.9190384115273424,11.166898877120348,5.634822494177058,38.65825660862686,79.98843786967517,-0.5810118394948857,77.07571049584492,3,25.374625075155592,11.720271657270143,5.217529441055873,Low
S1254,38.41260617215408,22.385804179505037,19.379753647099786,13.220387366794792,19.116965275276222,18.848122285179514,30.851601283334695,65.39485174068973,-1.6683596713708138,82.50695392781066,9,21.324973669872684,13.691252286550792,5.301454930743886,Medium
S1255,31.182554564620627,24.33702123112295,34.558594022924886,15.348062040849067,11.044894674676922,21.518666881424483,35.404518789548476,70.72994744875005,-1.1987543414700714,95.9229975450722,7,11.436916381010029,11.032179878711972,4.0413792633997065,Medium
S1256,32.68607372624709,12.553086888785218,44.172826026376214,11.88102364691058,13.701721803328688,10.964860683466133,51.588000066713924,76.20704992051914,-0.9897731223247748,70.58290345509677,6,11.842792858222033,6.285811024575762,3.481369855014238,Low
S1257,37.23866764005919,25.871260803089427,25.363022271771122,14.403608418796507,17.637722261804658,24.261353507739575,36.63673917717514,80.47523884995607,-0.6653582074279343,69.3253192617572,6,16.313574129469053,9.007157252930346,7.188209579062979,Medium
S1258,29.40907073268622,24.54945113911149,25.69253605915676,19.21855649187504,13.554766411027277,10.93697082828556,24.937149100169812,93.57992088894338,-0.49630584313413356,85.50666865854342,5,12.491396335369544,8.991953170874542,1.7798763557720454,Low
S1259,26.598906045108958,22.282265559238642,29.905445640092637,8.193107810644207,9.049982965070804,5.843518974115725,34.752624993062035,72.94876828190294,-0.5491259637600568,75.54035674143677,0,24.036045365416406,6.785738949069776,1.5309255110494724,Low
S1260,32.31964158833196,25.121140392447078,27.023226512900067,2.273786005148306,11.209468799433632,12.975254158564292,36.9920111009721,77.83706322266322,-0.8093601226174221,80.47156263531664,4,18.74825454616051,9.484553348351248,4.983265628630281,Low
S1261,33.205403418010135,34.244981919596846,26.506717624036103,18.89604670045941,9.665559866691522,14.917471208808614,32.44744334920279,68.2523715617454,-0.82447282944461,69.57057808168055,7,8.177178020174864,0.9987011701583839,3.972528003140823,Medium
S1262,26.238129359440563,25.610216168947282,18.802857012688523,20.773734692501815,21.95127779576498,18.618199444142675,34.080892384988026,62.876705925030635,-0.6513711816558878,67.26352227299407,4,14.851528592007899,6.870092702293869,3.6454383121299956,Medium
S1263,24.674933329002428,30.266386052482673,29.569184419154805,15.93778214034902,11.394534391969263,16.788625058829584,36.82303277610468,73.29150501756276,-1.034484525591368,76.07758785002167,2,14.477939073372802,11.868759880660834,3.782669753055644,Medium
S1264,26.02902351996886,22.583290888078018,40.465001894169106,11.582162739776948,10.868442126255095,11.773882224689487,39.04731105869197,78.7978462850799,-0.12349829880739238,86.57245676275559,5,5.59313702659569,13.611433445454738,5.690387121939666,Low
S1265,31.567212757309115,18.117856642991907,18.025773922502975,12.57695103129834,5.682450779986863,20.791407031165555,38.24543793104141,77.79937792539758,-0.7562876748863333,81.14315709615407,2,11.09568523288761,14.367738473412416,4.868109618880329,Low
S1266,24.496692834019257,18.32479659366946,24.02170315611699,17.64417594289288,12.451274182285957,11.801501969074014,43.059472428193565,85.76126737745776,-0.42650370644652674,76.11366532046566,4,13.538002186266528,16.71399589689578,3.1103672202598105,Low
S1267,36.758186655626886,28.9233732626149,22.888291951734033,14.087973201413867,18.44647695757508,23.30479523014064,24.733659586189372,67.972780491146,-1.5459578414291055,79.14212240179916,3,14.34435077867297,14.71505104987743,5.747895075272183,Medium
S1268,21.089848736978,23.27895251396826,36.11155946802543,7.976556009923686,6.385691772773933,12.85324092933017,37.05752506918814,62.0804997982506,-0.48191144370192873,100.0,1,21.120054610406616,9.760639665435113,3.277761653319951,Low
S1269,20.135074835560808,17.06480360645346,38.79917557530191,9.737260437026995,0.0,15.307283186959037,41.576858948670264,78.7153653886081,-0.519257195596623,93.83365892552618,1,24.79823626313656,8.670356546859637,1.0105844533512185,Low
S1270,27.728370951564095,21.916267101279935,32.1461933605331,16.30010022195828,11.409874337248317,12.475331934365126,36.394702388268996,83.4612930073342,-0.6846592176049886,66.57655827922524,4,10.305865334657714,11.056531925420167,3.1693891032810533,Low
S1271,26.720974409186937,27.965662263114194,20.54151754267081,9.75289379203124,12.01001662128834,5.2889077435442955,33.214022558526466,84.10962294363401,-0.3863264543401039,76.48945783248101,4,9.142951099789872,14.888680422582564,0.38104903171028415,Low
S1272,35.69537330582073,21.082871031039133,21.011209849592902,16.55165012200517,17.936944658613754,27.47873180881167,30.18015474893408,43.99098876342516,-1.8520647161128643,49.53861733875893,5,7.810710264061633,6.355880490353231,7.5501361342155935,Medium
S1273,36.28755611468591,23.043357876639817,21.063559952025408,15.238606900254307,15.056640434683437,20.841807059578482,29.25997399250975,58.00479517715989,-0.8547139546899685,67.50421060002628,4,9.642074176780717,11.506824133534785,3.8397132722007132,Medium
S1274,30.84539864789213,26.989450381401774,28.96466032620093,14.653657791957498,10.07718499294099,14.78332539449898,42.0972347262263,82.60488699185748,0.14392267908102663,88.47357857535087,3,11.475732632730107,19.27992569445479,3.9017654748606505,Low
S1275,33.35781845058123,35.30713051698644,26.503547301328954,18.369933731734022,9.012879262152344,18.08913844475278,23.149958330703555,65.3097860916362,-1.4775224451515587,66.57856489183432,3,13.007108819666426,5.065075993505728,5.677073484762183,Medium
S1276,27.91358365956522,29.75862862899485,17.518220588256874,25.73409664328705,19.975182153101212,18.348157011289036,26.133188161212452,46.760422894294834,-1.5941515120793133,62.64209441697337,8,16.07797475619315,10.08155992493955,3.6319035411181604,Medium
S1277,41.48357379876472,29.15397895951782,22.684267992961438,11.757383112753407,10.85360253551115,23.639660229497256,36.0595833202325,75.8921774922949,-1.2864206759400736,77.37399299515455,5,10.198014177485604,13.99318803668581,3.954741359788827,Medium
S1278,27.520778833857047,19.90247457228436,33.71551095614593,18.388427182656134,9.904123132596714,7.217400243255338,40.08065092697743,84.66656625859545,0.05343733767774239,91.49663666254456,2,18.69139916992261,11.666169333767858,2.2078175571979566,Low
S1279,22.921393013456672,19.758899441436053,29.71610725407038,6.200638333491746,2.677125211314305,10.129723842001491,29.484201405342482,79.83304909397172,-0.4210105033387115,86.67386338556992,4,23.639135744914128,15.844042762634825,0.0,Low
S1280,28.51551696565656,16.05727166433508,33.49077500569908,5.048085223728561,9.344148683555465,10.576740887943084,43.553421848083126,99.24194679454473,0.8798821353795498,98.25472512072356,0,19.70101753689344,18.47628177189825,2.004899791876697,Low
S1281,40.11617204282342,23.687392357802224,35.83630207157764,20.894981668512276,18.542153629556516,22.67906246315463,34.853003239397054,61.86362863119821,-1.7745342319520558,63.13788522675069,5,6.836782533783602,8.809189156091305,8.62075221811562,Medium
S1282,31.641503257180187,20.98243696862479,41.29462272325713,15.937039451117126,10.345856064386739,13.994583848664304,39.33027392438672,71.84380124915776,-0.6587162978760124,77.20413123496402,4,14.08820770055969,7.74436652161168,3.087691472999735,Low
S1283,24.94314142302128,14.626506304497347,19.0590312283226,13.59020842356038,11.332099292619262,10.349461164759738,38.452850634915464,79.17789824520517,-1.2470036635564625,72.51164496169808,3,22.723843748639055,13.011081329006968,2.2377469849317255,Low
S1284,30.61780275161087,23.608902468529443,29.277767134521895,19.039933552309115,6.719784726797317,20.537679918576146,38.28241615116791,59.88977669289004,-1.3221559148940383,80.79916837533156,1,18.026821322721588,7.204913829033838,3.5804876006822974,Medium
S1285,31.44495838033687,24.004706078595053,46.3555650922154,13.036184732246127,12.057966058569445,17.3427403424735,38.66241415400851,78.95952188936894,-0.9262513352874436,77.78567433512988,5,9.746108460704686,9.520161298221637,4.516291341075554,Medium
S1286,32.5261708543525,31.565225773294294,31.57809887195385,18.943833303191653,8.334525082755565,22.253364774191876,38.63480760101712,79.47254854472807,-0.7042339173658902,72.83796184315662,6,20.851263377146076,13.410468655291488,5.4204963434258575,Medium
S1287,36.253565765035624,18.17025996043885,30.493006162013966,8.640620844405166,14.641774214207237,5.802183340625299,38.38577146851284,75.55659908011164,0.004641429747641923,81.94926855350134,2,14.652626026997401,13.261637751631872,2.287585189069609,Low
S1288,45.714920364282605,24.774988186357405,34.86697510041676,14.457684057487207,16.10814280486074,21.37362189181586,34.14719296940943,76.96200105810284,-1.4175518512218044,71.92184841994916,3,8.229056967490838,14.719751901423841,5.363579963179961,Medium
S1289,25.931277969478817,24.87988576153488,33.62057247329336,7.855918878037499,10.825353309821544,6.697302135441756,37.73015855378086,70.99902870440832,-0.1480759597745408,81.21407322172578,0,17.690075279744434,14.494448755051636,2.767374131354943,Low
S1290,17.369555121810937,30.534195137912732,34.373261583850564,9.402229934037146,8.644904810251267,12.867979352888973,38.12662302866472,84.09833383395903,-1.3204283797740368,85.17090939248905,3,8.47000584021129,9.277760704319073,4.075505603111976,Low
S1291,20.892795194086297,21.89476893542924,30.347262493720805,9.760639345819419,12.048336840379365,16.477361398734928,42.69187768527446,84.6910607031598,0.05280534219592958,83.57397844019647,2,20.538373253491233,9.204666894288938,3.807240825157929,Low
S1292,42.22905374292159,24.269439609609194,28.318120562351847,19.122954354479855,10.015608685803072,13.581572573813217,46.51981827647053,66.03430008626624,-0.3985343958753007,72.85124693101218,7,19.400869306673574,13.29628806602019,3.172109691343474,Medium
S1293,29.49388033821336,17.35540542119293,34.019413822092424,12.325877667354293,5.35434114720311,19.654995866627488,40.810562951043416,85.05205966262557,0.04671304544295857,73.87372156042497,2,12.161308021572374,14.072673594311532,2.391008470070914,Low
S1294,25.506201289492054,8.485441008312232,38.16777128208366,5.248037749780568,6.730071756914054,13.393495502007706,40.9140579620328,78.22094430131624,0.247954706938392,88.59350919936394,3,17.53783411047416,13.151275060866338,3.3687349595258,Low
S1295,30.587682791307266,19.498656383186344,25.55655249846484,11.355415018239075,9.484855367564368,18.368099436275447,42.72382994278391,82.85026594277004,-0.9594415665314355,75.29036450760893,4,18.875573320504856,12.70026554251169,4.074097546982665,Medium
S1296,25.206790731393763,24.429332939536987,25.55546485674052,10.50013283906188,15.867788292468205,12.085525441871429,37.91799786723617,78.60375207556773,-0.7537960198546656,70.55204571355085,7,7.992803858378423,8.614355111493715,5.418737967698376,Low
S1297,31.78813361931496,16.81441854639835,21.395594527442967,8.07451516574117,5.553588050204176,8.272377204973745,32.27846735895565,88.15028269235846,-0.3204247875942312,93.81365420309442,1,12.261467734471202,4.130253574302385,2.3462458049621535,Low
S1298,30.963294906139083,30.180516800782762,23.629485966795336,10.740103100637947,11.534491519429864,17.83631223095931,29.56827737402888,65.18993801666366,-1.2291020297658926,54.01057796532507,5,11.57679790591304,14.345702943891823,6.531586114031343,Medium
S1299,33.98651238118019,22.295948704645202,34.51424021149327,9.7095610433825,7.604038754522808,10.16990879857935,46.83753673184363,81.72552001507304,-1.1990278130539025,74.59848770530448,6,13.642275125651908,14.286922203817667,1.1241029035547347,Low
S1300,20.851873877079154,17.254019697493852,33.36611710049088,9.049021889979482,13.085448867393023,16.84779938846184,32.777246502990884,89.33214846697096,-0.4475963331466031,85.71102305741441,2,16.713436333437482,12.298408169080625,3.9560934942637815,Low
S1301,20.318845275134233,17.82319225614711,28.182135366000033,10.337954790869906,0.0,5.610656752641242,42.86264846817152,100.0,0.09725307277776161,100.0,2,18.804738559690353,10.958804394001628,0.344632498997661,Low
S1302,38.438631114660836,38.30540259728413,15.492517871817192,15.25039528523341,10.657013281988327,17.154792332384496,28.678225121597297,66.7743197885703,-0.585258802642814,62.51646378017802,2,6.883562377841677,9.83428687014816,6.376828818894769,Medium
S1303,29.642371225123348,22.125927832983216,27.61097033700022,17.736109607829285,18.45302543881803,15.083791899680843,43.34942562337884,81.30111749704096,-0.675208409219492,78.2836723622155,6,6.697329001391516,4.596252709343817,3.9541285036700033,Low
S1304,29.937874233127737,25.11853649469318,33.474592949889136,15.174398060730194,12.104235676462228,15.509804363280653,32.526930744759305,84.67135087075938,-0.5018702256701344,80.5350245680686,5,7.7549463724827685,11.688380461944174,3.8452689387802987,Low
S1305,32.638739067739,29.30307408685988,24.575275373543743,13.171249517518184,16.927414334927377,19.197125958632284,35.46245412957148,70.43586668244818,-1.3789819730166821,75.36989105956793,6,16.47340619427466,3.2290920265329426,3.2777849351427824,Medium
S1306,15.539453703516678,13.917482574706723,24.998784075710418,5.043006934806512,8.30801436286582,5.462440076540849,37.742767047412045,98.13617402031959,0.5341615084668114,81.59010219624773,3,23.69002620723056,14.716227501077604,3.439436045613043,Low
S1307,20.20854844740584,27.627214069285646,26.765387176590764,6.599193911795391,9.873586538082746,16.96304340295547,39.897486600717315,80.30992120926825,-0.746969197968578,78.6037664289536,2,15.79700617091881,9.673093376961026,4.4180711506821115,Low
S1308,39.13211265072307,19.5535436342131,27.62039504114252,27.061471892591456,9.568227439289343,17.30983176431808,34.80489820847855,60.065467417423925,-2.2692514332038307,50.56932292047003,8,16.083423617815615,9.430109689677979,4.689892466896524,Medium
S1309,21.62908702884778,15.95347423920633,40.210541724992076,12.434159531599185,2.389418038096558,9.177214425665387,43.963730161693064,79.08408648801866,-0.49395598443026095,89.04670882755795,2,15.163840894392484,9.246400885387223,3.746178597048648,Low
S1310,32.78879095522936,20.848989234314896,27.906009539860424,14.819996023687791,6.2937056903207145,8.91922866821819,40.229054472188366,65.49377049668068,-0.45216919856363313,68.86267065975316,5,13.721277404131655,18.070676212583773,4.182207004824394,Low
S1311,29.16673394109539,18.61644381054152,39.183863162105375,2.6474163498414134,9.502792489047371,13.433376510879825,40.26066146726231,84.6826127991571,-0.24496334027049532,92.92397735913929,3,22.904436868610034,15.297733058734913,2.844105020762306,Low
S1312,39.08558298607869,15.616489452931525,32.80883092423368,13.667391598056582,17.10482865151421,22.82456841606035,38.67137229668048,70.389213552578,-2.0183957185544723,68.82482906425192,4,16.041719679550493,8.056408789706133,5.792790260977929,Medium
S1313,21.315246529804437,29.299929835454385,22.287836284075397,8.634895651388018,8.267349009781539,17.153339409738155,40.434101636811654,78.31871938549179,-0.6460448257691137,73.94742068770145,7,16.360972960048283,11.267601071286693,6.601079573642552,Low
S1314,29.632811561869012,27.568654327264976,34.6310739077318,16.00783933472645,14.132722444592124,18.228980118008227,32.366461780036786,82.5228757550647,-0.9863908974321302,75.33726925580567,7,12.964391445031533,17.225305762126446,5.047232773116874,Medium
S1315,34.95088078104039,30.424520624152727,29.41290405497004,11.101134380934528,13.861785850880224,16.646825347440643,32.252563472863784,72.70039758224404,-1.4667533036269254,77.46132571567503,6,8.32276893998528,7.27676600898684,4.877743175032491,Medium
S1316,40.592766067626314,37.327384853805796,17.06324705266985,16.581043844688647,18.1487660766115,15.439487356534034,42.1814669627891,62.90410472350814,-1.1439633954016089,73.44586208211157,5,11.870205229208645,4.845926011861172,6.943468434247164,Medium
S1317,49.52715386968236,25.921153867275443,34.597008470405854,16.019352953604912,15.113628898581329,16.667403397687696,36.92571247938212,62.81200602886439,-1.5293119517363194,63.66115914773362,4,12.775309749728985,4.529967547505445,4.227292727829054,Medium
S1318,18.478257425402692,4.941290069640491,32.436751417478646,6.454046774197915,13.723976459412793,11.656350210682866,41.21986708894173,70.95034877524961,-1.2168467904722595,89.32762813446588,2,29.59276665971371,11.309666206724922,2.3286493605501115,Low
S1319,37.39772630870524,29.977337817631955,16.405210505273644,14.531207362895021,16.032453442534365,15.446957814312887,30.5671720594194,79.28808420345871,-0.5770131900842572,65.41839247147713,2,14.057985840516807,17.282035034364235,3.7322492992300393,Medium
S1320,40.205469357012895,28.24336369458922,19.75594412848323,18.822229269404232,18.50008440007389,16.705905640955315,21.93287656196661,63.111925370768304,-1.380119029588338,77.23664129510259,8,9.346516470315727,6.8904156838165065,6.1194142242319085,Medium
S1321,22.026940252786034,17.516653189522405,23.14840279804661,19.314121530529214,10.288925378314897,9.379383447351263,34.152740491093795,76.32328667160907,-0.061469961392123906,71.15948500607239,5,16.499827844526163,10.058887261070936,4.371034130115619,Low
S1322,37.257221435583816,33.87853636057598,18.91178182378072,24.241465713185978,16.06306047982593,26.136393589765394,29.285526252726314,60.39906382488055,-2.0321767967746416,68.80460139860952,11,17.64341783633013,9.407794434253619,8.637107549045439,High
S1323,29.525243176617558,33.88786715266204,27.40132565804996,8.437951297605125,12.504654616664464,16.722988645327675,34.85300601002786,79.52143643761468,-0.7735295807110412,87.71733335570909,6,17.81834827333423,12.2473326688401,5.8913013835807835,Low
S1324,25.89590942187185,25.989661894990885,24.80501862427851,17.836617096456234,13.48568674253733,12.551936385605863,39.350041451069316,59.32109149550301,-0.6204227190854064,75.13083249645872,9,12.184343548162941,14.264235474774361,2.61132815561883,Medium
S1325,28.838516780390346,35.12201898071046,21.705155665748038,17.563793035945675,19.364721406160367,23.511331825232343,41.48123653048668,63.10009001461202,-1.9944541969797047,62.368002120190376,14,6.854917196593062,12.138583676274253,6.377511018541285,High
S1326,15.934903205709118,13.855378911766522,31.570418984802245,7.212397165991114,0.8163589078215443,11.723733035344797,44.76035065217095,78.5301791379875,0.13608542026489778,84.51232809626084,2,13.561607834527868,14.791970266428374,4.010507974862662,Low
S1327,30.059106645908447,13.57696186914164,33.266297296213274,13.927539509493567,9.190500345515684,11.377183936806672,32.860323151913725,78.01061935135678,-0.17266026503958354,80.46588806850107,1,19.69922510357013,11.276520959455578,3.878764695667267,Low
S1328,36.490218682305546,34.70054632739315,19.173248859052663,22.793443943113832,18.181407994233677,27.602861610770496,35.66362168877596,55.4013237278087,-1.356194211497262,49.50720378362773,10,9.482514991836396,12.786936396151141,5.008731558427653,High
S1329,28.984993738488868,27.398183639086906,34.8351398509895,12.318089722889587,17.57228484525915,15.25559148733536,32.24216789332446,76.90983520812333,-1.0493461850883428,75.45557214949827,2,24.234141822512196,7.984028047814357,6.4850276243105425,Medium
S1330,29.747438056025793,22.81192361218817,20.043570669457296,10.720959438341506,10.437097781864242,10.28705147261042,23.88311071273783,72.4254764477076,-1.33768718476494,86.60513194633724,3,14.335761266117132,7.538843559766569,5.030348193320181,Medium
S1331,27.92823218179074,35.570171932191315,29.6614065909043,17.389889382961666,9.89183489466917,18.464417472946803,33.52170499893097,58.56778394049661,-1.5644488975627344,69.11503730489343,6,15.216920133819297,8.552594851768337,3.4446405784376903,Medium
S1332,26.71796336358351,13.37753857394272,39.45964039944518,13.938473056555015,13.258874128301226,19.391859372550766,43.96436038321822,84.97071351402005,-0.5645829802157756,80.33811182138912,3,12.909195153407381,16.767003584134066,5.264029259375858,Low
S1333,24.146466288033615,19.44861484310414,25.986786791124867,13.045609900247332,14.282662961859852,16.276822754513937,32.692447577593285,67.33743077568519,-2.4986075389814983,65.60952923640653,6,9.528771742375996,7.412816303317301,5.351304281617459,Medium
S1334,37.809965781896096,21.783070094318564,29.037736174868503,17.76362613834364,6.659572938014645,12.259634863783376,40.25064313482916,70.5105762859534,-1.2282690382537658,77.4906823345757,6,18.12062618785007,8.799518636085557,3.408859319126309,Medium
S1335,35.471409683981285,18.82582382787313,24.986309009390048,13.16498087753792,3.3583899234505603,14.681421798109128,33.20246210030719,86.57207011573202,-0.9082629248083264,77.56062896209039,2,22.61350869181265,13.452768228330186,2.2567526446368396,Low
S1336,17.29463410600672,29.46673567600515,26.574338051478293,9.52847799474764,8.838462316244794,14.887565214336801,40.5610097242937,86.09210717897544,-1.2080173449616858,87.51892773717846,2,10.747187516152422,11.917418937577526,2.5907943995956564,Low
S1337,37.41651619162353,31.055721279648985,32.54877253034154,25.330380334031826,18.8937688809288,23.378979875629533,30.633537158184048,58.605946958220464,-1.4881177638515697,72.51116292198478,8,6.839331277920877,7.158341398574177,7.728060973400413,High
S1338,23.73583051202214,18.639940184158068,36.03736116718417,14.247619269426878,14.701379635315611,12.973678624524236,46.83785625270031,82.83363580593404,-1.195365759533265,96.66735273955543,4,13.942733940999403,15.026265964607303,4.0353797710585395,Low
S1339,35.062920817626626,21.398240841614967,27.950059910136787,26.0189471030639,12.148889881819304,17.256343512296674,31.745927107690505,73.14627019295135,-0.6733912874435817,57.95510793888076,7,15.734230337640806,8.008243387379585,6.621411780891325,Medium
S1340,35.76325555602684,29.037650456531523,16.91879065620781,20.45152161925897,14.899142980267282,13.064852695440415,32.443441044244295,85.04824657083243,-0.4036579866252056,83.57271849723539,4,16.646023560242977,15.782327033172283,4.457867797708847,Low
S1341,32.40261958357509,21.1037343782996,21.86095849687365,13.176485905538923,7.76484172474064,21.875713450635253,42.935456593223385,70.08227564143861,-0.4989197963178513,76.60204196782682,4,12.43150733070848,11.234890101256763,3.924407596728659,Medium
S1342,34.4525350647322,20.541977445910042,36.497675434927935,20.614963986174114,17.167374063340024,15.240984255656882,30.58145358662749,72.9225819860593,-1.4551164455734051,67.84936732827623,4,8.95149952951246,14.299944390983521,3.7872537938242377,Medium
S1343,46.431615544052015,22.227781875300195,30.54318734371786,17.74758976639331,19.33250470656675,22.611603541926947,36.662459352734054,66.53757616647283,-0.8190073666247675,86.08327506185982,2,22.502123616793178,8.145842693161143,5.916991176662687,Medium
S1344,26.79851125525928,21.699950757904492,33.80058690509279,9.490047836937176,10.862401437781516,17.38985543242021,33.64021286143075,67.60460804761158,-0.17681255818359082,86.54760233340018,5,21.35761986246215,12.05349471584189,4.140338585404556,Low
S1345,46.75127475458308,25.7353473616673,25.271285651825007,21.15575927473297,15.229795963127847,17.193201644221567,38.37655009941929,69.35107778174245,-1.4990090906296458,77.3128060099942,7,1.421458033773181,1.676032123946813,5.1854748755274285,Medium
S1346,37.99654178834777,30.92437031591091,22.030100965556564,9.87878820022761,21.08049914101287,25.531449662980506,41.58663662760453,61.86334454211268,-1.52223075708438,60.0804728801339,7,16.85002740962858,15.39270625478283,5.129352328687355,Medium
S1347,28.534017553096625,22.62716862987695,30.213712031653134,6.4205073432088335,14.533372338517315,16.55503013546311,31.431806525118365,66.78155541926594,-0.8443654765450962,71.20345738398036,7,13.131414397886923,20.55873888435118,5.757643972754982,Medium
S1348,27.504261818175483,29.150190101300037,19.15395607263336,7.027777641372712,13.612089289859943,21.314129973039478,38.834860431713636,79.58025369526004,-0.9911462737099104,77.97709756412968,2,11.660672327782569,10.292950475906894,5.0663630317621555,Low
S1349,25.56655331738678,22.00788609432362,22.005522030334344,11.03936071961516,4.963167970159583,11.464273995912892,41.59377522528132,80.97632592841639,-0.983574107987516,95.41605819696203,1,21.141720652348692,14.697981575110644,2.982179874472783,Low
S1350,28.478137620419567,35.24579929714256,22.12204973724326,18.034439123002127,16.614641962701015,17.70850335314052,35.11300173580284,72.0658577207075,-2.3190303716055904,76.06159045474666,6,14.981942113820368,10.937590385443317,4.752726500766915,Medium
S1351,33.76926714773695,27.259732954384916,25.299827228370322,18.37534113107468,15.284925208002853,20.792112641952208,41.91810812484792,54.41002369123058,-1.908867418717985,58.47154098039526,9,11.762458891137085,4.043420074400053,4.731953229582874,Medium
S1352,22.821083423225726,23.16896426471167,22.620129392816384,15.833785657720753,9.79996656693133,0.5456519053863378,47.13360317808095,75.80049031006688,-1.5747167151012746,100.0,6,13.13384947642676,18.410220540321525,3.0220079532109025,Low
S1353,26.927574995137586,10.434629719332742,32.48574178078854,13.316987440038295,9.12597380485158,14.513966274567679,32.699787627985515,95.39975164122889,-0.871863073268313,83.90497091828848,3,22.452338737894433,12.154156684630843,2.6603894801915984,Low
S1354,38.901973013669085,37.27588302935055,23.169452349032863,6.424336824811758,16.3722967911936,11.770946176863335,43.34315386827306,71.05517145487352,-0.0722277002008671,72.03414482198556,4,9.127400945067508,3.679714380780595,3.8791925002193484,Low
S1355,23.93854768173132,24.060388519934385,26.02305528583905,9.402759029036416,7.27756658533934,15.439017248805394,40.49436603324955,79.4650122173412,-1.4333236951846735,78.61790914448072,4,20.816245245933978,10.100230388586462,2.460320005505344,Low
S1356,31.830832291057426,21.13705753621989,37.08358563049112,8.859852382608274,11.259347367949013,21.076285450731064,37.65474895423037,78.56636516093684,-0.5374094716595836,69.10488834177444,3,15.877411737810428,6.375019795333495,1.895055426672593,Low
S1357,21.21891003467227,21.19109336090177,29.608724918374456,14.14270288895206,14.93130042026397,11.925163257380579,34.86348832357701,68.3385541625438,-0.1373273520252658,62.04813629487403,12,15.329364714967799,12.494183983139417,5.302379163324323,Low
S1358,30.470973655395905,17.900508992581113,26.47544945881112,9.013308661705972,7.777911638476547,8.002716313067754,29.038436879671853,93.5850561342227,-1.1998968600808961,85.79600390161926,2,14.762823336791715,13.81063941494607,3.893585941915379,Low
S1359,30.23107896762179,39.27177658931363,24.817305731211768,16.539679978179485,18.478329543669464,26.60992710574437,34.1623329797877,63.68473521669431,-0.6099947453513465,52.41998515082532,7,11.780464598470576,13.716018601354124,5.369690102247704,Medium
S1360,28.979504193288477,23.482804967931127,23.18974707629348,15.767947588336785,6.9641261935418175,8.518877021316358,39.852176791750935,81.1260823918771,-0.43724105754623566,89.52922664833459,3,10.72786915416004,20.723200246455235,2.514798397450195,Low
S1361,29.166147031397966,20.440025926318846,31.55151888811513,12.886205070080566,11.236372339160916,19.691262942660895,48.14009499712654,85.14582579109332,-0.08658539825039124,87.56102632545449,3,21.579243598292067,19.583140068302374,1.8310352674463588,Low
S1362,25.525922264509425,13.709274491945285,37.96639693217058,8.239191424685732,12.096844912693275,8.62889803383557,33.50361133463693,88.71353780179425,-0.35491390250872046,88.2062612096375,3,15.042990336302804,8.937235518549855,4.824654766696815,Low
S1363,35.296750116023496,34.418982142033705,28.891528186758993,17.425899166652897,24.438262668848022,26.535147966069072,23.63714329491861,82.21862387110062,-1.574172465463264,68.47498360408335,6,8.48804765998725,12.101674538329725,7.240539623329086,Medium
S1364,23.98381693531283,27.584808677386775,41.65223779226381,19.866736230653164,5.838852887043841,14.008322723877466,28.72892866467282,71.81762958118163,-2.292924844092182,65.88902559676933,6,13.980789428861108,14.83056687298797,3.9660336468263875,Low
S1365,24.21920056657656,26.90029597898946,17.093321762874364,17.013541052072682,7.4715225302089605,16.526279099350205,45.36311795224121,92.90144566219607,-1.3942454926472194,85.03150980226454,5,13.11081381582842,9.55867763458568,4.582283842462499,Low
S1366,42.31622178315535,29.088174625458837,24.881641878702467,18.857492369707874,17.490302308269122,25.886616567420866,30.059813888634828,69.78205268067214,-1.1108145840153834,81.5587177593406,8,17.512873629328237,10.345738861006984,4.143671846235196,Medium
S1367,28.316073300783145,20.107024275347165,21.985161981127156,7.636752799502474,11.143175422180942,15.311634668420233,44.88039528165178,91.96428238428865,0.10813049669087904,93.05592955839546,4,7.370116272630918,13.955234632842965,3.7796758913919772,Low
S1368,30.203609616731292,32.819232191508775,26.915835436306846,11.048334081471763,12.583195607558809,20.61506621067185,35.34098192876939,81.44848067306177,-1.641637922051033,65.5694883905705,8,13.993105014380667,9.30237169059679,3.3162763226519303,Medium
S1369,28.28214093250816,28.743467139984688,31.37017310287679,7.923550499443506,7.15379455764379,5.513390857393879,31.72582161596339,76.37294056057712,-0.5150453432547261,84.67201897734101,1,25.002454724505462,18.18693549035304,2.186226021897338,Low
S1370,30.171055102831854,25.93222732758859,42.88037068581173,14.760265986242695,7.029012637157058,12.875955397339736,48.142106266506715,69.8000215909151,-0.9961568239097636,77.27495398288782,5,15.70243524352601,12.84783936320753,3.5000051556249403,Low
S1371,29.149630307480546,30.340634769943506,26.77276450333803,18.517558049690805,11.999227772640397,17.79352411859485,42.66094496348357,57.207014962255215,-0.8402352203214202,70.83284626262775,6,14.647385950600293,10.116759361764103,3.986426191215221,Medium
S1372,37.60828847121204,20.42313669445286,31.347434273092617,6.340481237699137,12.087327762230931,7.604836473584916,36.801576345811114,66.49074469430604,-0.38008057748279545,86.73133255879529,3,17.31351617422763,8.408694205574184,2.868261995257033,Low
S1373,32.26199103388002,14.996638450757075,35.89602915532184,15.049608046577601,11.53417768690867,17.41436226150932,42.557502940219734,73.12038107959863,-0.8704969006448986,98.62752311329366,2,12.646691935953829,16.866687710827954,5.29661132435797,Low
S1374,32.35718760307434,19.478762008973014,27.649962721068597,10.74301223714886,16.141975801738734,14.266227979194516,36.04963630464708,83.72545735818932,-0.6181934161530493,77.1039069626554,7,17.07442244726671,11.548898227399095,1.1764165344766857,Medium
S1375,21.102773651256225,23.667573645107932,43.784384354132236,5.48956951399866,2.8293414369901484,6.176438051285643,41.15719362258759,80.87582049102296,-0.6394316175302328,85.57192660971621,2,17.279573299671764,14.138490966001111,1.9342615938674006,Low
S1376,37.86133937396214,31.846559481448907,31.159582379104314,9.67993865957111,20.206802751005128,21.287662330129038,45.334913541774384,66.25201961217846,-1.0421831573087812,76.42716144580557,4,14.417069002326866,7.424272917325462,5.5671490659757294,Medium
S1377,27.66909651354126,29.556183731285486,33.00685696161705,8.368317705003832,11.109455215713712,12.032285527191487,26.239420536025552,79.34738000857341,-0.5435015797970626,65.92244599157584,2,17.173852581833565,14.860963513017971,4.613464659565148,Low
S1378,23.412666280059888,22.947493538360128,19.131692390423737,7.539522544738827,12.496315300920859,8.852081546150869,34.73955066130874,72.2275786756679,-0.9849076051527286,76.83692880821233,4,18.47945551069723,7.974077301912082,2.384676204069244,Low
S1379,38.80120352356645,28.724155057367966,40.71053170610059,13.16473325233422,11.9405721204224,17.12753202824118,36.04143595631862,90.25611546203857,-1.0062435472637676,86.3545360364274,3,15.523756369727694,2.8606540139018577,7.224716702943676,Medium
S1380,39.676980093185556,30.328196897769455,19.347083950488425,16.642957847822444,16.8969376789588,28.556057425484667,34.197517564939254,60.57361419607006,-1.8408979247724466,65.26898787039579,6,15.121474160662443,5.917433526270258,9.94923890305443,High
S1381,20.261943868227217,21.369903524133722,32.494405113868275,14.255289288265043,9.66793082235929,10.235962669598408,30.87640573833592,91.73534334877242,-0.10021049586509506,100.0,3,23.100639708728732,15.082902388837521,2.7924788019159985,Low
S1382,29.410412225874744,21.4821751479405,25.454586327782103,8.775599043225252,14.157067478595726,7.792769167759845,41.74878322896049,75.26468352522252,-0.5757798717620138,82.13026958963233,2,19.420323242727424,13.351350597718122,2.38923600272269,Low
S1383,43.91571103825234,25.44789444945896,17.05562517482648,21.46760822521405,29.91069751565177,26.044744634333973,25.2102915470566,62.6659275615705,-1.8322545218780268,53.56975826459199,6,15.837417205552631,9.269236670152898,5.55627945379226,High
S1384,29.086958455750064,24.107408811265625,24.1985780853695,15.06552081778995,11.863173843812536,8.892610707867496,30.108902081959506,90.64372594405413,-0.3080185212720334,72.75042662296912,3,23.908068100980454,12.397815733228946,1.5051571516710798,Low
S1385,32.53040830945699,27.502899618525497,31.023991755779676,11.497328012314798,13.011626453061105,17.223039890498143,35.431650806171376,81.11206762726728,-2.0187598961542745,90.7586081668433,3,10.291869633777623,13.183560981315708,4.132788924232979,Low
S1386,28.937032295414134,39.51764334937281,14.069732153889484,15.692186150613146,20.512590997352866,17.84402003565187,45.29908979271039,80.69161825018884,-0.7971487407745995,62.37208776558199,6,26.499920104641458,21.582049785311135,5.900303443003679,Medium
S1387,35.770923839035554,25.140287431509037,26.9280794577315,14.408176770743285,15.06554426397136,20.277938948538512,50.83977514677639,68.29848052667163,-0.4341635925272898,68.31072725685789,6,15.49034473943064,12.471072622875791,5.683019975158109,Medium
S1388,28.058992691567237,16.924380165567225,35.97403994071964,9.916490601215799,11.292227255926495,12.208535296867176,39.349418447840414,67.07176293503085,-0.9695335157107775,76.55326529016294,1,14.486448048833974,10.445012624816,4.389990028291505,Low
S1389,24.587895063197575,16.671709297098484,36.30621868864618,4.310676207571779,9.285421822342819,6.890375011769804,36.91385526652306,70.20604201581322,-0.6840497313597886,96.34223860676077,1,18.854582048328552,13.255639291161817,3.17161750702715,Low
S1390,40.583136848645935,25.949074576711727,28.873213697683138,19.079356648475507,18.88490649650931,11.121126178685348,35.123610434726785,79.68979569643565,-1.1916149055102867,68.80114546675462,10,5.644441751314201,9.519003191017944,3.395810365410359,Medium
S1391,42.96447684763592,31.303167818163132,17.95718365808296,18.228232876677804,24.567663594655144,20.478380647980416,34.22912022624785,69.98151971998651,-2.011103756686838,57.145749806849125,6,11.833867150327857,9.053004565399732,4.056442625168274,Medium
S1392,31.60391018124989,25.233299504873358,19.574240180200636,16.625931275302896,6.048287585406837,15.3758906533331,44.85893323701546,74.08678967843471,-1.1652193055626163,88.94301998396952,5,11.307123949068425,8.202483010748084,0.9385698580857911,Low
S1393,24.52257009873067,28.36888927355569,32.5852326054503,19.739094009680006,7.837675873867133,19.111225080168715,26.91408812179818,72.17046757565389,-1.0014778939454023,80.22751352758486,7,13.430785688093827,13.57413053175137,5.009836507027835,Medium
S1394,27.111038220509954,24.756249290255386,27.903112605912124,11.536104035429602,15.677255991488384,14.904464939715375,44.23136983300144,88.28157970807223,-0.18255318931043818,96.59485319100156,2,17.201633380538482,13.839108855068023,4.762610881670067,Low
S1395,22.371019370346612,21.0226322850222,30.724891569297228,13.919060602911925,6.342123250677667,16.51565836577419,28.921816092453923,79.6659883106056,-0.3446159207427052,95.73961028374265,3,14.01554855802827,9.829344404199102,4.986392942385983,Low
S1396,27.328679779799,6.892283092365874,31.550360632978535,5.8425257341744254,1.0851543707409386,9.435305028349335,35.605244443993385,70.63674319784043,1.1412881799837857,97.43380307466276,3,9.170385670744503,17.871569089489704,4.011100990476891,Low
S1397,36.957751285059366,25.738037423372088,31.83258160935662,17.737475902524892,6.634277313092032,16.833526682359835,35.18339067793532,59.217412561107494,-0.3359430883822325,69.78532967404867,2,15.607130131646825,3.5483889397810016,3.849792670970629,Medium
S1398,35.30511293083858,28.885868242337857,35.97073544990432,21.566506024913316,24.31438509476529,25.2489728914305,35.74076696727665,57.701292423911774,-0.977533666102949,73.3678001403368,7,11.923419951906647,18.229406359790808,8.151781934234922,Medium
S1399,25.67665962330625,24.960827920904414,38.36712470719076,11.003807644820077,14.998995499731736,14.85450462028468,36.37362609041943,78.20102227221408,-0.37135517085351877,90.29809498890972,3,16.636038672569196,19.657010395199265,2.379181614329762,Low
S1400,42.05883368955777,24.614452741694873,12.440171081635203,14.702986213185822,12.099306134070826,14.87141917530999,35.33945839596909,62.478739980454684,-1.0988069340436255,87.00265840143226,4,11.03934475073396,17.33182359412993,3.3622190592170407,Medium
S1401,25.613343423309225,23.0208936290841,27.97131741723915,13.219379190012022,8.197921143762487,11.505065827583584,36.79100653371491,86.18718458041809,-0.43799978040315973,82.5624669871007,4,12.57344788957496,10.252577481331672,4.875873170780803,Low
S1402,27.35035499692303,28.439644963327844,18.925713369626195,23.53141184633052,14.812043771739653,9.204679634622742,25.546297838304945,61.15894844676774,-0.9670457114383434,69.7474551848344,2,12.529463834085936,11.699308603944935,6.773968155073704,Medium
S1403,25.374986271592363,21.830462620696235,34.907567923468854,11.701731784055657,15.305168257694106,10.646791571060568,39.63547380723193,71.09861692186662,-0.23764809021661248,72.66559944473391,6,16.117350017651617,9.460437610941394,6.5966420121587905,Low
S1404,19.197429939616313,19.957294515301296,33.840444761632085,4.774852010976397,5.24411630920539,0.9744595510560767,44.07886228211161,72.66780069460056,-0.29736386947114835,99.67955981049879,3,22.421594351901348,16.09153613889006,3.890145325475473,Low
S1405,21.578855884264566,20.05916158153407,35.10550853980478,14.422116125516954,6.093570129675927,12.583395228030229,45.70165101046395,78.19852669420669,-0.6371432453637801,80.24908019736542,0,13.123992848226255,13.190046480992725,4.2790345102544745,Low
S1406,31.68462077615795,21.749425249389567,28.160654860792697,11.238661310611462,14.909704226511426,17.408865045808298,48.09933776342346,79.61624154684709,-0.007578988640773665,83.92568461154022,4,20.376078977835615,10.772531683636696,4.71077218048122,Low
S1407,18.184524242777027,7.725729181232662,23.259315482025873,15.803357436456075,11.501993280001367,10.30980500534522,38.795366258427066,85.77834061404067,-0.9639226936975874,73.27932853114841,0,18.865669070641015,10.180650833469429,3.4176379128552195,Low
S1408,27.72703998936857,18.99243721314935,22.50641038124251,20.61039814733746,12.974182610919602,13.068523546635255,43.61313391260009,73.96409620547036,-1.4436517123840982,74.30487945646456,5,16.77592647164135,11.445194878704074,3.2260486661207937,Medium
S1409,22.935500829754304,11.832561367324649,23.898131162236446,0.0,9.653049900042,12.564798513740712,38.83940456313192,91.48501932710569,-0.6279037796362139,93.43510526846315,0,27.628241677317426,25.729421780915864,3.046657905505836,Low
S1410,24.91784281171848,19.174950458863957,25.09822855596637,7.942971003569918,0.0,7.5990698603853435,29.75084586792458,92.62764939901086,0.06497957908816071,90.96742584772717,4,9.347051635495543,18.98482026507921,0.2298293073620581,Low
S1411,37.33210350824821,28.456669622982734,20.830484074573636,11.179128643237142,13.285048315582603,14.835166846308383,42.21734408120172,80.71609699012771,0.626108591096629,86.70690434901377,3,25.494025312029912,12.503330957104172,3.312083769834224,Low
S1412,44.10911545719903,27.514265991123843,18.956027797092972,14.257018444924146,18.43937189760617,23.38950872787427,37.88397014697719,59.89100856176089,-1.7544796478949718,57.79457699385834,4,8.867880855850958,9.032716259129062,4.480506879267443,Medium
S1413,23.856922682698983,28.7299776664617,21.329965938359884,6.813950406494408,8.023971898074292,13.60502715514768,35.25951760604983,76.63198043295364,-0.62627435629515,75.09067921244784,6,15.514661316873246,13.696588973697546,5.247029181969074,Low
S1414,15.098928590280078,21.95259791613173,34.581057654292536,2.345342018393011,0.5747086551214364,7.3278326140573,37.77064173931492,95.40759917618493,-0.2942453733398914,83.81572715172918,2,17.993463443054356,11.063672139868121,3.258029864218392,Low
S1415,22.8673444696249,17.893457643567515,35.48367697326805,7.611465653693596,4.717145259349693,6.387847120851507,41.77100106157366,83.64098730086044,0.3446954446833132,82.75320311677277,4,11.99259828359595,13.210165961227647,4.7782046126414395,Low
S1416,24.201371904358886,23.92372197349785,32.817646389144514,8.917694352064137,11.180348063626564,6.444993424482042,34.94768123351307,83.8429901923612,-0.2871941826627935,76.8962128872403,3,19.01274352044496,4.772269651869556,4.746888383134158,Low
S1417,23.713805667072453,23.96886849574989,36.24560974731646,9.531815553911617,13.104718981075004,16.45977163602665,38.7839690873719,80.68715834221436,-0.17882042895235306,72.36904539749209,4,19.675317660936834,12.267754380880344,2.976113164814381,Low
S1418,36.18703578698145,27.173742555778656,24.866113871936403,18.262854558601582,23.412816455055953,22.577135198610826,28.02425770144307,64.49918296834359,-1.1424466553759522,72.0291566403898,2,14.379945798466872,10.311042504332505,6.230053253507803,Medium
S1419,24.90072676898379,19.953193890181968,28.066768311115553,5.2292039403450055,8.431690763749176,9.61632648181315,33.64214818699218,92.2524963312364,-0.7171662073979279,92.20552691400708,7,10.817083017104235,11.625695561348305,0.1585509146259687,Low
S1420,29.72853291473963,33.37185713937707,39.9143963878049,21.299422645482828,9.429523440685314,23.691277045413056,26.50711415775686,67.42974184339752,-1.4538773931462832,79.72759357756046,7,7.115947661291354,12.350079156288547,5.883269210924731,Medium
S1421,22.80303312064555,22.102510344044898,36.87980131232296,7.255228519917364,8.261003152879784,10.167900749141086,51.09496833328728,85.33157294592915,-0.3678862495069709,88.14697201255501,0,13.670318560093714,13.602367337679654,2.0654409651507954,Low
S1422,33.087501695308944,29.60802306599105,25.77529315987903,24.53945354568801,11.971777139262448,23.34034383118293,33.67940905266582,64.42821539526402,-1.1182753758251796,69.2340965188329,8,18.252897983905882,7.465556611152288,4.467874669463679,Medium
S1423,31.876109083859042,21.75959932612495,27.13710754997472,16.026789303780745,14.315752794244515,20.20487515281836,41.67611427993317,70.84203236284324,-1.3067908079949166,73.33742463816043,3,13.792489552965728,13.83344895346023,6.801176515108973,Medium
S1424,36.531298694943494,33.13863830471889,28.443474206604918,13.451664182895671,20.588979332487963,14.96874111599288,27.889671744315216,78.11487720639366,-0.09839646792333889,78.2867378519013,9,3.3610925132362404,9.85755530391047,5.3491219138282755,Medium
S1425,30.202997879497552,20.43877909320966,24.431876006721403,14.575762718039652,18.063590798901195,24.340890111347903,32.67287025654498,52.594713174736526,-0.776791208963114,53.19711068200017,5,22.837207907209255,5.820421624426334,4.828853798650413,Medium
S1426,24.170887767331855,12.36913478486538,31.34475960813102,16.95462720838006,7.426365981830346,13.002095969324191,40.35926608604661,84.6119364189248,-1.6318982833899902,82.72805122141159,4,23.961546289508334,5.595076858059686,4.999448779183194,Low
S1427,36.217861210765825,31.42872098254222,27.067714807978778,22.354751060777268,20.483638866144766,25.926995740738818,41.541863980757554,70.15736582259943,-1.5185929020734097,68.39478281533744,10,5.823449117280314,14.913067785715446,7.852751443963068,Medium
S1428,28.980849008002828,17.807887871449218,25.232016095939617,9.17401609536915,8.379391289502944,8.72912398666887,32.77919237301037,72.78033772830655,-1.2360276154358554,94.8936679190721,4,13.626587495084665,12.618986033259006,2.3033505280107223,Low
S1429,34.73969636683479,31.133314136055166,17.179440547614334,16.16412539471638,3.5652605552009486,18.195614639102015,32.24092844745081,71.0454742378104,-0.11564060411822319,64.73175843147045,3,12.155700654234558,11.058936523219094,3.6013328726917493,Medium
S1430,47.70204280304762,20.574074753565007,12.051691232366107,9.557887645673564,12.659406952674928,19.54948928712753,28.251981999723746,57.70329773845452,-2.508930450516154,57.83991686352707,7,14.22022296063056,9.227767888849506,6.714941458058818,Medium
S1431,25.137882586545423,21.63083556135588,38.961040514500205,1.495385924354797,8.473384486335693,4.598177199282233,38.36541938277729,80.41972354278724,0.02719063734709118,73.18867136937337,2,19.901308140211846,19.143410624026505,2.9153403448620607,Low
S1432,38.25194793848587,31.32274263632153,16.339080301721264,14.216678285935872,19.085393827546064,25.07760865083561,27.77199259378284,70.78644510931983,-1.160121097448909,59.4380892472698,5,9.26280752913962,10.683288802166565,2.262768003492827,Medium
S1433,33.19144224670931,27.209685671025127,29.077359575883065,13.520336796083539,22.32823601216026,19.562753059361565,25.569743645207335,90.66680509443913,-0.7550070263287252,70.55035174523925,5,19.583744701102717,16.54428211808164,7.578928242259344,Medium
S1434,29.148441065376275,15.740357822189207,19.64520260339313,21.090274915410774,16.4791129475951,12.454162192301084,35.932966495354044,75.64483546198906,-0.9624410750708462,66.7313031219322,3,21.976960089737933,11.087937138892503,4.086895967712602,Medium
S1435,22.234391350678436,10.283853538345532,25.245247468684013,1.2436224489786616,13.89896939958211,8.301177173037209,42.073395186695485,76.38783890828248,0.6446254299088554,81.23620904682936,4,17.412524924155427,2.7410257825418203,1.4677013063836442,Low
S1436,22.010868947189373,20.649701507235694,27.35328859800713,3.7387990022735726,11.525395239275978,14.65123532810242,30.940730109225935,88.41881693825265,0.013962721565550895,86.2833815395984,4,14.46143291138216,18.28751520112569,3.129912611753562,Low
S1437,30.82521534055255,20.927289568296537,30.84635573436603,13.900827503385255,15.131735455089528,10.388861687749392,32.407421838137914,82.23742150564318,-1.6281714834820114,85.47594924757537,2,23.72085235086581,13.424585884549717,5.125934881214501,Low
S1438,21.649260186591597,26.561185268283232,21.325049366908285,13.84562309678849,16.538962405747707,10.897045814290772,35.43804866686936,62.31714021836875,-0.09034530353925219,79.25097243521262,5,4.27299511346915,9.80258109546824,5.683130206233732,Low
S1439,30.35599202867515,20.57357728593496,26.86241111979193,9.515575402265714,12.271261495813151,11.917946377290686,47.283184756049316,77.12229915817046,-0.4898892091562847,83.38426978310457,5,11.979418022986103,11.60725982671976,3.564417818783386,Low
S1440,36.000492293202804,27.493449031044673,24.893671422686904,26.47930790749394,21.241811859798254,22.473518581216556,16.369894959148333,65.63825576057263,-0.6239785254657986,71.69016931641994,5,16.935216736630267,8.461282946812513,9.121081202807934,Medium
S1441,24.154221269298215,3.25839621738875,27.445941191406554,7.8596124521543995,2.5567734786833056,3.5158931890752942,42.47483571637508,90.26217665099608,-0.19753807584778132,79.55835914997027,1,26.723727801255052,9.877892493611725,6.3320890671148895,Low
S1442,24.571068598360494,25.66464919416858,38.65503956036903,16.443786457929903,1.1907670308501412,14.770621902528442,40.79927529654852,78.28102616477162,-1.186413604317956,82.92698142726658,3,14.470872797037968,15.887891583982523,4.3100757915401156,Low
S1443,19.43072416078782,14.9043272642047,22.302229903437762,7.94685771426678,10.438011185571948,9.60451271124498,34.152148835732625,85.66953376673312,-0.9406943338624449,88.10042266701585,6,29.51145328054357,11.956525698412118,2.6943951644202784,Low
S1444,36.128956667392956,27.53881059147203,22.793604747743913,17.355511635880905,19.575970312496025,22.6085677005122,30.639703042473723,57.09161964527139,-0.922285999372432,65.88351860213783,7,0.0,5.715526616860589,5.127217583117403,Medium
S1445,29.678916486336863,19.116834984539043,35.53594614544941,12.337212690493777,10.018068785776308,6.79332803397404,37.26507537862631,70.83393216319217,-0.5479838458043116,71.3960617563545,8,19.79422404659089,28.40913820916112,4.137243050878119,Medium
S1446,33.12871495554241,14.575523000382464,21.595016876555672,15.988237965624352,6.50001088146214,14.068996004350307,36.18340481743143,75.13793924456652,-1.0237316132972563,78.80106121866827,10,16.06552957490048,7.476799769274476,6.062041151806937,Medium
S1447,28.850061348930254,26.25351888774154,31.422622586886746,11.983823097734778,9.026246371794823,9.279350096821299,48.247949640923835,92.46724560242558,-1.724332964208275,90.43551185398117,2,15.231045845424417,13.091724115122886,3.476909810209335,Low
S1448,41.3836070606044,28.464231789116283,28.682057110247108,13.612360784405357,16.4058017924497,17.996867641359835,35.87247396067171,67.81811817656688,-0.3988419267370761,88.89879565533656,8,18.696797819038967,2.0032666653245172,5.677154407640085,Medium
S1449,21.38938062998965,22.15345095883396,27.83927247643741,9.979809300579383,9.863766063203313,6.7876069510947366,43.62060394956742,82.63053194160547,-1.328109354717532,75.28208725331115,1,16.192874823718995,18.77981017735329,3.8141944046023415,Low
S1450,14.530442120596962,22.932002991931107,27.774186292187725,17.865028298496803,9.03451913120499,14.432229683252256,38.19426810592448,71.37651554592779,0.185499967599985,81.5451589571355,3,9.156093402832154,10.264392446064367,5.163217573657967,Low
S1451,35.841061700576276,20.620927422755322,27.63576202572149,17.054821733455142,14.697950969843045,23.87400805798172,37.0094432968145,77.65556094355081,-2.1537610887465415,76.12182881484918,7,11.99091863929693,12.543463775891794,7.211233884252605,Medium
S1452,38.74890893658535,39.58671922762388,21.63978422376652,17.702913549537673,20.346787324290236,27.267017441847642,28.29741966515362,70.68745811677805,-1.4006111341777696,56.68253304762355,6,11.283148790450435,5.596317922940863,6.760468704732565,Medium
S1453,29.194271984131877,21.608752979413804,36.21300656745969,11.28385682971837,9.338309841041948,5.648732007258981,38.95848694485424,74.66015253052778,-0.3347211134322037,84.57010995386293,2,13.398830418379198,6.738384860965113,3.83933735750647,Low
S1454,38.57968455088524,29.33327655595829,27.119387725611958,11.494689525042613,21.525013158998984,23.0668524267286,32.78195116603487,69.2932447881688,-1.1825074450927724,69.90754305364368,4,8.94464971314676,6.556317505722016,8.179659810946939,Medium
S1455,19.384070206388284,14.696701185984034,30.383324069977334,8.354734999050219,5.050041908861411,12.521334829362301,34.95646679472719,79.29539232412398,0.012905182664331272,100.0,0,17.03936770161339,19.78496828437416,0.39414822328301424,Low
S1456,36.8190988387031,11.375840376612182,36.81575997176011,7.098425403111001,13.896858680387403,16.03730368729846,42.25079398808467,80.53699777596844,-0.5946423848022744,99.18937809000394,4,7.909586076694792,14.669311876729866,4.074223320963267,Low
S1457,20.680664129371472,25.387268167129694,27.044771438591702,13.446088069508104,9.052927751053398,15.757569997641994,25.567854305953794,92.73915823316825,-0.6849843900924216,75.47542475134321,1,8.738891270590068,6.662411915414146,2.378432233744662,Low
S1458,20.014589672971734,10.821733598113461,39.30267148296273,14.701390441586788,3.108021070970375,5.047189234106881,47.526599749115924,72.4065019493102,-0.22274875123215815,90.36163876021706,1,23.99929647679922,4.877633785006902,3.657013545276417,Low
S1459,28.510997189761447,28.861282929563668,22.315577973844302,13.339763855987448,18.72824473776761,23.18836838478645,21.123249914525648,62.45952543565516,-1.4387530690834054,74.33905375848795,4,6.204091414120267,9.26374916894887,2.330795604206804,Medium
S1460,35.94836116230298,31.534551687099516,23.59327343583831,12.28180694203168,12.442100031762159,17.050571396660374,32.73744909507528,69.05607583189536,-1.2100998168715278,74.09087225909376,5,12.302752367402219,14.297334696226407,5.519868898046176,Medium
S1461,43.20968381329307,28.882512124908757,24.865341249679904,16.49208949233688,16.287159197713127,19.6534092385535,39.541109186709015,65.46143549545323,-2.0981151049336924,72.18293528074251,7,3.3264503486230605,7.081242199452535,5.77649554476906,Medium
S1462,30.86219137058827,26.60332449372529,30.09140595126877,13.192417659586782,14.038056774770537,14.169239480392221,28.242980371030754,75.51798902251656,-0.7676149130703794,68.90817466826672,5,21.978628472828806,15.60385871250454,6.147801943212401,Medium
S1463,30.744871470150066,30.865695343985458,13.667988539928666,16.77799188232992,12.740432080029388,14.199825509891541,37.97488976880108,73.34692917813229,-0.9628456251429379,68.79132553792415,4,13.170586688949546,11.853842395739559,3.6496008891353706,Medium
S1464,30.715441814882894,26.39412442625049,26.230942194877624,21.2924467289926,22.783779337375268,16.006405765180705,34.215633242262626,49.68034422010456,-1.1149039401551728,51.95758563687055,11,16.374854773153736,15.868593252792136,10.024397471025539,Medium
S1465,26.281459679381573,21.995649436886783,29.755272296143602,9.987815356074513,12.846284406229637,4.9031894644084195,38.87322353020613,84.17285910049793,-0.7691457858519107,66.48897076634263,1,26.868177811449897,9.815893559232805,2.6637228757600635,Low
S1466,37.636496863332894,23.381722267133725,29.584003999759872,14.869703697432007,15.370238318369012,21.165107748283482,33.1541655420928,62.683685076940876,-0.6496107115788518,63.4730854718896,4,7.851529728710194,10.956924274767866,2.6694908964141923,Medium
S1467,25.196615809027605,10.96041207073987,34.14625195934482,5.669627649416283,9.916265836352263,4.478057679989792,34.6290863641688,82.61723729083154,-0.23981111273954187,93.97570104045286,1,13.50126064712915,10.315930967126532,4.1982474730427635,Low
S1468,33.86281133411818,28.793076572278828,28.091795585739746,20.67827009649685,23.550579784099355,20.59932128930197,24.39854334865424,64.73151902809965,-1.3056735665365204,75.95940846752106,6,16.94322572365663,13.996838870018916,4.899024293576246,Medium
S1469,40.559143762871926,33.28070968954779,13.937492356252413,23.496301278743914,21.68068007175913,14.030759832554557,33.36387185441523,88.16576338878022,-1.0260045132993767,75.37731186715476,6,9.620824316182027,12.553487145266052,7.768145065821086,Medium
S1470,29.69792483054512,30.894267109704327,21.8744891700331,9.222207765200864,16.78905314804033,12.51963891189174,40.99876680433361,73.26086147274069,-1.5725927632577463,75.19308672451228,9,16.044287452041814,4.601217366322547,1.868398995185419,Medium
S1471,37.9369157419844,33.46870411115768,30.110907057447108,7.864306154949042,16.28359718138471,18.8366602077008,32.67273492079221,76.7406901209695,-0.2473490654774525,76.30531111808119,3,15.004095739334305,14.096170883437733,4.348859564546051,Medium
S1472,23.24271001187234,13.864130768102639,30.39863238646575,11.12437268405745,9.550421042815785,15.15413500460233,33.69629082823464,80.89948022112003,-1.0460457254016724,77.38496783363968,5,3.6458930945594403,5.950879483965974,5.160355462890781,Low
S1473,34.90586245733388,32.35641255590919,23.352722337024836,9.327392158009687,13.09562984294541,15.626039814008832,44.93133236180885,76.57774262765066,-1.0104852471007384,63.87796975383292,5,19.190381652225035,7.66977109838471,3.303404006792705,Medium
S1474,30.702429414117905,17.9008255223144,37.943365174974915,1.8717559681078928,9.322247643051721,12.752906247556595,38.03069289737043,86.32745420339582,-0.7240801053784822,96.22824034706143,2,18.128298187904683,17.19211321598442,0.40557074495186907,Low
S1475,36.94389493399532,32.5265008942264,26.31868271719607,8.915614374785095,17.777643703344914,15.31735937273467,37.35111440072912,65.4089454689253,-1.3364746813089785,82.77405493590365,4,8.315653919824737,6.172674664118791,6.55315754957233,Medium
S1476,29.43157842590592,28.040444901288698,29.053590412841757,19.239947363236237,22.081112466248342,27.435702483850225,35.70713401641578,62.8304010835986,-0.6796665950220779,55.76864263769488,4,18.725594289860798,7.50859222096235,4.4944553482599074,Medium
S1477,23.934091369894183,18.046483667664454,37.9847633224453,9.05479618301469,12.4542866343694,7.992758722220541,36.164847460331245,65.0970634083033,-0.5011035283747007,74.38904717594161,6,13.065300588903032,15.757349088627437,4.990878049785279,Low
S1478,30.01828656129444,17.906072466532216,29.93298579862905,15.47546304420736,21.08669554175735,11.121516298370294,39.596319715891724,78.18120218290622,-1.0466357536372601,79.84926691820145,4,10.821409295760287,13.067849154793182,2.859411998104842,Low
S1479,33.75314323471437,25.842580432973982,33.111295440287954,9.710635821292504,10.724070768733526,13.106289275917897,42.45506008154668,100.0,-0.8474468857506398,83.81820491098476,4,6.81814025386179,13.641820762695769,3.26232955074793,Low
S1480,20.199914501194684,23.058784418460235,27.234436462055317,5.61983168363879,13.990522877262894,12.048148100793565,42.67822631931286,81.81231715868881,-0.5476509975763303,89.8885991113689,4,19.68335942411443,15.972623501864806,4.507422285570144,Low
S1481,29.624598781271487,21.190377895436153,31.521689956919076,16.707893786927308,19.16364332286566,15.519415820420402,40.20457628101051,72.10906912136744,-0.8163137018939952,82.75773286222383,3,13.147163559910855,15.517918773824036,5.474729206245173,Medium
S1482,19.40608316586036,10.124788418343257,31.849642028029823,6.711248084031102,12.127188939760876,11.435597687006059,24.53096630915867,67.18016405147607,-0.4976279567634061,74.64577058422783,3,7.741756733075514,7.659694835078602,2.0891727940272338,Low
S1483,30.31691238368258,28.632957078914288,24.56418558646192,18.605415384446083,17.32305874911022,24.171463017449433,27.19010895005015,63.24804281793482,-1.0480756456442846,71.23058122029877,3,14.2940954017327,11.710290106473806,5.685060440081497,Medium
S1484,24.373526710697835,26.15109983117118,21.308154003358425,6.84035679309305,14.496102416105343,13.778206288339739,32.66050741727027,82.27450951137338,-1.3121112572762654,69.9853488043181,7,19.034536707594487,15.455975125965374,0.8678442900038825,Low
S1485,31.242168377369037,12.667353702480769,30.135768339543205,0.0,4.508954858339903,1.1168452874962265,33.92321568823046,73.86807030747244,-0.4071106637659584,82.36784739232053,2,20.749404462832103,17.030569320363394,0.8500598140941857,Low
S1486,22.756940710302732,13.85591958397924,24.746850492836,3.355970849492495,10.918999531617953,4.3012422076511845,33.28185707990965,75.78479284347284,-0.40124593109916584,81.97150519434307,3,23.746515244802843,12.44466436833714,5.817111776863404,Low
S1487,34.13372663941845,26.822621038745968,33.161478326375125,11.870002463248886,15.682074717307643,23.744110618681955,41.065741978835575,79.59222264842455,-0.8699234324544914,89.43628727522949,5,11.852411115207248,10.714279514340692,3.8812736894593325,Medium
S1488,28.46824148035808,30.984683647035414,37.29554309097495,10.5541957304915,12.320189416628436,19.175289474229388,37.29012769891414,84.74316314167126,-0.8782087242395529,90.43311555285766,6,24.816976193967353,15.616239095222973,4.752573230978051,Low
S1489,28.25870041547465,19.11616421414104,35.5542787870682,12.138882342553783,3.563672657378075,11.506218848649707,35.88333082448015,77.59303481810427,-0.9128638018503261,81.21918201133995,6,16.063549697299933,13.219654019890248,4.681192757819536,Low
S1490,26.795734990661728,18.404168607072457,44.06434902465068,10.543553854695359,5.6774514758549595,17.824974794739717,34.74544349437065,77.32744882625637,-0.5624540893668784,62.14645939343896,4,19.32105857012286,16.255578221176254,3.434451725615806,Low
S1491,30.30820408934754,21.660765641708096,28.362703478801762,6.780441491874351,6.376898056650321,12.724795082335106,35.01593751140439,81.92162981504295,-0.2865487497879611,87.80927889594585,3,23.288244777074347,13.372890161060015,3.46758233312033,Low
S1492,25.585021079982635,22.0269052576571,35.69145411923874,14.583738215924255,8.017866938454905,15.317725450895999,36.62307825748865,73.39442426283969,0.10964233514971061,90.25609737043645,3,30.0,11.965522125552676,1.2036225981147943,Low
S1493,32.43142169169325,22.73671122213636,20.74324893630412,19.233703375866657,10.544157911008528,12.229088725776052,43.546457230365,72.68654500442358,-0.8579242589990399,68.41492774922799,2,8.859265514981626,4.122864904927504,4.584368862396143,Medium
S1494,17.32134810229935,25.35621634001094,33.64342546597282,9.175570645997277,7.791332891972864,2.0819608814312263,29.2992841869162,91.53131874264271,-1.0611834338882888,100.0,0,16.16439172273522,13.985949599177516,1.3219614115588025,Low
S1495,25.391715744057244,25.54090191056627,21.61154752197733,12.268061472935065,15.19722433200122,17.913199033135502,44.630450165402316,78.73592588134349,0.5758978404472817,75.3124556713472,4,17.329820307927193,7.66319263981224,6.645749229553443,Low
S1496,34.5761626052769,22.398932083761487,31.430201693388874,15.859310909357553,18.709436017119657,10.262842228309768,49.109419651332786,58.31125403347869,-0.9349293068443213,83.01134068241477,9,12.562532326557788,3.959708287397463,3.274518253375438,Medium
S1497,38.270144336440566,20.73347816157942,22.595130255286957,15.475101480082005,18.67354881022326,21.3446935086144,40.75311187431744,78.31735548996869,-1.5746006231292409,69.53673716393978,4,7.773541397872341,6.0594625379884555,6.193983276639315,Medium
S1498,29.271044807727996,28.520055527222603,17.480297909717315,12.50037974104997,15.567295997152879,13.436429983995922,30.598927046469036,69.1378619799637,-0.7213750070663659,69.47558745783103,3,8.222011194242278,15.043270650287283,3.3204230829056893,Low
S1499,35.042805055647065,36.01007019226321,19.602078833998732,16.290945131101918,16.295165515594125,25.69250169031633,29.55560536905083,64.23880154822753,-1.7030884200943217,62.00735972531463,11,11.599118243387904,8.012431522295108,6.982740601277723,High
S1500,34.489129580676654,17.301108500630512,42.89753132781547,4.601779647958669,7.826770877258593,10.755873030575323,44.292357575106855,85.89829829122455,-0.7908393367575921,88.52746543144491,1,21.688492746481817,14.186757978615477,0.9188719698682237,Low
S1501,29.81516191528026,26.523833778518227,30.13436195566379,8.300997373489208,9.125908112847297,16.219893393572097,33.6225876533806,69.26225373727746,-0.6698189629246922,77.85935083066538,5,15.898702750244581,13.786013974897585,4.24470996181478,Medium
S1502,28.792497171499342,21.40265889668861,34.24829968965863,13.779294711941358,16.267104941577966,12.348350310307064,33.38643407272801,79.43480564026424,-0.7897739794803342,88.95540036274954,2,7.5575857477858825,11.994766168172752,4.677355113226835,Low
S1503,22.956421197409263,20.716265878971136,33.41831807072886,8.767958522345173,15.665727734109868,5.4453742463297825,37.837482186330824,78.34961922570108,-0.35604689252290533,98.0356484945969,0,10.101455686983156,11.002641494011252,3.131242479440458,Low
S1504,44.31599491828054,21.509203489920864,25.18518311124415,15.42241163405855,14.076165164882031,18.132955208068797,27.4519194772075,86.8173732595807,-2.414798852525313,69.82309933109545,6,13.325664332488794,8.561985018520735,5.652119142014715,Medium
S1505,27.925782413783285,16.666288781472748,29.465560796464576,10.768658033505703,3.072852189430659,18.91467047230344,35.46650916445102,74.78414030549717,-0.8636325482002871,84.46680623487548,2,14.303424816150367,15.088165384870656,2.6321716980992536,Low
S1506,21.906792177707235,22.10912016987102,34.18149521579141,0.7343755511980374,3.927713895035349,8.216549077741336,31.235305147921693,91.84617421612361,-0.8437843274783547,100.0,3,16.577918076369873,13.673228691639244,2.243883195555947,Low
S1507,33.18547622796139,29.76321060745042,20.86373303396708,16.100734626877788,11.466933662567557,22.70769074558962,39.29727527050372,63.62748336224667,-1.2687318649690689,66.70041284732386,4,12.566964484233475,0.7930509274912119,4.490496824544294,Medium
S1508,19.220359702563478,14.696491191791491,37.96553360450668,5.888291068314089,1.630595030454809,11.289513432156898,33.858786869566245,92.00693348517098,-0.09690508501342711,85.83541571059332,2,16.218881282143606,12.7272262170832,3.7074396217246353,Low
S1509,34.37602091837852,22.308812487291647,33.44015155160231,19.638406708751305,10.827745478093707,20.066177239995504,34.78180738629154,64.917117822169,-1.412197532665697,59.65008454277711,8,14.111474301202707,12.70493137422489,6.858919193307486,Medium
S1510,37.59218481284748,25.325165790330395,30.37996347112884,10.172178953197244,9.947073079008053,10.398773969863681,35.03968519918297,70.82699765081371,-0.6965041456600513,80.77387509768668,2,22.753723599893455,13.896574653814582,0.3593224113702411,Low
S1511,43.21799817470807,28.799303720986195,18.830045184128913,25.198751858378216,23.276944563356967,22.599541693469607,33.604495906538936,51.07200438306683,-1.6892730407807894,61.895018867055214,8,4.903608217340402,3.9675745844231383,5.864589931305904,High
S1512,28.016435307232257,20.63722083880831,26.52842258297157,10.331202964502891,1.5665842468761557,18.622534518467283,42.253922137995204,73.83642952028978,-0.7892731539361926,67.35050096235202,1,19.04814869693257,9.871577553609798,2.3516477502303865,Low
S1513,25.775088060153145,22.134615127896094,39.93653210655505,13.21840150838174,9.613874963857628,17.415195492411872,37.97314664585633,77.7811680431433,-1.2768255168442104,83.51297992151177,5,15.918444140150465,4.208765123836768,2.7129251914181767,Low
S1514,40.516032514432666,17.241467667374685,25.104376919237946,18.300502504885642,13.769102473555206,15.976075548508595,31.01011190436827,96.2483236330223,-1.818352562883202,72.0692502801068,5,5.338900425584388,13.367074669213531,4.793962068013713,Medium
S1515,36.47405359680032,21.383683409641684,34.85255182960099,9.653555016894698,5.613730648084862,18.761883357156165,33.90947063382229,100.0,-0.37402331541693856,83.65238575143167,3,13.467899601869556,15.317954169497328,3.404628294689768,Low
S1516,40.07125521510071,28.11831743579333,24.37784582552467,19.533702221578515,17.326391023086835,22.427062871482462,47.836259945478794,65.29418822636248,-1.522880564067019,60.356458818125596,2,12.46275569475072,9.407914286423715,3.478654094889375,Medium
S1517,33.863472950145514,25.27640185837493,27.18163556479225,11.701347808665295,12.15658205070719,9.641000871380683,41.453361748187284,82.84332712509713,-1.6803050721467934,77.23102276771083,4,25.73670103590557,10.208548922557181,2.362436755227599,Low
S1518,20.616295667224303,17.22325228780114,29.337428344114628,5.90767030103671,4.49452565978099,5.869217941127808,38.09680331906684,77.46361202836192,0.47962147726604887,100.0,0,15.514836824496182,10.101279070142972,3.050817820048117,Low
S1519,25.10682456529428,28.198546375923794,27.288121026793206,13.89420532329486,3.810131948944689,11.680549755804806,35.29498051278278,68.75730997361653,-0.08299818426044595,86.76134802052883,2,15.436668601976159,15.32145025163216,0.9926967552683723,Low
S1520,32.426848063733345,34.09050002705286,29.47794290865177,20.84413559826508,18.047529142394612,26.64058957270832,24.725288384082006,67.00099184635778,-1.9221861513315313,50.732286423411736,11,14.096520627014403,3.1184230319532213,4.278361154723897,Medium
S1521,23.33330884575552,22.365147981993385,23.66413788503005,10.005267345304787,8.400042182892935,23.333417368842746,43.18384906708758,81.82088752076295,-1.0694283959517539,90.36797226960785,2,15.130959084361303,15.238863468350914,5.177896428850587,Low
S1522,21.497271901420234,22.798452607286855,32.4146725465231,13.83893382894817,4.500476315269887,13.964254182021442,32.160951679393754,83.75834939329474,-0.19151973521407262,85.04506839769203,5,9.403167112370383,14.45780612129392,4.0453726354558395,Low
S1523,30.866669252113013,30.868735547345164,30.25552390944557,6.9307144140880315,11.433972851935836,16.22067869824451,42.797092151597994,86.29896632777783,-0.7927781751164702,81.65106331077244,4,7.094534415314541,16.85248140272909,6.084103136297854,Low
S1524,18.06672900730069,23.28232002514954,36.54067038553294,8.082112236646378,3.6140999443715227,7.917246923249252,42.98134825993542,80.41439436673639,-0.6058732475471824,91.61065506024923,2,8.313058794701178,13.614639763129915,2.8312472679889673,Low
S1525,26.29435094001492,15.889008061989632,26.064759763110267,8.220325161171854,4.745834926500846,10.187829765344807,44.59980171585214,78.26679235008078,-0.32806465919521177,81.59208465307835,2,20.029715072086784,10.106422279575174,7.1078773371966815,Low
S1526,28.376911587491676,26.691187884836737,36.27102992101963,13.7540715613346,11.76989040680067,6.8977969030309465,41.07981095275835,84.41362830854092,-0.7785531192525076,94.25323637767475,1,10.679849278640324,13.950153583023917,3.461034949754863,Low
S1527,46.16789453224476,38.167159438007396,21.437990986677217,21.197427741034907,19.606201999792987,26.208462980373877,30.264370326091846,69.87972787988922,-1.0804802395758903,67.1096881732434,6,21.677632245254745,11.342407403973171,8.034991887386482,High
S1528,27.754129359534147,31.60476953298992,44.16303021227412,14.650098056417031,9.199219269948447,20.425835694430685,35.837353641887844,67.83960853220691,-1.0579685362610787,74.316233831686,2,12.249622341842947,6.962767830382309,2.869178279719921,Medium
S1529,35.44239134825293,20.89336541960733,19.38932411947738,15.997541901817682,13.026502420465404,17.794430586734226,36.19680160668218,77.85897758795868,-1.075267040174047,91.13399187795619,7,19.116884707510852,11.562744605048785,2.9999573485191706,Medium
S1530,34.2789461404474,20.294268782436355,43.82371748362553,10.825664223472995,13.595598380257266,14.781717727958545,34.554263427086994,81.78001091098517,-0.7583561662959054,94.2268363962704,5,9.59133761135658,12.994846459262037,6.454255653157471,Low
S1531,24.61369529969488,18.26711444320315,28.259661848833314,11.278252284303152,13.137884747090116,19.668251457430834,26.272599055081308,77.22208897398983,-0.3152802258619544,86.33053251254397,4,16.163796394970277,13.734724562676849,2.9511013812828955,Low
S1532,34.42459518654578,23.589011495376194,31.05053198004152,11.900225451298986,12.157635777185456,25.556270577488213,23.545771411754018,72.6889974004964,-0.5800808426801859,84.15868836403972,3,22.838438781847227,10.771458864587284,3.4360557480181675,Medium
S1533,32.127217849419125,29.50043668037994,23.24718933426902,12.394113670519591,8.330956783052077,14.592939487631718,39.13492622560424,71.06156876922397,-1.0318373063966937,66.49502739841503,6,11.749240205459472,13.189628439286189,3.716847508375008,Medium
S1534,25.945465655547146,19.185531085953865,20.52257947735363,11.707325066612228,16.249907526805675,3.733063469950613,35.538379324370084,82.42152944834159,-1.0789109633022147,86.98091804692977,3,10.520727358805452,8.458358950554686,5.374615360604486,Low
S1535,35.28663194552827,27.637642169730114,21.819580374320804,18.51296982861014,19.241928904635806,22.050987923866902,39.0868757563346,60.558027716236424,-1.811829986382083,71.41077226792076,4,10.130470456136852,17.733483203323075,3.522760316555816,Medium
S1536,28.12019168593037,11.241587277683669,27.923245898931025,12.425937116437181,7.055994956069991,17.491235452405867,34.46767848757895,69.02928083798972,-0.16812975701687227,81.76522519180303,3,15.01276639777736,9.898411723147998,5.58879188302503,Low
S1537,33.01649850428149,34.62062245718898,27.041777372502644,18.751578972831382,15.819007251082637,13.091372179830985,33.95641400858413,85.34793246587002,-0.671916544088107,76.44739067868366,8,7.827549466873828,11.801735060198189,5.385425294850302,Medium
S1538,31.704268583500596,19.89729965074498,32.18519393887801,11.30971648452465,17.163127121923555,23.32539521341009,39.21608268397407,69.23642044299388,-0.7529205929837596,70.25209741722045,7,20.631470733249998,7.700976138239745,5.460230940801273,Medium
S1539,22.970220671033623,22.255097672569615,32.10848517593849,5.240712917347105,9.685719196735592,10.570890912612148,46.64142998104767,88.08970440888486,-0.14259461344037755,88.62786650948851,4,16.86504428308999,13.239467259259449,3.258991174981574,Low
S1540,23.972483264933725,18.813489539992656,34.28218904984765,2.953478357740271,14.532237803059754,10.23180900211016,36.79181679798084,87.08709307884713,-0.03896315395743222,98.04219952551259,2,24.82786023840616,9.63414500177435,4.531731851876203,Low
S1541,37.75086669111225,30.071587402815958,26.174295628982353,20.212979565063954,10.57728601629718,18.65072315189801,26.57824176439901,72.42808101801937,-1.268649977598312,54.66614888892338,8,16.466383193499006,13.365274182154021,5.381785208434162,Medium
S1542,30.905783528415,21.959372440832198,19.508877804452197,10.477884612811105,5.0490594813967355,9.354741545581911,43.970354833086134,79.05649861781572,-0.5947421831307462,73.57182073330999,8,24.536785307761342,9.084301196175389,2.5873617701989238,Low
S1543,30.833968889828743,18.398817644435773,18.681560344895985,4.386825250509764,3.4162078140940757,10.884971905680985,34.04862304054232,79.89589142390773,-0.5647362687143823,70.78677827713112,6,8.630001697950709,11.943285311063013,4.895084622806885,Low
S1544,26.405593094783228,18.176092470919073,22.405752197895545,17.604597725779662,9.654280859783295,13.968096031007656,34.68035600382537,72.69502478274244,-0.5024871653521272,100.0,4,20.332897534301075,12.817918525065636,3.075971659367192,Low
S1545,29.720236765078308,25.249693733986348,28.706651497483755,2.449064201742127,12.0405061786786,9.448146613604852,34.89876963671181,66.42038549097654,-0.2608585458988049,89.25791691675367,2,14.237889323438846,10.031370043600965,6.292451156229163,Low
S1546,44.63555207021813,35.35854687070695,13.245132255262932,19.15446408869368,19.075888568253404,22.515042055343827,28.671811735421247,61.630830875850954,-0.944497031625866,72.74741497537829,8,10.870006310756969,0.0,6.875937297479959,High
S1547,44.35621319884391,26.54437647303287,20.62461385719469,20.9023733329671,16.127495862178808,21.131803647570578,37.81803191993855,54.70810699368642,-1.9937695958716213,76.73774206833475,8,6.406139288969284,13.77805112635242,5.932490196251171,Medium
S1548,38.30047731218794,16.47665851690891,19.831437403143795,11.39960827189659,14.977041727372052,11.486065368375625,27.33124569248664,56.826322616949945,-0.37971866080401573,68.06925230681112,2,26.058089207383798,11.866021868219383,6.470901193952303,Medium
S1549,33.18142381797906,18.169973118932784,32.62878577562858,14.62318113806415,10.171210079483982,14.07400961621927,37.0806357561681,80.05313229695088,-0.7352400389000988,64.56707200900833,2,12.086113932204817,5.213451602193832,1.5895444574513848,Low
S1550,43.648795240513635,34.84087917830672,29.69288849541777,11.544683786503048,17.48255706556865,18.583152937961202,36.209555986423375,57.3346698072328,-0.3286394409975988,73.34231528909369,3,16.91754269539697,3.1158877936381995,5.485944720358308,Medium
S1551,29.248961970650953,17.052152061610343,28.960229877924355,11.332280119277183,14.512264089934268,16.4631886574171,33.58479084321055,87.71218484703954,0.07044564588858704,90.88482665842501,1,10.183062988876214,11.452636627334591,3.565070630575604,Low
S1552,32.655544031538994,23.336233612644012,16.98354551804116,5.1000646739769415,9.21527463773445,21.681823643915145,45.11166872675485,86.09054359754727,-1.3976011801494261,75.7747523870506,6,13.434356503754678,11.14122659829288,3.900492016688892,Medium
S1553,36.25599334555045,26.108671384527288,30.555304362561824,13.722025939602155,7.4756487728372925,6.354109205240283,43.37545069244988,71.40514041465107,-0.4025935310008084,75.98227441492794,2,22.88550512805942,12.52851441078638,2.5858399313673655,Low
S1554,10.983192548819694,16.055949412768115,34.20393461266637,8.693931784416142,7.818724954418206,11.47877970148158,35.427611445928726,85.85107341332379,-1.3019597435090273,80.3773184735581,3,19.522454878639113,19.299575279008785,4.592483497421082,Low
S1555,30.751380641266532,23.629013519352117,32.771842152741215,8.077840849419221,19.212754538949977,7.533123892464761,34.63477639726477,88.31426484460818,-1.1387075372741526,66.65255506245542,11,9.617712064833778,4.539054497313811,1.57180932881149,Low
S1556,37.173076329147996,27.700969600499953,38.974069153839025,16.243495404829783,9.60186210802473,19.00625944347364,41.0015040949197,70.94932774086382,-0.6949780108603996,72.64412821274011,5,11.187433252549768,12.35777804696842,4.890871240655283,Medium
S1557,35.3205773596726,31.894444414498867,35.45943152489159,19.86401905223252,16.892520315552613,19.558156240346833,36.31245749165961,80.29980401251679,-0.41006385351733593,69.05413624136976,4,15.812728856615916,14.248360237963638,1.9381964211331488,Medium
S1558,40.56741633046495,17.963567441554545,31.3451641006355,7.485684906654159,4.707955406933414,2.123602467997854,45.313805451481954,98.30840622571343,-0.584514616688506,83.79157857177303,6,16.198758954096302,15.0213298253237,3.180927817274548,Low
S1559,32.38651263764634,31.43974345739731,26.1791015305622,13.638419469205404,18.505522917503484,15.070341484190712,38.6576245764995,59.99409131561958,-0.7265469334847351,71.66081427351283,3,7.747404342068257,14.783701351402279,4.294354924053167,Medium
S1560,24.758030614344484,19.122051351706766,26.39512424648104,8.470399315585459,13.384259048433716,8.494283189204497,38.75245221226632,72.1687610031214,-0.9041881906241018,89.00806801329334,4,14.776974208994933,13.255745534899683,5.8071311783389294,Low
S1561,20.04947095652874,11.938272224595083,42.10803456139974,3.287048092994477,5.6084940235681975,6.137585827425814,40.78170189786327,92.1188762291916,-0.1463012299864141,84.45234493242741,1,18.449585978140302,15.437347389889378,1.5416433577221276,Low
S1562,30.889583548944962,23.687176339248765,30.419997837411408,8.937145785977929,15.362149616328617,12.023615338925014,55.17368277642575,94.36056914397642,-1.039018621664562,82.16398672653905,2,18.378364780238712,10.704870192817562,3.9413782410332363,Low
S1563,32.40978150778301,12.653394533578135,36.20233913528487,5.855401984339882,6.093349191392682,9.610852421360258,32.16860440923989,78.2881043931793,-0.2028442619991922,87.81673713226212,2,23.000544046908097,7.584975804813109,1.0171061525249498,Low
S1564,42.122146686982425,28.52121047135838,23.087816586890874,13.791631472094473,11.35378618270984,22.226551491951078,27.85280704856759,89.95383657595816,-0.4212513901617957,75.84592492584227,8,16.659016022140744,11.850703854128286,5.549021938511588,Medium
S1565,37.28993623773772,44.80424773319756,17.01253984879751,17.630154022312684,24.4762567327596,20.206641105684398,31.523337798739497,66.45763574350146,-1.4340691234265164,71.18169333534078,11,13.264079010561648,7.767027493405017,3.5174596672118623,Medium
S1566,41.18229529762259,36.46180636765537,20.64762197182346,19.2174956875052,17.175697444114373,19.57740678424625,40.461228842270344,46.377800679666436,-2.278927822256734,68.28155242518798,7,12.252995054042888,5.6504929470419505,3.3162180967840245,High
S1567,26.636872514878423,22.231406139763582,27.365502158630594,15.800588381008854,14.688323485097715,13.740942736573311,21.338727667537036,89.15102043333303,-0.6774523041565248,86.13424870978206,6,17.731710382598706,13.387615972630826,1.6755879722742346,Low
S1568,23.450434906042975,25.050219653628726,32.558727015422406,12.476715381226954,13.74565478001773,10.255147338085408,26.182057737620518,77.90989146142103,-0.126203138155227,89.75990796297384,2,21.91035364935457,14.930168029534048,2.771574278097679,Low
S1569,35.668100228777305,18.691842686186835,24.31330816914128,7.215448886025251,15.739834272581561,14.838018955647694,33.42690644087388,78.9766624025083,-1.2939583540571014,80.68402538796614,8,23.449803780848587,8.83736756020702,3.7366040092144654,Medium
S1570,37.84101555696153,19.04559371063167,29.251844012309896,10.489605453080262,14.474656885069269,12.138456648120304,48.788974801920794,62.964700441109414,-0.1654761114851443,73.93827674744489,3,10.418484449054574,12.854448278830056,5.668063890200713,Medium
S1571,27.43612763578192,23.35221295444847,35.51271050325151,18.74026581654639,15.584937467707416,17.062352483613374,35.78362567719779,68.68242286934428,-1.171973356925055,84.32982272746321,8,12.516096203179531,11.179873935187453,6.4677482436570966,Medium
S1572,36.779027209041296,27.89030235795682,15.623683073746466,18.62749619715129,20.43606928057364,24.87024326666175,26.799788037071863,56.23508098633622,-1.6252572442723623,64.52213366018606,8,17.581797469808198,10.779000100729668,7.359955344435376,Medium
S1573,26.433462342645946,14.65256800238475,17.709272874436717,12.45696491866753,11.778060828641966,7.655018071846653,41.872749593015655,66.46765782605554,-1.5022183534165676,80.42652922762275,3,11.35329395385397,17.566637947106997,5.255863181079482,Low
S1574,35.161787171391566,22.14155563835307,35.97002576753182,14.629856771160275,12.647980477435052,17.344199888925512,45.63460707263104,75.6049163605432,-0.7329945969531478,70.75888809895538,6,8.31788780032524,13.30054344367653,7.281629053533587,Medium
S1575,23.246747515826513,18.428518517156757,23.104644675241005,8.104817757917198,3.2605536650655518,14.405526953404802,34.092129905093664,87.26916107187205,0.4928495495309871,79.6372248754485,4,14.300813483177267,14.807243242125512,3.7209074351276037,Low
S1576,19.492678603548338,30.009824379870032,27.24459621813763,12.135771478117796,12.84247382610396,12.294136916454638,39.07645203559007,72.85100019471906,-0.5466212430915546,77.86406296615306,4,15.987647803515257,8.539173604494387,4.529899009893025,Low
S1577,45.51479046112539,24.930341942778156,26.353075944499693,19.781473880994657,23.87071607983861,29.045579099115855,32.742009548851634,49.80789801371878,-2.0067985341736603,60.34162900287024,6,7.769792148620348,5.463776408421104,8.83981087482152,High
S1578,24.65389620827339,13.006808783117807,30.94185437344111,13.359992493950433,5.040457538787137,11.188448873644415,40.96506649438708,71.15131450977023,-0.23709647481875323,78.61745181072777,1,18.885456691986533,14.951397276338076,1.5627464336695944,Low
S1579,33.40778075619227,27.40254418152887,25.917273124599024,14.944886441491308,14.455372633088675,14.172488761467168,31.4842562629813,72.80603803437876,-0.7522233700655354,72.12770718738733,5,11.664446478339135,4.039763756939921,6.290744244307073,Medium
S1580,30.606090191197143,27.49690349982732,30.377489522267023,11.290694625273913,12.769760864767274,8.330536253612443,40.40052576757776,79.08611371354196,-0.0939194325848276,82.76904461510028,6,14.228645055380145,10.87742698343578,3.6148843700809623,Low
S1581,36.37913979034251,29.449942329866108,41.34330165101913,19.63332707267356,21.572242723182256,22.000412223459456,39.18481968271767,72.6436371818799,-1.7866863078174116,67.25701440728308,5,4.63946267323438,7.2701971454571535,6.922778543151434,Medium
S1582,36.766910500182355,28.102426232251197,36.991968411651044,15.277873749427654,10.795860958437373,21.51937744003785,38.49127542203645,82.18641869186078,-0.3823742914925752,90.13902958024813,6,16.04047309632667,9.79555934750774,6.6699432261672875,Medium
S1583,17.144360106104084,17.791380595860396,27.661832587388655,8.9515405502672,11.984788626618982,16.915023874562905,28.14874578209503,87.19256007218057,-0.3167190365922057,89.19274472188823,3,20.51895866788939,12.443646200832935,2.812095898266255,Low
S1584,36.07245915185258,29.013255919810252,33.330780990679145,14.199939308184986,13.138310512079233,20.378877690412796,26.08045244764112,74.6649554557618,-0.18667584807761906,74.68065664797996,4,12.685360362839358,11.269223455157654,2.8510149444309483,Medium
S1585,13.709041880068035,21.73790500454251,36.08045236645655,7.246119211633313,4.648582709191009,8.46591518488675,34.56287511445852,100.0,-0.1825517836134595,84.38543463460367,2,19.182906266566476,15.81919187927685,4.675167587951545,Low
S1586,27.8281658932626,16.897717808562668,32.49470707887525,6.8869839758452684,4.193811865078647,11.43193305045777,40.01278838266003,82.22924826949888,-0.030045695545757423,89.73419062407852,0,18.82386656227729,17.59271883443741,2.0863700093273154,Low
S1587,35.4383959160789,18.134069053488652,23.644893445819942,10.733764698143212,9.467302300734955,14.953260781289368,39.41660181843485,95.28431773816921,-1.2620331248339918,81.17203788768444,3,20.530519719976894,16.016319681166358,4.150914303357726,Low
S1588,30.4013974019266,24.0845880156781,27.361809319341187,15.963386769898538,19.412104411117628,19.844425828346488,26.77787947480371,77.24947215947478,-0.8870995167453477,67.38180855108868,9,12.836627113478427,8.533442988866213,3.7704277463285285,Medium
S1589,33.76272652653354,29.09012064913896,25.891390265438016,14.006646210787476,12.815719228034716,14.468642704342413,37.097199178147754,70.64781052526793,-1.508101414588134,86.95630953371457,5,7.5049774566747525,8.757779682036205,3.8832075894521325,Medium
S1590,30.96255279389121,11.81995911116746,29.31664526293362,13.614278561049783,11.944143015916547,4.1033934117907,43.40371181757378,88.49139072522522,-0.31974325067377796,72.3055770569999,1,26.8150392031909,10.0324071149677,4.659798769985942,Low
S1591,19.54653254384171,24.818536393045065,29.322641504667146,8.928028786791401,1.8025210875110043,4.607978873078164,43.291384985368786,85.77022220947407,-0.35859393960477093,89.09048452642662,2,25.584848891558536,13.137116479258585,2.9360574270537274,Low
S1592,36.30355527996317,23.067670293663028,33.23771705552252,9.031572056451743,17.101457296715036,17.30452858844369,32.066861247044194,60.399313894850806,-1.0788823162261931,80.01408562220085,5,14.03956146608493,6.909354317377501,3.4601461658991557,Medium
S1593,15.614562215894354,24.180932915139397,24.668616940510052,10.91667528895179,13.605119557332422,3.5719725908936137,33.972838611019036,76.57745774769525,-0.22071493957793176,72.56015229033862,1,16.194318271200757,13.825299011003539,1.090186549448914,Low
S1594,35.85119141702171,26.796718950529183,24.21400207090263,10.73481438520417,6.428166016222587,13.057521885282483,28.070506892434985,63.75869420660539,-1.0063281210957882,66.05028133671348,5,16.47356780809732,15.778588774074773,5.104328495891005,Medium
S1595,31.99343976866551,21.05634628501428,32.56154546036206,8.225482213759594,19.552230315731283,20.10454716810895,45.70455634442293,75.28286200867987,-0.3946399920673328,71.89933132113089,7,10.461787679660002,5.11160507145697,3.7458097478204513,Medium
S1596,33.91781608859322,24.86608116414248,25.009839410117408,18.266684493821973,17.308633058339716,24.755043020346506,36.761391980246486,75.11409055305369,-1.4200387614424383,79.02034860854432,6,18.27505410993375,10.171712960620598,5.303698122746561,Medium
S1597,34.153075526506626,23.04614461931526,28.755767900093705,12.001929732912451,14.709388065569028,12.0151462480344,26.633449900546694,75.33873247486639,-0.673176465881055,73.2437313608177,4,20.620955364588163,18.269296452389263,3.641270890887846,Low
S1598,46.421791038112445,24.95167003151601,30.5321553088545,27.312042432820387,22.4227897094172,19.382305447380777,40.24973972651768,66.96217988515401,-0.34711890235811205,63.708038158989545,7,11.035442168257848,3.3854581733527835,4.917003079426381,Medium
S1599,28.54102538191406,14.551748123452384,39.21473596566517,8.55387560316484,13.274461911517651,8.499025683266737,41.506312852325046,83.15770854109337,-0.4281346985413942,88.59194265352174,4,20.427962284029018,18.952950474591177,4.152360317492618,Low
S1600,30.67739180354803,12.218146687244118,20.652632235416732,4.002355651051299,6.391942453345932,6.084201951897925,46.11223846599894,93.06744535470781,-0.24863733756096823,86.15146092891514,2,23.952498932668227,10.717958601303147,1.2242008071133017,Low
S1601,28.350286144886518,33.93909335646819,24.557333026781677,14.401608747388092,19.504666267029027,24.75329406601383,30.201685863961934,68.15242080438354,-1.219362496939789,65.6936669033948,6,13.399035506693307,7.4139215698855025,5.447756996221378,Medium
S1602,27.2334067314541,20.112554267403684,24.19621530558576,6.316567420838702,0.5704645403322424,15.95205551243934,35.924381474044715,82.01706198049455,-0.47741776454740215,83.5377380246506,0,12.972078353567392,16.22108517747282,3.40280210103644,Low
S1603,29.632224888105398,19.26796002751967,26.50389348142999,15.595101819668123,13.985480758927434,8.303267521736249,31.007220003714988,81.98238134985964,-1.324057320992715,73.99017433016985,2,18.488651466442324,13.736794486313585,6.079739617289828,Low
S1604,33.556960383489944,33.36224200682771,24.46074951907247,21.817917052845505,24.528540283873998,18.152428395729412,45.70386687711002,66.77118721593455,-0.37027037618946834,57.69962636316207,5,11.882772986436006,8.978994553209102,5.5778679664168695,Medium
S1605,12.85343076183407,13.308694114754214,31.372769799865736,18.7020997029918,4.016213452091712,0.7433261201772652,35.99532124468102,69.41997226113378,-0.4029091488763682,88.94679019277214,3,13.327795814796726,11.147268786726135,0.711546604903823,Low
S1606,35.754411181747614,15.404319741100403,21.231061853941217,10.330054634557527,17.802556758758154,17.057480724342852,29.190538767108123,69.42404137341983,-1.7768769010439658,83.2011090162964,2,19.08053288029785,5.961783409644876,5.551298687107814,Medium
S1607,26.892804892911762,20.49712865646506,27.034147398213754,7.35802320185208,13.903710738985055,6.260923723306389,35.11173982496023,82.33973330819016,-0.27901157471925125,100.0,2,19.97711508504447,13.888193795858957,1.171128015576958,Low
S1608,36.78105617573299,31.287908695662935,33.32508288173345,10.319627790910573,15.007906021548369,16.298111365765315,34.02066762783805,77.08035453410692,-0.6272387370023946,88.8850144296516,4,14.01837395272863,10.928103995572302,3.0090419350976143,Medium
S1609,26.415447204200184,18.216594370415102,43.889061827008135,6.828395099985613,9.485383312105977,9.121909297063763,49.12252433799084,89.57373215727782,-0.14653740336809815,95.2487729973518,1,30.0,11.660356830854079,1.356794505195705,Low
S1610,20.07843188843809,8.712899501808531,20.274950232161036,13.682212935517821,1.5567360208782848,11.67358998813447,40.08624275928947,68.88535560362907,-0.3393304749406617,100.0,3,15.38459270923774,12.718013155062984,2.5102401780014083,Low
S1611,32.407676131798034,19.645541843086132,29.461798870464477,13.211764360324844,5.547290634015537,4.655895137534652,45.019644762119455,69.73041851503862,-0.5582833394315758,100.0,5,12.42761089912028,14.09824157980516,5.130035079343576,Low
S1612,29.184794146502817,15.389555302790065,38.06995084819974,1.9320272712890327,12.30514183615967,7.835880901673619,40.83060138215245,79.29283674783214,0.036523866192526316,92.9253317884387,3,19.724898989571034,18.57449551353863,3.4185452088461132,Low
S1613,31.88048777124096,27.43538673122306,26.896132999092217,18.28295608201578,18.331293935631106,10.815880547002154,33.64642281089925,72.06307030931767,-0.6449436628330592,65.98683336949371,4,12.897853684837633,11.562520854753092,2.9860611755512076,Medium
S1614,31.590106733154933,19.9220259473331,21.44910101980896,5.704969158723994,15.226619352594357,23.02170065745448,29.165738611371935,82.56358304317794,-1.0120692349037541,87.17874795025867,3,11.711687834871618,10.634190646805196,6.558542435445867,Medium
S1615,32.56043944197564,27.117582131310986,21.794537289284523,9.265290933054589,16.348025134662098,19.744755445665056,42.67168664751425,53.04715548490655,-0.08367366401009524,57.80218057547725,5,18.77287601343408,6.192244737660782,7.037878032061677,Medium
S1616,31.61427246998825,11.267457898263714,34.286996814558194,7.371670568578525,9.169569722187836,4.2388070105691344,44.26183326766728,78.72930296668945,0.1836585406179932,81.17218445427922,1,12.368053640992866,10.674982916414832,3.4668589675661408,Low
S1617,20.6125373674884,22.64603239007339,28.25396348531802,13.979899374716313,17.836047663384374,11.013834333266505,43.22309982734626,78.17214424204991,-0.6564461586932185,65.26536998476416,2,17.62648533447047,13.250909992799064,0.158176658805798,Low
S1618,25.68477469476251,10.493457469992244,32.90616759672245,8.800724478426847,6.759533872617725,9.480260487523735,44.34701722413021,78.33491814183125,-0.9000110222178043,96.00343268743467,3,18.99186203259764,15.119821078226856,1.335863051991295,Low
S1619,23.657570316636267,22.500495434386536,30.90000726018125,17.93652594322254,12.579040060509735,14.777704196601064,33.08262646900588,81.40063974032293,-0.4742009706128449,65.84969938398069,5,16.756845499916558,11.98565323138755,3.3419009141124807,Low
S1620,32.66192775035754,25.808217533496837,20.93359523316617,19.998261410361877,20.796777972539644,27.218287009518072,34.30956687615431,69.64053100071106,-1.0491525234947734,73.82090169771399,8,17.040289345944682,12.795925534743603,8.123377672892813,Medium
S1621,24.18849007689475,10.142632477278699,31.762135256005138,15.422270380604996,12.101330974650669,18.186314624516708,41.09632640456678,64.95852692295672,-0.674195431786025,87.77612820419175,5,23.760572918429865,10.895465758975874,6.700629150816294,Medium
S1622,22.665523855823228,21.96283431203822,29.889517721546483,12.614814957667562,5.339900662871358,7.958119658356075,44.16899933050898,87.3810914834705,-1.225734521640432,100.0,2,18.20506917321762,11.856828175422777,1.3003643921180117,Low
S1623,14.858139809403667,18.415052401976553,28.25855281717063,4.448321579950408,11.958420120227068,9.779615020235763,40.46712287936147,87.43035483831707,-0.03680444252484142,82.98372733503558,1,23.873991732135497,12.001891376621836,0.0,Low
S1624,21.355551216512993,22.62347339896867,47.733764230452806,7.413756374477082,8.053406626175043,9.575182135024345,51.42053936118792,79.30434884902402,-0.3261696639671333,78.37290282912365,1,19.68850878427406,11.767916028789454,1.9410702158531792,Low
S1625,42.53518151789512,15.50020338486407,26.3201385228403,17.746700498400298,12.134345852242738,18.520989139996136,37.72246623503405,69.70905415869764,-0.34648150768878627,67.95852648410154,6,13.823764731821695,12.539789629330311,4.94827248869584,Medium
S1626,26.80020333096309,16.369385659833,15.917675779544915,5.755061128055343,7.932802887595281,14.344836403424042,45.61088533970896,85.52959440324355,-0.40237370030393244,92.74927077338243,1,19.471523579772846,10.657775834936977,1.2987109389457636,Low
S1627,51.792229832348404,33.102626659549465,29.444972631470822,23.994529027793817,16.757844388379894,22.748132725415818,32.478539269872826,70.78178578880753,-2.886570840317147,69.7409855398394,9,10.375803912563981,8.452406086531244,5.054805205917454,High
S1628,25.656440564910856,26.312774931022883,36.168489115902425,22.194353180419018,16.874827555981334,15.20357750296355,33.54291106497348,88.35902037795842,-0.6612610472568077,83.40750494470589,1,10.370698299201042,8.224342100361708,7.287776727576721,Low
S1629,19.665533284929786,12.541770139244058,34.100910815986275,14.402788653443402,8.36350353686562,3.209914617786545,43.387003010202996,76.96018997649762,-1.4605596039654052,89.51166264969397,2,23.74233726856146,12.389418498399587,2.6530138688341616,Low
S1630,18.200214584726503,19.825533809330395,36.788635743403276,4.3110758738604,6.447627950026636,14.494530241475726,43.06699376448014,80.30702181223297,-0.04176548161183244,100.0,0,20.646391820067738,13.714549461212659,2.2158193509623523,Low
S1631,34.749539448480725,24.20114917075886,38.913428590654476,26.41463747602404,19.21770488854696,17.299270650147538,36.04876851038319,69.21806201506821,0.08759575003880382,67.05557920531697,6,12.530427967924002,19.632552387547992,9.254467395220805,Medium
S1632,40.365054182517554,11.124855277683137,25.17300296985139,13.157327271618062,3.142517258066299,17.522528933449596,32.223078251146994,76.20798905931055,0.14014821801361566,77.9757009518695,1,13.627506482665982,7.611492957087913,2.841970577668958,Low
S1633,23.64009949776183,20.807133517156952,28.62903648453745,16.25753666431527,13.456873244258638,13.891829351112133,41.28549788895932,82.97331772600941,-0.8266398985555123,66.36587668269934,5,15.72362452376526,14.410443020127463,2.8731646273018328,Low
S1634,32.90505224939067,25.417275009932123,40.93417407915959,12.456503091910507,12.017245605779035,15.838824438580499,31.316536518781632,77.07609458886928,-1.1142691219485792,82.77294868639319,4,14.076991064986279,8.787582756047314,2.89758764089059,Low
S1635,26.364689988008692,13.825122972737583,42.170704484882435,15.62243592555668,10.960017931556,14.899750486179483,40.71833191022616,76.63162474911137,-0.15207869316026035,77.78036461811482,1,16.175878804530033,17.242317514277012,4.410277124454144,Low
S1636,33.29800993450375,29.718879349850653,24.153231008698437,16.980758677126282,13.182106942314373,16.279005579451763,27.651275771564386,74.96262697836652,-0.8354168153142179,78.53259221198705,1,12.135409121460734,7.59444183064425,4.17107452542577,Medium
S1637,17.116682171894134,19.142315394589467,45.016836063599314,7.80400320642404,4.61264661784055,10.91640306554994,33.555006393697994,86.50919498986954,-0.4059628091683839,85.94475387013411,1,14.209407787341085,18.054777638469716,2.4861363215750116,Low
S1638,35.509655550820725,22.621875758773065,33.14740584956788,13.35873569042897,14.131855987109537,20.88808527760628,37.30695693565994,76.88240768156082,-1.1584969271953227,82.2479145080457,4,22.717232306329116,12.330500669456313,4.158357953957446,Medium
S1639,27.811046128300585,13.24854988453971,39.152883911365706,15.319605178217326,6.741737855576691,20.226153977256562,40.26152484127509,80.86258728625128,-1.0958232250979139,79.08007545522126,4,11.426305586865498,7.104697731829792,8.327933525602024,Low
S1640,39.542894155156105,18.509757004177473,31.155549577935552,19.736259966317117,15.800790698220833,21.38384347918275,35.657874928157845,69.09501907934009,-0.9411081364202445,71.12935903021697,5,9.325495653111616,11.281107294300979,5.890093826224408,Medium
S1641,35.94304038485532,25.06104330609224,27.79258881434673,16.455874677344315,13.636486625095415,14.41866481500515,30.810312822344578,61.68695293013843,-1.4137267917862313,70.3491751420533,8,16.15875919907277,12.240975361455158,3.586779986203908,Medium
S1642,15.215977701951246,13.274577960843573,45.33186420271614,2.8233397360468375,6.563728183939994,4.666890235266537,44.72962291513106,97.2484394986599,-0.3060038889879581,73.5990312018579,0,19.209321494170013,15.790871875305179,2.713512361101421,Low
S1643,38.49876207997913,23.744045452629265,24.018711354511705,15.557102721611745,15.159519256541374,22.009865612002493,35.6265293028068,64.5316629709173,-0.5773999024891572,73.05444448434389,8,17.05593113809182,9.887122867700935,5.807761015561551,Medium
S1644,13.800966340345989,22.62368638825701,44.094117140987194,5.221270163198994,5.793135062787176,5.4128871172754245,39.61386346264944,97.82148684358748,-0.5301317455571126,93.31159138009497,0,20.660034472747192,24.141405410266863,4.397473331644122,Low
S1645,19.324227549074244,20.573886683845405,42.15988902417372,10.044675491653019,16.31327214394962,16.09671240419377,35.58541968779697,80.58830363299639,-0.3713493889920886,73.21712184306796,7,12.071425070188049,20.00874845756623,1.3281287171645912,Low
S1646,25.373105896287967,21.46507074890109,37.202818349492816,12.46788576385024,11.610301788690657,15.29978616503494,31.680075070906838,71.2445611478857,-0.18556494097949094,94.3463906710085,4,18.56944087815679,13.165611418360118,1.8661564987901107,Low
S1647,29.781695273467612,24.94251450825937,25.989042319196418,12.199514426459269,19.483293991292207,23.85966164831472,41.03967088328906,74.41749857198307,-0.9464875288716655,72.15752915427468,5,9.920512600125848,5.159162259132293,5.565143940781292,Medium
S1648,40.744298731285035,31.0783631783273,28.208096945247533,9.57016090145746,11.86250679493476,20.152295542823055,30.63803130558737,77.01746002910144,-0.751352044924438,67.9628755324202,8,18.662066876862703,6.594310462290836,3.796226510859751,Medium
S1649,22.908213458606212,24.478045751314777,25.092769072947924,9.179089114153562,4.57367118849135,9.190001815629897,48.67887520168829,98.47601950204816,-0.09979988247963625,83.71957518377373,3,13.203127501811538,12.719655389066864,1.5854848804917592,Low
S1650,39.25656363398383,27.525378300155968,24.472737875874547,15.523027862987675,7.721916705837496,25.70226258705957,29.842252280325976,61.24734981368141,-1.0334399565842842,85.13267299569895,4,9.785640887075896,10.44966350202463,4.8845459596256005,Medium
S1651,27.25070527494278,23.75519172129,32.67009491790755,13.026597818877374,10.296380421700086,18.17244755457791,37.90147622188104,74.75356547512666,-0.38865424457074393,72.25707739986932,3,11.332529874407534,8.466627680210205,5.2042008476501085,Low
S1652,40.96489870691566,31.649146563769804,14.81372604828272,22.544399843865648,18.020776528583966,25.270395706395774,32.66662027547208,73.89034485058349,-0.7455262766319999,66.38211036495112,8,12.250410992912892,6.624532796909796,5.516938700530677,High
S1653,28.84093002400064,27.316334284417117,29.33010095214781,7.538423284099251,9.967029379220008,8.963807961594616,36.73599230904938,86.91341696021318,-0.09016177370380324,91.71113982750103,2,16.63389072913991,4.973963691043271,0.37956283115790557,Low
S1654,31.062263267086372,23.446812745797004,42.11981014038795,12.395442669689334,13.248397029377081,8.085531505227895,41.05876354662391,83.27342940294503,-0.7033646203831417,87.30262801391507,5,16.93435761007311,3.9285811743332157,2.7235267127883436,Low
S1655,38.393389828098506,39.186611108924886,21.64300314325008,26.92410472643305,22.416156462005947,23.193985816204766,36.451506195104315,72.82267222894029,-1.7411729984797377,57.34974849917149,12,9.465668557064776,8.425267876978479,4.4029962356651975,High
S1656,34.17665068690493,25.757315844728137,31.562214934427463,16.833916341176465,21.11003116489639,14.142714999502715,36.789416403123234,66.06817957376569,-1.3503020786849238,76.00829371956031,6,12.022571701121674,16.228465125018328,6.055772312482966,Medium
S1657,22.014326235685513,11.12613820710456,36.29602725112247,15.401518349483572,3.9743795069058154,7.796473675876247,32.214698877114685,65.90875073155537,0.19331545559574392,90.63824503571642,1,15.907512341781143,7.6740355285298145,5.776741312342347,Low
S1658,20.090539384837193,18.33678364922838,28.142302579165865,11.882058777538198,11.13716977986153,16.554103453167286,29.63113189220186,75.37429572295166,-0.9313279440892154,67.87630251306676,6,8.435607916606596,11.473672843687998,4.102398543464275,Low
S1659,31.836391878994593,21.990736302508708,26.71616732968856,11.395203988833698,9.823578654846997,20.71235239817203,27.70883049929346,88.93578989356376,-1.4926580274706052,85.17668293424074,4,7.141693891504287,11.00414822135895,5.112700417367126,Medium
S1660,32.726879597551395,34.73888033702771,27.214010960890253,20.114976798059757,17.20155430571773,17.519847695077956,32.67736581947557,71.88438643314922,-0.9371623718906972,66.65883202498496,4,8.963044111841883,11.804506492905015,6.148561399354041,Medium
S1661,28.061481265056543,22.810962158415087,19.59719499204215,8.678651319150305,15.93302464047309,22.285682277860957,50.62761259710559,76.03499244401473,-0.4020678629024147,85.33738309063284,4,15.912283563286694,11.306941323797874,5.054292724655449,Low
S1662,38.11836859696738,25.94220757174717,30.084731160251607,23.339692171728593,12.930828353596885,26.635801420875325,32.64021219770907,75.94642790628102,-0.6722907618041525,69.21674262579897,5,18.845217433242016,4.9475078756455675,4.659589662495258,Medium
S1663,29.368459468072544,21.19129624530877,32.67778927919126,8.802625515398095,9.684507183065652,8.244286700431772,51.53087665508683,92.99773259907226,-1.343245559224023,86.44638379601018,0,13.614094057792855,16.72341288186236,2.4579034489333464,Low
S1664,24.748146815342853,17.870257995980104,38.25288031603334,7.206847674983992,12.360910032778587,14.435673605377453,38.040493138262725,85.01930779190923,-0.2477739230161334,94.01893467306553,4,12.426798872574906,5.77626816169905,4.302236793544702,Low
S1665,34.15589479480036,36.74629708110617,27.14904971577073,24.657598386090935,13.645272874500085,18.612920211588893,34.17316059699055,70.92736372784775,-1.5592175284031144,59.022199350420394,10,2.7538373598928487,11.097742108384866,3.980838216053919,Medium
S1666,29.854564137301097,20.984356197732517,28.28499547926628,10.655377603901124,13.632888958672845,15.433811540634736,39.748200769075346,68.46945156114916,-0.3601466819671187,75.09923108469502,4,17.91447687588831,8.723178010998346,1.6496642387223677,Low
S1667,33.87418521324707,15.508232921696056,30.033282362984146,4.540203231697792,10.942678600456643,13.580680200638481,34.15254449299719,72.7485242332586,-0.9602644551128091,88.40042720106626,6,14.011094671679427,12.69431675111534,3.3530746587021136,Medium
S1668,24.45139908580143,24.720193567293915,28.21500394912249,19.176267583214734,14.10389043860558,12.87223611295714,36.03675884717412,70.83613959918422,-1.353420120360037,73.8943183055931,5,7.137011550510384,15.380459624654804,6.548075838458087,Medium
S1669,22.02694241600624,17.816776347688872,40.49522959232231,10.882275987053124,7.462085623752832,13.061327346391144,27.541622630226733,90.94891936467066,0.019685235631250464,77.58039053732617,1,17.16750673046144,10.461620054022202,3.3313943104616883,Low
S1670,19.506685631293273,10.665922208834433,33.58938537023993,12.5169321995089,6.244348391908161,8.596652024151425,33.47430797930997,81.441428746111,0.4012876629727246,90.86571483913755,1,15.654155075521315,12.574469179857857,1.8961312374798909,Low
S1671,34.168841999240065,27.620671574273583,29.460658454940983,11.164417354449311,18.344120614523675,16.933357170424806,25.063556882860823,72.83455499120979,-1.0179516270188131,78.83100456295948,5,20.661295365680196,9.441178980984699,5.94638044950876,Medium
S1672,36.608384262785876,33.30115540304614,19.045490365043676,15.188954621813734,14.743240569331476,18.18677644613042,38.762658477247165,81.96719975792766,-1.1570058278945596,59.956723450451676,9,9.940945874111293,19.642872449171307,5.624611089664667,Medium
S1673,30.85626897010679,17.66768264613152,28.507661111649725,11.839937169416052,10.045417129841502,11.515709872021468,27.679886223195126,95.70443327717211,-0.1927201238469216,91.67406550623016,6,23.522548106667976,11.17604744020313,2.9045962136103873,Low
S1674,15.658739209418453,26.305095808657327,38.894702727744104,15.176592145046131,11.073379704291748,19.439050057360504,45.24926046110883,71.76218845676982,-0.06473330590528326,96.43214082635929,5,16.99620935587925,11.727954788435245,3.3256402427716556,Low
S1675,15.936065028355987,15.323370618841247,35.055532469483936,10.959925475501025,0.0,10.687130149911312,40.457872643791696,85.24574239559531,0.18006036827688038,89.24695643401581,4,16.011664315014333,13.311435964716793,1.30291080179042,Low
S1676,26.564689455395367,21.083886067028413,23.858318443816053,12.066680353013332,7.319146612417742,11.760362950425009,42.652720556070165,67.0732886980214,-0.8221133244713383,80.98438902284036,3,14.99069433191059,17.92857696577862,3.7669483136636592,Low
S1677,37.72685031178448,30.53849682086918,17.01651152740466,22.072336758816544,24.56298669357274,18.569252327010908,28.026387227003504,61.55611616949785,-1.9479701202538664,62.80883681838472,9,11.753748767198873,5.973199148522932,7.001344425213218,High
S1678,28.234700776915034,21.442724780843392,25.626318105894985,6.962394457493065,10.328269937618257,18.836429147781434,29.976030132783492,76.18817596164891,0.1616939517848931,89.01184966872283,3,14.719347002202301,15.546812497578626,0.0,Low
S1679,25.80391164389881,23.88613532483624,36.107244787915185,14.595450512407833,8.956513717847862,16.84206707285383,34.6532976483837,88.59700030913937,-0.34721681866773974,85.57943086743624,6,11.45939615269884,9.355704496272308,2.0999193557871503,Low
S1680,36.94107323063299,17.305375517671568,34.68952653382114,15.582772813871042,12.375539079742524,14.174955188614128,42.6719593576166,67.62074965422329,-1.1133679618640564,82.0612481647595,2,18.698848020018122,8.715967862570306,6.37446579379249,Low
S1681,16.24817626596537,27.64080789768952,9.643740368835221,20.338736050633337,13.503356348544823,7.655219957046852,49.60315641677403,68.7150978444753,-0.6706097339307368,93.71002593811829,2,21.253010907256225,14.013564679848411,3.0402610690197145,Low
S1682,38.601876056836865,31.18870410293405,24.258443094782596,20.55413021693121,22.61885700781221,27.673814371203243,36.21469510512589,78.24324476982287,-1.32461300113783,76.70552970179433,7,16.93329330575594,14.388514809972442,7.905815019589591,Medium
S1683,38.19728357884516,30.423699120120872,27.451489673504824,18.77561998301494,13.317102240118388,16.91120143581044,26.483105423263513,65.25481815491788,-1.1774014642430628,64.82912004283911,4,12.45116279284623,8.968371300778518,2.898856857117845,Medium
S1684,30.144537942677648,16.409146756082944,25.245031436312722,12.219881031357692,8.066451845802861,9.154380793812578,31.51387187700267,82.28786522130598,-0.6770766648409144,91.48021361396607,4,22.273534996712954,11.314721498755286,2.529678365079123,Low
S1685,32.20431318233003,16.04048928867305,27.696381072942195,8.827539524664164,10.060233770581881,13.079303562754854,27.762868221959128,80.78522899873543,-0.046134969753219957,90.98424766679474,1,17.608759592237416,14.895183678771449,3.9800729911984147,Low
S1686,33.62060367055393,28.085586462251428,37.60697681761863,17.16962502212281,15.57146068246998,15.389765521869606,35.638971769573395,71.15044124210829,-0.4529998629927836,82.8820389832735,5,14.233301425492888,12.088593270534057,3.3151206851244854,Low
S1687,26.97280678159132,17.20541874238296,31.457435542110556,12.7711802592065,12.422915213247599,14.119049830104514,34.33949732286835,69.72020369003859,0.3272394712608906,83.80393739486581,1,12.398436781738598,14.522338074151033,5.896717603504529,Low
S1688,20.65702581750233,20.678081888036896,28.3038373966967,9.15972027164288,18.101919079283483,0.0,36.71455823823955,90.3850550342838,0.1495363600711755,82.67738398745921,3,21.644424635383274,6.525918391150878,3.055364371101931,Low
S1689,16.37995493026248,25.33766979342838,29.944131854110253,9.70343653221108,9.074388906711002,12.765463800906458,30.938129028832154,86.24186809953245,-0.4561132699178121,74.87925686981438,1,8.439957781073039,8.745561785034187,4.378802694982012,Low
S1690,35.32274065043685,28.074594009543965,23.351308334725427,18.444829421736436,24.391685899232414,24.76979209441974,26.104073474468795,65.88444357556286,-0.6623068400592775,82.68102078750896,3,18.718576247202,9.270051770510928,3.789121141501947,Medium
S1691,34.38887276848317,35.471616025754116,25.725808156158532,17.67559435593775,14.586985631911286,18.51915171283603,33.254077125692405,63.318511657845626,-1.285709772163545,55.041842747445955,8,11.85724861977334,10.958796345888796,6.05190443134387,Medium
S1692,32.53151074641601,19.020981823535084,22.387536055705763,11.239727795255062,4.281507744024822,18.1588625164225,40.21707861596114,83.1200337294359,0.6712685760150605,97.69252339325688,3,13.787658022617308,12.329044496835252,2.87401733333683,Low
S1693,26.44822702883341,14.921724069766112,26.249857653506865,10.922380124243782,10.272217084583517,16.439178971275265,29.736552605314255,82.01716908393625,-0.7883531616139101,81.86037942464816,2,12.640425410359127,12.795851228758643,2.075018018185308,Low
S1694,28.071038303144796,27.449316296970157,33.27853850525891,14.851616023318858,19.078155954348112,19.511399775022713,37.55306336352052,81.57687039274361,-0.8313229005820973,83.82260984675354,6,11.43666755321361,13.194837495542481,5.344447050814339,Medium
S1695,16.539377212965608,17.977123754789154,33.07536838858219,8.944943405602883,4.879161670304249,4.127854612108142,44.68779548293316,86.3582748316313,-0.49891642627203503,91.21204073507127,1,22.338148545759008,9.219000128244163,4.539686878028849,Low
S1696,46.40491794778528,41.6085353621301,20.024059876119463,18.471808894508516,14.38564102027072,21.600993235634657,19.431036236299164,70.49870123518848,-1.5073967908898134,76.16197795013524,8,13.656738861884104,12.158027455705376,4.399275154918941,Medium
S1697,25.930894257926568,15.107516335742464,26.523244250323046,7.616516881466272,13.449813384136627,12.736086426508919,47.03756105019798,87.2875741953912,-0.6540032537542915,88.92471429865135,2,14.805298643669355,17.269240089512532,3.842431054628677,Low
S1698,28.545859289460903,23.703469758017746,31.85303264928574,11.908542936361043,16.786833703817,16.631283513744723,39.23187324120343,78.4514672721441,-0.3781521754120656,69.71957656494087,5,11.318045295124747,9.643551637696087,4.16803283871833,Medium
S1699,22.6996522144615,13.00922643956251,30.64550250265847,7.05716120774059,3.327538479633479,11.395268581908418,44.904996977518984,98.68653623704787,-0.06233945560722447,92.74584762394694,1,20.572055877270625,10.89004121122351,2.576630506431602,Low
S1700,42.51262397932662,24.71011965094203,30.24851335541874,12.436015202653318,10.976743102809747,16.021874581703482,28.663438508650437,71.65984029291499,-2.2717320657429507,73.01147161527861,5,27.464721759664624,14.386097209615038,5.865427479569128,Medium
S1701,30.57868488725225,24.107658316968184,23.722741215401122,11.74722347079861,17.336671876467545,15.937325607924144,39.71205905987921,67.93513880595144,-0.9553376092925228,80.10050270067988,7,27.65421838613446,17.86942826492224,6.6680937076441085,Medium
S1702,35.42234981462181,20.22833790360212,21.027832883571577,11.37193006161826,7.1033709799822695,13.883335084476322,40.61753895963826,70.35408103983337,-1.4459257944491732,76.9526557389125,6,19.502066419311817,11.755203368085557,6.260275226900208,Medium
S1703,30.75300776884536,21.197750114239433,33.57426620166847,9.876500995665939,12.788999923380171,8.437271290062846,34.16243950526521,88.37762985768853,-0.6059907932119429,89.57613093968638,3,13.813721079869204,9.9257456251288,1.839774094304952,Low
S1704,17.41452109115775,19.426593079878504,30.292729634274828,15.271482324345573,12.714896361540184,11.447081881239336,41.930590950421845,79.51489249292152,0.02558076082381211,75.79840294655673,1,20.47196721658474,12.777692622240968,1.3578983784901313,Low
S1705,27.384692167465772,30.18881824807037,32.76469347400376,14.852446001558336,3.4916146349543347,14.563105690491996,34.940340558490774,93.48692501481196,-1.5178695648355012,67.85213814313371,2,11.202498428705251,8.280448367608528,1.0982531792026813,Low
S1706,31.91657335085009,17.04612655160136,36.33806180015493,13.83619901775415,9.822294050490571,10.893655642203488,33.65049714655886,80.84511517188368,-1.1429680690202102,84.9871982934975,3,15.682284008567024,15.748835077236304,4.271761636754117,Low
S1707,22.059354972175505,28.75156309074154,29.518675366866788,9.165890057679139,1.0847553201750024,14.585559271430386,36.59896618665052,74.58215247871657,-1.2747054383167302,87.56302142004996,2,24.161380484873497,13.019672126856756,2.3217329201184054,Low
S1708,38.42964575863144,29.46458504171176,27.279691706729672,18.654115812621548,11.956336843397397,26.404527976196402,34.467030382997144,69.6824870712908,-1.5022328010434003,60.4170316831399,7,10.928464183771954,6.054063410461125,6.864783130122111,Medium
S1709,17.56693203858052,22.44413922528915,31.851537266721017,12.699454702758256,3.966840781000778,2.068810600581731,37.64064584574464,100.0,-0.9535506129055025,97.39750851358278,1,17.93338307212423,15.362716963939853,0.7198725017681975,Low
S1710,35.225690799614284,29.540027581853476,28.329811594123978,22.277580204167172,12.495329971318608,27.27688201299211,28.267903057335758,59.039091078159416,-2.1991346144342225,71.99483630832994,5,9.093627656996576,6.793394181690855,6.159991112376012,Medium
S1711,21.683057353430122,14.712629105892653,33.688566937764456,12.364008030807899,17.126954616432172,12.675352913654166,40.549773826454384,76.91520134513976,-0.47648969754364806,89.01726606320395,3,13.744926672468221,8.293401544202737,0.24859426061684697,Low
S1712,34.76906321445015,22.950965355981136,24.30555342824076,13.211751435444118,16.797945175555828,12.623112550034543,38.724385990331356,72.28547961192008,-0.7700017056969732,76.58876872430496,1,13.129568724803146,14.329681445281727,5.07409257185361,Low
S1713,32.357979006177004,17.146221693954807,23.94448559278149,14.058991641533297,18.641812645981155,14.668533482316828,36.336095328195015,68.94260572008918,-1.3635690364105124,66.69989917643748,4,18.254107437358513,12.562499632139911,4.856964958543832,Medium
S1714,25.311682255888254,18.296239943698986,33.721576532123116,10.476565853466088,7.907371188807138,11.375250105983358,28.36771880208477,72.45391618153688,-0.20483812334843632,77.01807667104956,5,21.072025098798136,11.581836081579446,1.314182160270824,Low
S1715,39.272061249659785,21.248132428951646,37.932395279696124,7.962060999304747,9.970770870679262,5.306367276832729,33.79861730192363,68.24501420957098,-0.4834310000138702,87.38233548423977,2,18.23651818358872,17.933225352062983,3.6352798262574293,Low
S1716,42.923876631897215,26.60892565546473,31.872543509458026,6.927595432872581,21.56518867892782,18.171365055759928,29.2453037955105,71.94388339558647,-0.8679551315282624,65.61520624747399,9,19.053720627179814,7.460926624317484,7.949093837290622,Medium
S1717,18.4963970866174,28.372878277193358,24.30037446248879,13.307960038024424,12.784812512470209,15.496484087420281,47.02554408488161,83.95668359097571,-1.192539934483014,75.49371089359892,3,7.344066295277814,10.572434397851664,4.712550949862352,Low
S1718,39.39434619142308,31.54344649069812,17.00610348935517,26.134581598212367,23.0091712872025,22.040542571395594,32.06280661357373,54.13473384216897,-0.7369346707938733,62.65206581376961,12,9.889401394306287,9.584547747917044,10.755019712526437,High
S1719,38.00711846405579,10.229872108605587,27.332253675988966,9.920647087997398,5.585137724960607,5.250402708021438,35.968710870999125,81.2111303285843,-1.0396579943659123,100.0,6,13.635121155234682,16.625124187446243,3.4047814961599734,Low
S1720,23.002051366086494,37.420326270420276,27.89562151077606,7.3163714523691805,5.566753877357131,11.964575542733108,34.297689869065394,83.25469328934656,-0.7827048389284605,82.42046881181636,4,27.101818683973132,14.68387888467882,4.042212589291479,Low
S1721,34.66468751458096,14.927723360747573,21.564464827762233,7.0579814863930945,9.086849391695399,18.55184439096797,37.56048152327287,75.24178683367606,-0.08058936070120565,100.0,2,16.69117092231896,11.391865624605462,2.1309168807968315,Low
S1722,23.995422438917863,24.74537075456356,36.06402531682282,1.7885530482921705,10.903358038384898,8.538881689169848,42.0583779216163,88.29300645755447,-0.4312604873667796,84.58665920825788,2,20.767175764232235,12.089936179767154,3.594850682373592,Low
S1723,28.042368158202688,14.848651453524297,26.73728998120658,11.036980859298794,7.644531830812182,11.358693025802008,25.33563442864543,78.79790426803085,-0.3135290347809265,84.77105602299115,7,20.564463748094887,9.470828470235965,2.378286671820085,Low
S1724,46.245445083813564,33.768131497849375,24.615892562504396,18.081731402206405,22.22169143236826,24.494302632132456,32.6099566167894,63.49718847381757,-1.9091640706742203,67.59358816163389,5,7.6080393476775985,6.653863461155497,7.7438476586889955,High
S1725,25.75602870952402,15.992922627293726,29.381213199959515,7.167085179380665,4.582408091912645,17.74112699137992,34.48960081368045,86.74985889999418,-1.109964659734897,93.32883645030512,2,21.668784016888882,11.987269992688532,2.033056028767399,Low
S1726,23.885647471288085,2.016844627510693,34.0146900340633,1.4672863241316056,6.072338275754779,0.633403019035577,42.01901100673755,100.0,-0.8755321772152654,95.45247883014979,4,24.533645282570717,16.21313352759811,4.781832463993547,Low
S1727,35.19284684858715,19.44043270642644,26.498022718307578,5.730572943885063,4.519085231446567,15.519227474885511,41.86736744331174,71.55787093516524,0.30435751870358874,81.45354889111599,1,20.436264716368267,9.898149997669774,1.444385435815243,Low
S1728,33.00510281160709,22.118551722230105,29.30379459517362,8.352428814348807,16.943953014780142,12.222033573415493,32.14243984208827,69.96231665868612,-0.8883840382746717,86.8867788499032,9,12.967874403922572,15.871710267024824,3.3849932631885205,Medium
S1729,37.899350686771385,27.658922402537478,19.4575111134992,21.28462656525471,16.133128344197367,19.589887187469945,24.908111989083896,79.39503288004691,-1.459032842545892,70.8853553855659,6,4.594712050504382,9.398753101572535,5.064989664055617,Medium
S1730,38.26631004285659,24.134507408833482,28.935757182811397,10.879781751575957,9.352772562601295,10.670167855691425,34.21412402558154,81.35967848490128,0.10880164039615758,75.67519237705788,9,25.94071185457541,8.416793569709295,2.302738335857377,Medium
S1731,31.529079298251833,19.368973101471816,39.45595329906993,6.284812630321621,5.5619090493827565,11.292280254806531,44.8641523027365,80.5483191014994,-0.8176978353262052,94.83967559819713,3,15.116293510398343,14.267812104974121,3.7810724637952955,Low
S1732,22.27708078539739,20.101586361390037,34.55675034843554,12.771893566285263,4.312312112843936,7.306225955757036,42.63602486673997,77.85259251718307,-0.46346284181295666,89.14751454127507,5,22.16822843443486,12.61713545876161,2.388806304747601,Low
S1733,42.76326189086861,26.14086858719029,29.02857997196907,15.806197010166398,16.00691867577643,15.150063094071225,32.589108780956764,70.136868743556,-1.5453053755440767,68.42586395065122,7,11.502465334756053,9.043553729603037,6.678977477167862,Medium
S1734,32.53506025536655,22.28269539224036,21.487615714726637,3.003923676076022,15.727934811025408,4.342468446449729,32.4616723362202,75.24762970534216,-1.402013319604038,73.15356139560636,5,26.013933990386807,17.6826258935927,2.6463612255596067,Low
S1735,31.608273310886243,24.287446563178055,30.79754411920667,19.123823093211534,17.742124288963243,10.219808708699388,31.573240259079874,60.292854072569085,-0.06924412841218819,90.38868154428185,9,11.423721333652272,9.692866572084094,5.166838404694958,Medium
S1736,13.976386585452182,13.796112055227496,36.53843560112937,8.552673175251348,13.52430789612397,10.937709493762087,30.58205697356228,92.0729252634799,0.6253791746128446,84.53032051774237,5,18.544262462679963,11.877930063877898,2.687108927565076,Low
S1737,20.956760744462805,24.247942135849485,31.902808670321527,14.357209832125168,17.64086453652306,17.952192543113178,41.570787125246994,62.932241695052376,-0.11704855818651527,88.47213218858461,4,27.844656730911034,16.3325174684727,3.2489317992715554,Low
S1738,42.510606136580556,24.79295853116539,27.879735999680268,15.307055914220921,18.91885820224317,31.248056301669273,40.2005254733358,63.593605412576856,-0.6270380015242383,75.59894054399712,6,5.283626899815936,12.532297142065197,4.939204762764427,Medium
S1739,31.470828279317573,15.39887298783276,32.49541162665567,13.636764135096385,4.9846300189617,12.138016407422688,36.568173732310385,82.66430254928468,0.15538404946298368,96.31559338493034,2,24.70013671919147,17.130497146716106,3.616856921901724,Low
S1740,24.94690905659305,21.177862522862775,36.18412186717867,7.088836396504165,8.932676062989785,7.919240422110677,35.18771611597603,100.0,-0.7312878152144204,100.0,10,17.7037752984116,11.301121030723799,0.07312240529925029,Low
S1741,19.663004484167338,22.87117042624363,38.27352811149227,1.2680244131829923,2.1023807242054477,5.557992428773869,32.40466707699386,77.27370714112425,-0.5357736546417126,89.3557680669993,6,19.451462064399596,13.155122304015954,3.774285949194672,Low
S1742,30.73900735102911,24.448005289317813,27.27883886586321,14.381625830526303,19.195516757010385,22.392083306264897,30.82825406582453,69.88826292347929,-1.545800914014966,75.80795199990172,6,10.496522760007037,4.278820593668216,3.996100385219788,Medium
S1743,30.125561903616102,35.84881614578254,18.223054726020045,21.604079448295607,18.73303267955526,16.244973438951185,28.291197163214136,57.43791878471092,-2.7544283904379214,64.23397217651319,6,19.422860556875897,1.4800028558894986,4.524162293676923,Medium
S1744,16.63772236129522,13.004503004129322,26.665729938566255,9.586969032066685,14.936472819435888,7.116975416710328,37.093465058453845,90.03624197757595,0.16457254412327638,81.7821684320843,2,13.57004067805466,11.056085100362374,3.353047461069997,Low
S1745,43.63562692057038,20.643919341154962,31.256470194094273,15.31123510132946,11.747725808135355,21.425530814825095,39.31773208794047,94.712788721726,-0.8028041768261938,92.75314133650699,6,13.70506109172322,10.868161977223886,6.3503456229740465,Medium
S1746,48.295757125291544,32.738703905792626,18.42075101994417,15.451389781388983,20.019303195978175,23.013447552951305,36.90168590769454,68.73737402033754,-2.098303044140105,65.87144234913539,8,16.038962624169542,18.8420355108876,7.925926870576399,High
S1747,28.17635787308951,34.780152899806104,27.937973739313,16.09815165748005,10.908651166476151,14.410662640432772,29.455618076371977,68.02313250422962,-1.2825912855800683,72.09753776122507,5,9.283244662860147,15.589299348313133,3.8833881218508925,Medium
S1748,29.93691342081364,20.097459679094115,26.938390571314073,12.926968187762725,11.745889879178337,7.957320062379646,36.91862296277242,59.7732604797736,-0.2723518701441132,81.34140156101093,5,15.846280703626224,7.432212368207889,0.0,Low
S1749,24.288618027425937,25.63418592533369,22.139024983617194,13.471482784293306,6.17200761154169,16.27606091961934,39.591867005302774,80.55189952414187,-0.7910377857042196,79.39148276566272,3,9.732241435416126,15.074361350144999,4.247827352696529,Low
S1750,25.577569387266745,13.561189904471963,36.60136175958494,11.67368816862133,14.494892312758136,12.318094794014083,32.0997663020837,74.19716474861465,-1.3016904235051425,98.69619432334365,3,15.276632748640798,7.808621432207823,0.40355011216966474,Low
S1751,34.96475313304486,15.769660392512979,35.179682092651746,11.141662554494774,14.083725830254597,17.97149241468547,38.141208348946265,74.47826477362464,-1.1480526156902702,88.48768073432892,3,29.873998334466492,18.9663094673287,4.0156064562689915,Low
S1752,33.45127315218445,27.107133277138907,22.031497441490266,10.43695961502158,8.910790532933982,3.122273744785721,44.05880396591112,86.17293694584642,0.2840278622103377,71.62832080320022,2,22.83994596482998,10.400267245546257,2.262813055285071,Low
S1753,31.86046552754545,23.082536513832892,33.19836975383556,7.2434619600569885,11.675690506328639,13.351964981246963,35.403798929679766,75.26695022376178,-0.5924420077568213,77.21545284374623,5,19.578626532679323,10.2002476511551,4.076950661850154,Low
S1754,26.447177902266226,26.750610046568326,32.5607140165479,16.374442353114226,10.494957257141703,16.194980480848375,24.925355705795525,78.86155258232793,-0.06418783191204913,83.21675273378646,2,18.28550733378788,16.707067468227685,2.2035737470215437,Low
S1755,30.557543491610314,23.829710101484554,37.476118467173976,16.324571939908196,5.608774557487256,8.056999258748126,23.19753457556659,90.05149967658804,0.5793526183843326,96.40879611456471,1,10.132238509560743,11.404263532729043,1.1030624708201193,Low
S1756,41.02369551893146,18.784532963224976,25.32648056032497,26.20912071918009,18.301827931389848,15.268870365597785,34.74873570189381,59.444996587713746,-1.6526559469753066,54.37199832522336,6,10.52635210272215,16.3001580383119,3.8484538159995294,Medium
S1757,31.117335079090573,16.298434037731642,38.10236254702672,15.07452928498629,9.779298937463835,10.306868909388669,36.99999658893866,66.95147968251587,-0.5517948183250443,84.39465008965678,3,20.244558500449187,9.808209259127095,4.415059869970208,Low
S1758,26.859048954081292,22.32125552395322,29.778377323767224,4.2485533142171175,14.275343545328813,12.693425410524446,38.15197063359111,83.30389478074869,-1.578207117963095,88.95274922703676,3,14.219484797281396,16.17036960129323,1.5044745600938667,Low
S1759,24.84308200243098,9.115523939183317,31.416703232180414,0.4116339321530411,6.497643161472662,6.913069004711645,41.63523792115579,91.48309843736753,-0.5636271268059845,96.85698370616771,3,20.242230702346056,14.423474434793293,3.4691541197724938,Low
S1760,34.103259509883834,19.858076083409365,21.55405376209064,12.935909739917403,23.67878307537022,18.35811246321604,26.05847935324666,67.65267895981724,-0.7250855204846267,74.10009145964563,6,8.905248029614073,13.663352092598018,7.1982649446528475,Medium
S1761,23.088920924271704,26.771700341766454,25.91870106570614,9.41785709619131,8.861785861565671,16.217960357150208,32.84069661805298,76.86844123427443,-0.5597289498929645,94.12019233623855,1,11.778886646104725,9.114392436151704,5.665780813760029,Low
S1762,22.70012416998924,17.551936087846034,24.908265902732026,9.876457147867237,10.184871904150683,10.188436484471673,39.90849791129767,71.99464769817969,-0.3000364263326042,77.96036951543857,3,28.250281174466217,5.5623044471024965,0.9202349462804009,Low
S1763,21.532060305648177,23.764768978945273,32.40044080808456,10.9882834165436,11.804582564102823,16.61350718610783,41.808544419651554,86.58469449009593,-0.05638906066059063,92.1373864580116,3,27.517653861048437,9.159739952971705,1.2825135674616415,Low
S1764,28.467881915622215,25.36491662891045,25.506085603187085,9.93597187365939,17.80338619864702,17.093720045697754,33.205809635541335,86.96610821200046,-0.770445867300722,73.49531662623824,5,13.268862130571879,9.182141703218011,5.348282244313619,Medium
S1765,30.249474237710285,20.55230962087535,30.270166190679806,20.381668280673836,13.368689650388518,17.202907520781988,26.93033963943369,81.78637662521625,-0.7297877265855244,77.43910300909833,6,10.738140783379478,10.619499199311859,2.635592355055899,Medium
S1766,20.22841367737498,8.272424174379648,26.54940456981864,12.614425295507965,8.459641478872728,7.284401367313629,41.24304747560032,86.48193101576746,-0.06391689996196397,92.06723673172591,0,14.332877281411477,12.426375553223833,3.326539487920317,Low
S1767,33.027415974918185,29.07137829916666,20.18719597419905,12.659452198665232,17.345596846390805,21.654669698747913,33.85437111656491,73.14812444342493,-1.5745895637385567,74.39123738435134,9,14.26518595365294,1.2917582609336389,2.6607840809415935,Medium
S1768,28.683438165800574,31.99890412692544,22.4703324156611,7.279702318934533,10.638958205438382,18.85342777744303,28.787570025041912,66.32525389580381,-1.4344387709020505,66.7097970660621,4,23.83796931926939,8.55475116238001,4.324151513887289,Medium
S1769,31.580075937566424,19.8389032467591,41.94321892656319,12.737559301527416,8.094285381908538,17.473437734147584,24.049925121087817,78.77828287046385,-0.13184687587180532,85.88924283221499,3,11.648026645703954,11.9195986811634,5.440303416176951,Low
S1770,32.16054520177177,19.56099814386449,30.842407246991648,14.266368356823572,11.593196224056413,10.652784386305004,41.31850700551961,73.93635238056345,-0.025593869629547128,93.530883965996,0,18.46496032597731,12.339390913961033,0.7265055889776164,Low
S1771,35.155084470995114,19.568786284329928,25.476004343556266,17.03900804057383,22.01988137102188,6.061359273620345,30.211420383421427,67.72898911094231,-1.611343940011451,68.2526734283202,9,13.443017077914893,8.635503463962793,4.866563373428832,Medium
S1772,29.072179715807764,19.202191016559052,28.862981726795393,13.602888198986216,5.282947422359137,16.701526958889957,37.338654301160716,85.37018022182262,-0.7242600958693214,79.89360735495772,7,23.790531910555522,10.134416512619092,3.6952362918630604,Low
S1773,22.038418641581124,22.074689981426186,40.28926465810427,8.611435442373052,4.095004001834952,4.026155388321563,38.21221674376385,87.0983116291263,-1.23297453345952,77.38387088108037,0,18.18116040678477,13.077567803736294,4.2522091292768955,Low
S1774,22.309129476108794,21.458161930048927,23.26527646846582,8.324699003295276,1.6887392642179142,6.5860000639864,31.748637511962478,89.75353174490759,-0.5129051998133851,80.23783233900797,1,11.375755453229955,9.715316347463848,1.681627100576622,Low
S1775,34.66729869490525,24.752237343277656,29.411232658999378,15.75040212228073,14.375822436583773,4.104775481150039,39.02093736045329,81.12835085901608,-0.429397782061546,82.63433154769058,3,19.57936132084061,11.229884245900967,1.6010570692770623,Low
S1776,42.033430769669,18.319143647963124,15.156040546650445,20.12533702224826,20.563622008027377,27.618803046138126,28.10282404732137,60.52644629190356,-1.2175881254817238,69.6771798165583,9,12.768848621038114,7.978997967816558,1.5828271574143646,High
S1777,32.0801822519972,18.507576628826698,16.376926187042514,13.094285735527151,6.307668465031292,14.040689752964928,28.13158149305744,81.00340644160498,-0.5213379594222709,80.71899608800693,8,12.18893247606977,7.687668547847055,5.435877874882418,Low
S1778,27.565571828984467,12.47257659483509,28.862823704118988,0.6560442293502478,15.901229342386976,7.236633230980091,29.104638078308753,92.22548566886096,-0.6727066684681575,80.38380334143766,2,23.914957994681327,13.350429936024842,3.829531253451643,Low
S1779,29.32349073925912,19.166720990062736,33.18908630216005,19.264991634982977,8.600810016999365,17.958664883963486,37.12464759102413,78.05900526427156,-1.1144113239892408,87.23273443536127,3,15.008626001277847,4.770714034648744,3.3913879000021527,Low
S1780,28.81317200442676,19.889751772172698,26.129033931347784,3.840693577249347,15.643716935045358,14.118395189039788,46.841759445251164,78.83335484802011,-0.06957818626715062,81.21814891916881,2,18.399822409579567,10.10599424148603,3.284703800431432,Low
S1781,30.94413100761763,28.108062955331196,31.542363284634483,13.401991581037683,15.232836182708281,15.05229688105878,36.357978787783274,72.62966621144545,0.06917300358278555,73.45266139767715,6,16.056647884761972,13.236934809058507,4.58189609523116,Low
S1782,23.183971393238583,20.690903418268555,32.47781915092827,8.612927249794982,4.960843156672052,12.216767390908641,48.59159159210131,80.34465034752576,-0.14649166093607768,96.77801941728394,2,15.978095243782871,14.961734314512405,4.502481024044797,Low
S1783,26.54928650888084,26.993791477078055,30.487132699702777,9.47700565227966,7.742037672637815,9.866848824488022,46.24061510040221,75.23030791434175,-0.5766135193172819,77.38949878242562,3,12.998962400758545,13.090894053050652,0.20039202929245192,Low
S1784,24.161772106965515,13.969467378613045,40.73951714556824,10.946321676332996,3.7306484451965276,3.7549831023517894,41.86420590906977,85.87529059343849,0.36581478581472626,94.5613029743022,3,21.317611644000326,14.9123585802389,0.0,Low
S1785,34.85720755746751,17.267708843100685,24.408961976382457,11.521848428723073,8.040505279012468,20.131967496042623,44.77040198643627,71.06988434810768,-1.3563880179594898,64.29750994279235,2,8.28708541568368,13.73819768769332,1.449485543795638,Medium
S1786,26.41517401167802,27.0073264652641,33.73559758229033,8.000282749413433,8.245116828579224,10.920346707893769,46.402675294464785,69.92658656217915,0.053419793761666445,74.0480470491013,3,21.803488569651496,13.526101389185389,2.6638302374898863,Low
S1787,35.44585649707804,21.10331586327591,21.229449674199696,4.3496188883906655,3.748035098543717,3.293154860693951,45.1041560714292,100.0,-0.6919136167753774,90.98934791722198,4,13.368862679212288,18.131720099900882,3.2569136623042536,Low
S1788,29.05164742413008,23.364207890741227,26.53225157965457,21.569202129196135,15.172720610798576,21.318130931342967,22.653736522515075,60.559582985670446,-1.481816466456761,68.14977263093326,4,6.9274247094950265,1.6816039685268542,6.538942705978764,Medium
S1789,40.58557982603414,30.63967545429595,23.36878298262344,19.51490274601268,24.837331718580707,20.95904405317424,31.8542563832162,65.38396720474185,-1.5114518992863655,58.74809554044515,4,18.941387625023925,12.918962835490536,0.9963861500556845,Medium
S1790,31.48132290275376,28.52633098475638,20.893996726500184,16.898905514180505,16.201782465698866,23.084315015444602,31.16280312308818,74.12678521061132,-0.9856000735097311,83.89941704720567,10,14.859718507940109,2.5614814675738735,2.330872503090639,Medium
S1791,37.58793829235102,29.65771957041261,26.844668543339445,22.309700915910717,15.427069400443553,22.542071331626996,39.99589992580101,61.112969428831576,-0.9487074380990134,69.84698832648131,9,2.0419724783339817,6.8686195733932935,5.711436585048924,Medium
S1792,31.227657466391744,23.58724696222394,21.391972029821282,25.198080144812018,13.454292910015308,14.731446910073231,32.0402825180174,67.87550644053786,-1.8754087846916474,53.5120362378708,5,12.596604248678359,13.028864261668643,5.440022517127444,Medium
S1793,33.77066915930312,19.732848234169374,40.18873576922958,19.206945559271222,9.64076480791934,6.472469019505792,47.04427868904152,71.30810772938199,-0.9961226802182914,88.79688784850364,4,18.892978760994502,14.704804232259647,3.4352895745823755,Low
S1794,27.430051160463087,19.78578228033485,17.89759487461606,9.624841286235359,16.28393768702033,14.723120618655797,38.943036597605506,89.98525364202825,-0.228442787372458,79.82357390981747,2,21.193472738539725,9.78719871812419,1.1454219211940915,Low
S1795,31.188393713851777,21.610605160645093,32.27742721267011,11.2480161748785,5.7011310411879705,11.923285654843907,37.024204526575176,79.9938021475526,-0.2827039097617205,70.10452095275716,2,12.761401983208376,12.561524213692351,2.354542169466585,Low
S1796,26.65468490006498,25.708066589703193,31.77110892116857,7.518198820928846,9.175013579261547,7.648225880486207,35.40473084821173,87.61530504042055,-1.3170984202455642,79.14197985522533,1,14.051558310219885,10.760187786514727,2.9562160059838614,Low
S1797,31.03533120149839,23.748293157749462,25.718934301730506,18.104475335338176,15.97651149271097,14.261967965033282,33.828389081085724,84.03543798896408,-1.407984663340059,74.40989357846773,3,14.73913364374633,14.338491979421752,1.9568260256093826,Medium
S1798,27.668908504482136,16.58257000588595,27.023556048539277,14.229824833611579,15.623190584486316,18.23488668196131,38.411781817710285,76.54776730213699,-1.5145003223051288,82.81626462542869,1,21.351787971890666,12.130101860828887,2.320514285853518,Low
S1799,24.225801118815234,29.532049942679787,34.17668547847431,3.7292129573489308,5.151417271295461,9.698692521327526,38.78014025404333,93.3057295571415,-0.5144076907524888,78.62752151790116,3,12.436087331002508,11.748560146218606,0.34039621199884706,Low
S1800,17.401302718358007,21.815787863804047,36.91563769598912,13.822478673034537,6.498309403370882,16.92639175453109,34.239106749376205,91.88990416161555,-0.8130029903291437,71.80849313340872,3,10.143497271284875,14.149705832943994,4.238844892994364,Low
S1801,29.48686221205206,23.2690720887875,21.893568221038343,13.13117627411587,9.845985359274351,11.488392948091294,35.51736506269286,81.84118131275957,-0.1584002146017232,80.71723716116176,3,24.39535242832116,15.67723739587613,1.652879835250332,Low
S1802,41.31513949757666,24.95658219945846,24.653573364642103,7.860753847530688,16.871261229297662,10.735584974614447,47.25244846986659,82.67094840672351,-1.8802247531201184,74.72917880745152,2,21.679816258831984,11.28036227120741,1.8759226650505054,Low
S1803,37.15060979670203,27.732019842352162,19.848736456906373,17.55880353322816,14.527699673554434,26.125370910417423,46.085496396179366,65.62923734328493,-0.8532804631004638,77.49609537252518,4,8.208770986877136,12.893722669991885,4.173565199489632,Medium
S1804,21.945978646072916,16.54177075997359,26.405879321396768,7.417573636279699,4.054769229681616,7.3843394511420035,35.83497035490806,94.88683980687452,-0.5227274094306338,86.33244848903239,0,16.454236387148978,20.174247356596105,3.799193872156712,Low
S1805,35.692052225264085,14.179504282138742,27.157556933416295,18.17703677247199,17.319552035972006,23.736084962515484,38.49453037734753,62.90409390501703,-1.4903077433869998,74.5438743534563,7,22.620410807491034,1.3986104199569187,5.265167654897224,Medium
S1806,33.289113651406375,17.48501531339932,32.685182570361775,8.990508599790537,5.526661023110226,18.918094485692716,31.132585964557187,81.9725445142562,-0.2944643523427516,88.16435565309654,3,19.720221871834667,16.7037300803623,5.603510038755621,Low
S1807,31.466653444835867,26.85207347621564,33.735759155545345,7.9002543726122365,13.31119423920919,17.25219010970238,32.93578522233572,80.09960771471705,-0.3482036898934511,79.03240920460176,5,13.629351626576478,16.64565536775239,5.974912821741596,Medium
S1808,30.31979270383038,6.186266887673121,35.04473718749681,6.759467876711366,14.015122502705992,6.806354159570115,31.084349379440127,72.20120031232797,-0.8056710959979618,60.84485389566004,1,22.84398680582159,14.884083007208268,2.0704511875223837,Low
S1809,28.003045253648363,22.457091034991066,33.79260224187085,8.517165816562063,14.888486472774328,11.096262806395552,42.5695033385887,72.2430724910478,-1.0408274543258125,78.36986669499275,7,13.328182534214767,10.910346775677738,3.9767096255470475,Low
S1810,44.94654398615851,31.406653876751076,16.703774683729968,19.51339359261688,16.214994094620838,23.119284027138114,36.35688747645904,61.41667837326882,-1.4871612811332637,67.46855109187449,3,12.928493666936474,3.525115190725688,6.921733259281941,Medium
S1811,44.097265469752614,31.6978209172305,34.50280857597075,19.009480296979035,22.915602621000275,21.91985089589228,37.78696986275087,76.70946435850855,-1.5865326821069894,69.50175412948671,4,10.931587863757382,10.157280416104792,4.408665047601271,Medium
S1812,28.09442620275576,25.7869958712919,27.89429008999666,14.046588554582495,19.65609714220752,19.778495064427624,41.43143457724058,66.95383455134382,-1.4971670273207294,62.7501281102365,0,18.860410896132993,10.271302508707745,4.309289284911621,Low
S1813,27.355687054908323,26.000604748967426,36.54149273141694,5.62172229796935,13.244125406874561,17.386686387863435,31.67801548409516,81.74038511324846,-0.636575449040157,76.47002574412669,0,19.785419769162257,6.952258454074784,2.1993838140566755,Low
S1814,30.86761144079577,31.81162151635936,20.15532445137991,9.305331102263759,7.034122777513949,11.850036960412142,33.66171028698904,80.4405836717427,-1.208345825851504,66.53491711549975,5,15.845531359875302,8.859833766821277,3.8576362393647914,Low
S1815,30.580947825386033,28.981213240409705,27.176013314367815,11.033932823050872,5.1309143855394055,21.125251820418534,38.421082395709114,76.4790206294367,-0.8011342794768044,70.58625205742061,4,17.42010423519886,11.440249334975064,3.7380585911123694,Medium
S1816,32.99284349185763,30.168147968238454,30.020102221109823,19.27656302399258,23.299552534106013,17.49768483924784,30.83460179697171,75.37587985723917,-0.5640533283259084,64.56250643610315,5,17.1733497795928,10.40409567593508,6.4867987463324015,Medium
S1817,20.311483281358058,18.925130088320095,31.71887463443896,8.257799180871745,10.117318098605539,13.43723112470867,38.117436123446204,66.5563475871225,-0.5126477564508577,79.87112044394044,3,19.572390969244246,9.062040980758763,2.5743396916205796,Low
S1818,31.931185970623226,20.119107863070212,27.06674182052748,10.788474888565913,15.63354335467167,20.686370871184664,32.92870722238084,86.9079670305461,-0.8324433508104859,79.08406251269987,1,18.400201294707255,3.6612594627117936,3.459713867460054,Low
S1819,33.127694657096434,19.765516910486888,38.25162425950738,15.04488893581052,5.173975935792416,14.007248428535744,44.90688091409227,77.79571119128784,-0.7504124590015236,81.13022912770883,1,18.447772675993665,11.520139471204239,4.107469393458763,Low
S1820,29.646375070010293,24.014920860527276,25.4012507479617,4.429841968793825,7.439574526491968,2.654591999568334,43.91767581147761,71.96169687848203,-0.2783565187718344,84.20830327365734,3,24.004964009682034,9.9572668589282,1.673153099041041,Low
S1821,31.537277034005953,27.367836136471016,27.746938225293377,10.662253098364179,17.673363946283793,15.154478132919191,42.66880013150994,64.71338080031185,-1.0334653477085984,77.58284907929547,3,9.674919309882316,9.45167493554908,3.7731059214529097,Medium
S1822,31.891064109998265,15.039421935806198,37.382421109266,7.486244152408697,3.83117383728174,16.838635457096537,42.98232074099317,99.11740416079903,-0.4758949954844117,87.7515420550054,2,20.912076129703188,6.034720415127143,3.1807861506441975,Low
S1823,38.499010710984955,36.509523393546715,36.40732862314752,19.560961930249604,22.45931626656769,21.549605676888312,25.992202450575466,69.00187311578308,-2.317277674620875,52.68095895261357,9,1.631642325810132,7.761294300456435,8.47998502906442,Medium
S1824,35.68125871795824,22.634108008594566,25.429739734450045,17.06695652479528,12.693033941773509,21.310828640596025,32.576086620716225,80.50163434918173,-0.5925162572524836,68.56433689197797,1,13.129517529444726,12.852015910966815,2.3875264258204805,Medium
S1825,26.571244117436443,21.082625121722703,25.23267996397416,15.84178999120134,14.842578242415833,14.06613715886722,30.38386342105018,78.75161968008646,-1.5277647269722552,70.7526279140383,6,22.938258048775552,8.901792546155741,5.490872616008694,Medium
S1826,20.80138145747275,16.50633375871563,31.161818330919946,13.522131411319176,1.6695102563146564,6.293341752174383,37.67632741315748,76.41532543462729,0.5752334590001271,88.29610327390412,4,15.112051008806663,14.789267123989006,4.211169619461046,Low
S1827,32.34473546133274,21.37840517300285,28.556516509966187,9.147573515915937,15.454709487655382,16.686163939583167,41.09704587834276,73.592450099675,-1.2343735546231616,62.693996658921236,6,5.543258645294703,9.623663419162163,4.768149346717179,Medium
S1828,30.95152683881602,28.70420031082554,31.760190890632735,17.384039062995598,21.89201318988284,23.729145470548506,26.651849191044487,82.99679881047446,-1.160576629251729,82.36630011483138,6,9.857502153785177,3.5062078456102332,2.901070195513435,Medium
S1829,25.110117665752195,20.162929085559625,34.51731276857154,15.187394789005136,15.003168225320572,15.105339589887551,31.80311843915672,70.3465221157934,-1.174754650697809,78.71760762974026,6,17.928614994300762,11.568071629346553,4.268878420658833,Medium
S1830,32.245570414293965,21.404084479084005,34.30058719078125,6.368928352027985,8.115942262567948,6.1372571908557525,34.142617632436355,88.68293930575952,-0.6229978434362182,76.2317945097781,2,15.154064543144615,9.069445066427159,2.294394552982077,Low
S1831,38.72439445289313,30.56361177682895,23.86694936427252,7.5932371676899635,20.3607332057031,27.479511226445425,26.68336285996824,66.08526762294699,-1.519718216651276,71.96032526092537,6,8.449284370398916,5.354978814086986,3.962055497648338,Medium
S1832,21.373275293556382,15.51304799841005,36.82468279227397,4.573981525014203,5.62036590383138,11.391332641993237,39.191520633271715,83.86848839587081,-0.7450041137904975,78.27689624953996,3,23.594580478648403,16.083195432222993,3.5965754017564024,Low
S1833,25.982435289855047,26.43103196376757,28.517788141391353,19.211665143060387,20.32219582400721,18.93150157781234,33.26046693551057,76.77347220953008,-0.626353530612499,83.07391434245578,4,16.51113702270129,12.327417244701437,4.253056776193821,Medium
S1834,19.33529885272026,12.676928789229631,37.563509186595304,11.924931805465398,2.1897685100481246,2.3709743544757167,45.39889816251437,91.58477762339012,-0.7632587384227997,100.0,5,12.690555401606945,11.533433267875571,2.930015305245304,Low
S1835,26.064708908582087,19.091688086290855,37.66187525964658,7.355162510283493,8.673628834439572,10.18780790896965,36.91437337281643,82.67600652609761,-0.012863385154988194,84.10375960205431,1,17.169879107945267,13.23157849769229,0.9635582986721432,Low
S1836,35.40765836659974,32.54877435720082,33.74634939137405,18.263448178942756,24.346536084366484,22.260180973452897,35.39738289335866,72.34995175213318,-1.0575219687806536,75.3663785651026,5,21.835703590768635,9.756692089157948,4.761704110883502,Medium
S1837,24.845604488892647,19.20199193125228,29.562897762737396,5.9883566031748146,5.504193616317078,6.988985497985468,38.483539915433845,85.70181277422286,-0.10745452120929228,79.28817319066452,2,15.804278999045987,6.440139628723819,4.022725696987109,Low
S1838,19.058119869175176,18.707970311542514,29.071430227965486,7.790781596724889,8.518945320333014,12.566196941250409,23.340755335012034,70.69405803359723,-0.23722120058801274,83.66363059254425,6,9.405591948962254,9.021900232902137,0.3727881732105609,Low
S1839,46.17944242750676,30.246337427802203,27.913174238514653,16.129761578006267,21.352924457415746,13.503548487193436,24.8759222827801,81.89636651223202,-2.204727159297315,80.41670521470053,10,14.534600148732814,5.418410701202366,3.2671119322086173,Medium
S1840,36.722435708869895,26.682611131322435,32.28123596518829,24.924922258443186,7.754554759673551,16.500453893118152,35.758665786523736,59.438057241292185,-1.9138733052332053,67.87097959602208,6,14.062028187478425,11.756635822398044,4.81290970302999,Medium
S1841,32.96693733144839,25.22245670365033,31.017366568957463,5.828466147657257,13.90475469564688,17.199973613736677,39.14042662555418,95.24629948298012,-1.255156796987792,88.94649239738685,5,23.198462849662594,18.952016167666727,2.667486344442434,Low
S1842,44.45043647743086,39.4433750816998,29.295521367416907,24.157420661294253,20.47719689682184,22.443099612938443,30.794145950499683,57.960094241730964,-1.9479557718625597,57.6689730396253,8,7.488283161399217,10.329726021882873,7.551059618027743,High
S1843,26.20067469079477,15.499136676177987,35.29430505947993,17.156345338620756,15.38307058949622,9.667434093511648,45.41676986137902,78.27462711068397,-0.4971854357606354,70.32199501486265,3,19.131590032332454,13.41955437307233,0.0,Low
S1844,35.17519173655222,36.35010056108739,24.40660511604829,20.613133952088695,12.953333277733595,20.12628408958807,36.80244709985094,71.29300070461387,-1.8470211847223093,88.66968904701848,6,13.723838905335267,5.885156580437576,5.004970755357257,Medium
S1845,27.307632341331978,22.229641782124546,31.819702583640893,9.249973765520084,7.325269070888751,14.133999578800113,45.04823279012149,69.10370295517981,-0.961046726476337,75.77165367088935,4,14.720075532941674,14.46365608641088,6.243204046632999,Low
S1846,24.77902043522417,30.59679370031349,28.172237538607902,4.455748161356835,7.890416076824242,14.951124361935198,22.429462641712934,65.06880715057623,-0.22040469160609066,84.99880245274092,5,18.243262850921955,11.30003045210655,3.8967857753526087,Low
S1847,28.972341507139376,24.759497102786206,28.024788540517466,17.30668735231495,12.832508400438122,19.03390314133853,44.80034687905386,69.50963599616918,-1.6202712175823915,66.72161317729191,4,16.284407985675962,6.470599411860002,2.5017418829146254,Medium
S1848,17.43134288410942,20.94943107072917,26.7516414847481,8.014631017294098,6.345340469653126,2.627215525506231,35.150813104676075,88.778480641477,-0.6504826561589522,96.41597660126943,1,21.304071430114114,16.925285282685245,6.244489998700558,Low
S1849,40.61267273698144,26.654689577026783,28.482582827858565,18.074272908366467,10.455854029240502,12.019603904756305,36.07686353682959,88.04904572218236,-0.2239839025108752,84.36341743129223,2,19.703377332009957,17.061545632469112,3.2158710756628532,Low
S1850,29.493909852603377,19.542920730638166,36.13852610735594,13.673269816492635,2.7999362845231683,9.755272158178126,43.88089221303457,69.13002995459847,-1.1115979496380923,69.58300577559902,1,4.714686423643933,15.362989748009946,0.0,Low
S1851,41.06555774959978,26.3527141737606,31.36069848396676,14.050217536188125,14.510794031564744,16.23490161815592,21.816622004855084,75.41002583970784,-0.9278201525560704,74.38964223271184,10,5.928718107079357,20.11809111929143,5.96546697759768,Medium
S1852,26.269987530428878,30.391741834271244,32.580871198834636,10.98138013805553,13.30020198533699,15.459370022058911,34.38387802483594,74.83238059918622,-0.19959624051696923,85.63232991523329,6,16.15144300099408,8.688991510169531,2.83573232528565,Low
S1853,25.631407419102118,22.90062805633064,29.591222821233423,9.286909503224855,12.787416504790746,17.68784493824032,41.29712197769304,73.61913837905544,-1.5419011582996758,85.58041432310291,4,14.872388423365445,9.319907799140902,7.184558813958283,Medium
S1854,28.51036954202109,23.63167814617934,27.91951994018756,16.236865830571276,15.794780609714556,8.319592263463003,30.937997032312364,79.01739426127882,-1.6252818601577568,78.73277486299796,4,8.484699456184533,7.189516248874757,5.762328015946384,Low
S1855,26.035319572172362,15.749207192166098,22.510249989037092,5.89875019476362,11.204681191753522,17.26843508840726,42.22417284597267,74.50466669410152,-0.7673948545952148,87.84161334993242,2,14.415673904819041,8.846377369627483,6.825769793340643,Low
S1856,31.145421611317843,31.60809866227429,27.18573459045615,17.410298952127732,7.365329600875657,15.283900594495002,39.673121537347946,75.99211706823613,-0.843233608058739,73.13857522647359,6,10.605337100807397,17.08069173179778,2.612519091112019,Medium
S1857,38.82704022375562,28.26149583885745,24.346660717207026,23.021999491255926,17.895429785892254,18.75032406341528,33.18231192578096,71.30508967444862,-1.887340340166354,53.836933091703344,8,13.539232146435847,4.302106610319766,7.833327827027504,Medium
S1858,26.758413772954704,29.499395982049997,21.87895785632566,15.729318894200974,13.105145078691985,19.15872599086458,39.34365021216946,83.36268702797605,0.1356917805261061,75.51401969636382,3,10.44230618860379,9.410615382708617,2.9050216447439126,Low
S1859,28.51472811065108,18.454148365894934,19.643772660823345,6.173614004258641,9.866147681621099,4.684691371555079,44.53733859681587,68.9311042371959,-0.3767789535433664,72.064032004589,4,17.19693277776948,17.458694810397606,4.130575874249897,Low
S1860,35.955129800355856,32.90548241810197,32.72607697506701,16.462705737684352,9.885142925397968,12.965918224344534,37.583726147790756,63.98701712940554,-1.6084120664369328,64.96263262770957,5,17.887900937593376,11.719881776264952,5.2742451846353005,Medium
S1861,31.576434158685355,25.485257200355722,30.465999947102556,9.89481913372769,15.699289235340988,21.613869228055883,42.34875236681836,77.5591162762372,-1.3282081197593274,76.06409840341911,4,11.774036677286688,8.355776364378137,5.693882884382098,Low
S1862,46.48312202331246,29.162608801268025,24.781299379596835,20.71599394443752,14.885668952360465,23.420469145420647,27.059853394560044,69.72816388464092,-1.5619781161382842,56.86482700855414,11,4.114464218521653,8.555153855182617,7.041021195473835,High
S1863,35.190403004740105,24.936517705380677,28.127837765398404,20.721949085051573,12.278321427157401,18.019700636506457,36.688014045589156,64.17655676392651,-1.1413706052155435,72.04249491165591,4,8.028781948013194,2.7619561575624774,4.704663466696266,Medium
S1864,33.16590826478577,17.405651359999815,24.853895119122846,8.616416035548719,10.266998079118821,12.671878018071482,40.100787793007584,80.73799596278137,0.35314683689994075,75.55657341811667,5,12.247410870142382,11.927613761762625,5.050679325956262,Low
S1865,27.746457148169245,17.604415994314593,28.12896372700665,9.029481247522554,9.077046461464347,11.80047906253334,43.776652068615775,89.61899665773907,-0.5554341506536824,97.81781281320178,5,16.641596031763424,12.933625217656843,3.345393068830383,Low
S1866,26.79134332158136,31.86826650755441,35.36764267191903,19.262061953077485,17.79388192068502,18.839687608812973,27.28085087636655,67.09161293554669,-1.2756795421066496,79.82849910726817,5,4.567830362825719,10.946939941681908,5.925926538929245,Medium
S1867,45.73504592738139,29.2561053233888,21.976852495088274,13.936953649189109,20.60007389280778,22.756986798652093,39.714185021313064,78.23910143295261,-1.8337815894393392,77.60604287575774,6,19.957448238026913,17.12785926968732,5.807223790291067,Medium
S1868,46.71182902111419,21.70370528674907,24.195380140349407,14.292671703609802,18.933645111515524,18.715149598387043,28.585357602734664,55.6677251330513,-1.0427404259267425,64.928115052364,3,6.351024705338366,13.061177380846285,4.750140994841755,Medium
S1869,32.390798724509864,21.175586012396288,25.405881209435652,12.459600395537848,11.685495719651804,15.598642318299282,50.32573321339764,73.84454562841887,-0.23527937531492304,81.72986638357494,2,8.792414708805133,7.342968529779938,1.8736457935613644,Low
S1870,30.350634720369893,22.266267408917972,24.613848702151493,16.520249410737524,14.342420824362772,14.081406790136203,30.70848424067076,65.21645012364846,-1.6858200793951628,70.8141066139155,6,15.554047637225613,12.266318919222082,4.285386184822499,Medium
S1871,27.36748427827925,11.284663195212698,36.39818236659164,8.104508709645353,5.041594515760919,10.39409935997035,29.509553410937404,78.71927509506399,-0.6606151242119974,82.77963102633298,3,15.19735249708381,11.946701249448912,2.732376805671428,Low
S1872,27.062734643991284,21.523415020999817,14.510425968971871,19.664775551516193,16.132825062940725,9.832303740596881,34.50397924020204,82.87246868624538,-1.2606726497914342,65.8462738968956,7,22.35283077379122,19.460027283128216,2.031311412157312,Low
S1873,32.722872115262966,23.951457559763977,28.256297571171583,4.9328416349578,8.18262484734495,17.14534671305544,43.62244297400239,79.37315496592497,-1.2123277411897382,92.82738969604975,2,15.429690218560415,11.10037908438275,4.57956771116292,Low
S1874,40.12376767724193,30.479967682699026,24.226380535290282,27.369222390300493,27.43104803284727,26.374547909783935,34.04623248173744,57.910369316326026,-0.7698183925098511,57.504623221321815,9,8.874031447484338,9.054115248510204,5.095730097886643,High
S1875,41.48203515940685,26.761903332279665,37.31334488853193,20.288229534520028,18.94008195260332,21.687104991458757,44.83207658602195,60.76577297937047,-0.6053386825858698,76.44302083704503,5,16.94432177209037,11.872385607051934,1.9146019205740026,Medium
S1876,32.737176377912355,27.472857094877085,20.65092928390943,9.329885072014308,13.256119964874141,17.07038619914756,33.17187488574254,85.86266926747959,-1.30814041839414,78.80721032622807,7,18.707205458236956,6.700773289218435,4.5159301530301095,Medium
S1877,34.47570951263137,26.516943179943365,17.243506129933508,11.701141035914688,16.992601459036013,21.455633686031348,30.445221093265417,66.66828491800122,-1.4037318468890398,64.10837886951693,5,2.338178385468895,3.610451591926765,5.079464913863362,Medium
S1878,19.450602127921368,20.61945686618599,28.36513540174359,9.84514023577292,11.505361661979551,7.448794327568506,34.61042527497901,82.94290962860329,-0.3552108139678446,84.68254544830604,1,19.147927522968192,13.307973671128837,2.3987991010644216,Low
S1879,29.58395978399185,32.929453657529976,31.228708254458702,14.132427428166396,5.5373536320566465,22.336198310018617,31.521140501764815,83.8767030137324,-1.6270167728655636,72.75427378489135,6,24.390150032805302,13.410413992357492,4.566155232525269,Medium
S1880,39.6291253889547,21.027423818302555,25.516675025517458,14.618928807105181,16.64112217112354,19.63200457174331,24.79335602168267,63.30188239733227,-1.6350720464067414,74.13029145938093,7,8.695186315101234,4.289465271018587,3.902667555823002,Medium
S1881,17.51243393872505,16.463671808379384,23.95324554611185,15.434725406338075,14.674823475132357,5.570586958451508,34.51311153348318,77.13824038231348,0.07319310607778673,87.44827543020205,4,18.838262004252876,13.325723637919303,2.1980100868078933,Low
S1882,32.450047123728595,39.88147504959645,25.672304861353886,13.457777871529686,20.28946322919527,22.641835884425525,26.120410644184602,61.15932720121332,-1.6062424938504956,73.35688702305133,3,17.158541495443686,7.02919721930993,6.86723883703302,Medium
S1883,39.762269360606936,26.364711901161268,36.42471285649478,12.60413059483316,11.109840987120911,16.954529936459096,39.05787774337199,64.74628163136924,-0.819174228921786,80.32896234308913,5,16.124144380852616,3.0510607834905006,5.910425898881156,Medium
S1884,25.565173678168758,23.096076433377892,30.384130267064126,10.836742933441716,13.701201011732614,16.09704578051357,44.74599902251877,66.99868634107631,-1.1060632987419252,76.91970457424681,3,9.783632413772455,12.624421801568866,3.5373154807983784,Low
S1885,34.00957919461378,21.466631516620627,30.169714592973666,1.5590483579850094,8.074386519066689,17.37703107493863,37.45141609547045,70.87803123929476,-1.3677832650913941,78.58490065332639,5,15.008856571117704,13.534105531909333,4.816967921149543,Medium
S1886,14.635649724474671,25.33274274694709,33.3780274483058,9.326038062009603,7.19864283157814,8.040127559599103,33.97631919675307,100.0,0.20114645915216228,88.18932497874393,3,11.42416827694508,16.097493897003694,3.129700424961801,Low
S1887,29.01261042703157,11.714774191776414,36.429711193685506,2.7635059515655325,7.60411663193948,6.6750250965664275,43.76078487321525,78.33437097492627,-1.2061554027180978,100.0,1,13.809954332042519,17.56901635249778,1.8578266710654827,Low
S1888,29.158207323124536,32.038365848035504,18.091770720631608,20.649637673928765,18.20604461957811,18.40659838303089,33.5606952894436,56.34967121592633,-0.3482579431205711,67.43876081641262,4,18.099788562257196,9.640316590008636,6.97185691557234,Medium
S1889,19.985947686878124,17.11057796951027,30.987706144767113,12.25938401524058,11.062574707907515,14.99093044555373,44.34191980718172,86.1091527746788,0.14953886937949512,97.11333795982733,5,22.18438097301614,15.204077273098166,1.5313017408245417,Low
S1890,30.036565768910318,16.55866768964203,29.94055147415434,11.23476630403972,14.712243180703076,11.895948564690165,31.67349166354248,80.10347493691272,-0.43943165292128683,86.42525500905788,3,25.744845870960482,13.628386172294626,3.7867655407581413,Low
S1891,42.69228435108511,30.91668169069012,19.295039672108082,23.044381462650485,15.590070472529268,25.404923206409944,26.20788518675984,65.40398650050382,-1.930159162517003,54.96272264386808,5,14.375525592072018,0.0,3.772930239668947,High
S1892,35.835957486749685,23.856913815510154,32.300117468877836,14.74317270248562,13.276018731517842,11.371936774996904,39.812546606943116,69.66189700942253,-1.0928506879722013,76.48641670013015,5,13.836744585484343,5.3652548148995,4.812965686945868,Medium
S1893,25.465420074682527,21.996668449662145,24.08199928787867,11.683769838103677,10.135459527201771,19.35710359570875,35.13570541278605,66.45246639220633,-0.8473072484680055,67.06415456481781,7,9.237926873219136,8.244099100371843,3.3812825669712843,Medium
S1894,26.402240117566674,26.832876320462773,28.138429172914634,8.809701929591448,9.046686769805168,14.60834467833278,42.42675333107168,92.41898410993306,-0.5345145889956213,71.69391436431823,3,23.224814168957785,12.701914684633834,2.994684490675912,Low
S1895,33.26311198744832,24.368381952186525,17.62986209597454,23.37171021790006,13.753171744905321,17.045729208980248,28.309454226053006,54.218579076655516,-1.7874679574767078,73.69718913483166,6,15.282141954804407,10.839464461515474,4.832969634444375,Medium
S1896,17.559750747906943,18.188930030734383,35.40344651464372,10.429521568093739,9.237314158312516,16.42938518934274,41.35763808948783,88.52981855996711,-0.21496460050776123,96.40503978856768,0,22.505874084596655,16.6130864074006,0.0,Low
S1897,36.55417476036267,28.546912931148817,32.50660528990962,16.68409791222867,18.98585181654758,19.294502661663785,37.849048687362064,76.5178609698703,-0.9566199171418035,73.01631008056731,5,16.350569329703614,13.354773123075745,2.293793168180874,Medium
S1898,28.398158257602923,18.594936063072023,30.62413627964492,10.3465821250646,12.079745633619265,6.746511339198106,29.30411225400681,91.41755554572204,-0.4449590476273767,89.48880929977904,3,24.163765249464987,14.565557110358002,3.9817591079114205,Low
S1899,38.48763354527902,34.9987213238018,27.74116372163441,20.893237541266327,15.103122166670595,23.739919739331285,31.910687264997428,59.33219945622761,-0.4941643831101865,58.110747348790014,6,2.6987385956323395,10.513803042659406,6.1912827981946865,High
S1900,40.08994602950604,22.8132914626024,26.632425627561712,15.720898703724464,13.489808278102139,15.50493115183561,22.912293248654738,62.54727953544139,-1.065098074967658,76.39681214823511,3,7.941908241906131,17.13967228483004,6.682819681525279,Medium
S1901,20.82941628783535,21.91946911284326,16.980553344317716,11.18440155846207,3.8940929514361526,16.36247594938383,46.91595337451463,95.33502788602433,-1.2623091672838345,100.0,5,13.357193849639701,15.120944415022443,0.8997111457392228,Low
S1902,37.13981395886507,25.979122871127363,28.902421588865245,4.42085858922553,7.281270771508068,18.22250314704712,28.235400433803484,72.92917769961184,-1.2769467493469806,87.64161002094025,1,17.18971125820374,11.77859751462355,5.206291243199612,Medium
S1903,36.78777873411346,31.0218671344608,25.56062268370246,19.80582242062322,12.416214576343634,20.115533806586004,33.27601236825466,82.67276703919913,-0.7663627514625193,72.02900787206966,3,11.0048166680469,12.360177098025725,5.486351232120646,Medium
S1904,20.954450239070177,11.22953919185123,31.374601898702945,13.995189817784611,11.465236803537183,19.09099554868059,37.14167667183906,83.0433909395453,-0.9269958921762261,82.37882729560027,3,22.246468611973345,15.999493063304815,5.161226124646154,Low
S1905,37.5694237087546,23.674672592043336,31.9220311868388,8.006688790243173,12.592157880188283,8.589463166572614,31.16246871596629,75.40208458314162,-1.1098394955360729,79.729988164482,4,16.23909137823991,18.74608309171165,3.3709869742580563,Low
S1906,33.97810591391532,32.46674371170444,21.176174699980873,22.93680492852326,19.28127340349368,23.360024546251864,44.61503066286656,70.46685336644855,-0.5983589504979889,57.79067142548382,7,23.817387219057707,5.436456657816499,5.412055068205635,Medium
S1907,35.44517164601218,20.478373204399503,38.17614009779572,3.666407219709182,14.151533353734644,16.478234766456676,32.0819978811662,86.01899952934747,-0.6686727498853466,76.06536450546899,3,24.047057278205116,5.427946611847906,2.5676776491755846,Low
S1908,37.229111933959636,25.46158593823307,24.70251088257962,19.61250539870419,13.489219858741198,19.598950758506838,31.780894389031747,67.55549314988828,-1.620678594877388,73.99246822112931,1,12.775357027000776,10.54900107866193,4.894276044834206,Medium
S1909,33.050064416395585,20.435398609196866,27.095302978399648,14.102018821534156,17.77909404865632,14.9325659007949,31.39186682110369,68.45033884774939,-2.27860698801712,69.6592806215815,5,7.843563892776229,5.641937430505249,3.4985404257016834,Medium
S1910,38.329980125688934,20.89912869692005,31.172809915871976,14.821272679784158,18.166361424610695,21.857785898931784,30.28247178747943,56.34605133432705,-0.7957464094861413,70.64122747336044,5,16.809661694242166,9.57958655021727,2.776545573308089,Medium
S1911,40.9594050440508,31.71291956740363,25.07315019871074,18.461588607313875,15.394946728904648,24.122085811984647,32.65405296312233,63.18373624643369,-1.3306706724615556,59.28631226756791,6,6.403071859141965,16.89019288435797,5.550276245410698,Medium
S1912,36.192511112963814,40.73210972543575,39.65310359831771,21.65351737617515,16.390656940376108,16.065813928310707,37.0570336381079,71.39658314707034,-0.7818885121136175,72.6383667547116,12,6.53393883859872,9.284785787672625,6.993534429757814,Medium
S1913,27.351894332816794,15.974752971708376,30.924413441477938,1.5325800665582454,5.749201438796082,17.396020676194738,39.08336037531409,75.34633630373514,-0.9227878797186944,77.30444080989629,3,15.777075635008806,13.555729608387288,4.708588497120125,Low
S1914,35.93419013448246,23.588210481767007,28.920178170889407,19.924811073947893,9.661484371469523,22.584082777735738,29.988351451316465,76.33762926938337,-1.2787171000722446,77.89951783251077,7,11.382684558550654,9.029418065799229,3.5143199594228656,Medium
S1915,40.51014374070201,30.630852878194105,18.839681425444162,18.912776144281363,21.66258259660392,21.983102772555565,32.1853141327973,63.00631976660379,-1.4060772858413335,72.1213844929754,12,13.430822138334817,14.798641683387917,5.83385284803526,High
S1916,34.06423964480026,19.054782789310728,31.17471986986017,21.12646924385784,19.14643920326728,16.106125517204767,25.765639404051143,74.85081146108612,-0.5784928023967527,68.28367753044597,4,14.398136241819696,11.867360952805566,4.814233652045442,Medium
S1917,31.648932034354964,19.995144622247615,30.497645644132806,16.04695700530675,8.921387817719223,19.761958700934873,42.86312476919004,56.45859378100781,-0.71805384783438,72.55884008691119,3,9.870195693767432,9.738836031286247,6.3301209449777005,Medium
S1918,46.28921859522234,27.876383490078098,23.09528277651416,16.436931327625114,11.917655857967075,22.462937068448653,30.38360950843,55.605198127935964,-1.669841229250717,72.47851984391838,5,10.624718131860487,15.655329448305798,7.969745433783239,Medium
S1919,39.03449016556889,26.93805992590716,17.459595252706126,21.090396755406893,16.02078423871533,26.91410126019909,29.081378360934096,57.5857356406877,-0.9918869744788783,75.00399808318775,1,3.356370989207144,9.177640022480464,4.144608274112536,High
S1920,39.526458058756816,31.782023650536956,19.04735362655059,15.712499059425161,15.156313619486474,20.157716701027883,22.925698450618498,86.03925526651526,-1.2356232438437893,84.14378695282267,2,15.53239913250528,9.022142661613877,5.428428427107237,Medium
S1921,31.203032261075084,19.97188467918646,28.931558724860324,22.866013027432615,9.768964855382702,23.443258422998355,31.239331666700785,63.944154576747934,-1.0540825071337339,71.52797346076908,8,3.8345413284754954,2.071048185117382,5.656925127887955,Medium
S1922,28.122176761048728,29.52802667914053,19.16147313324037,10.461216911049744,18.531939972145956,20.44904589874325,45.082433248647035,71.44548344516322,-0.626963890596306,67.88853932788746,3,12.812510880052645,11.540461369414503,4.204993439567465,Medium
S1923,39.53458074950623,24.864578578579987,40.95929460083624,5.76977579202776,11.541691474270863,6.638765078374185,42.40809295264826,100.0,0.5293923547132193,88.09912580951256,1,15.256714127644912,12.18563932103876,0.7361345671217301,Low
S1924,36.62755457466791,28.05057059601149,19.06646834755679,9.81319466827679,16.72513196004523,15.886306055821398,41.08300927885335,73.9306897964797,-0.9297519364026451,59.19683537796895,4,16.042218300130912,9.284300320702036,5.843630671859164,Medium
S1925,26.758379003997213,17.44939657325943,31.577263463820877,8.632282340583597,11.061927421414566,10.874119153220557,39.131340094773975,91.38790437833468,0.9799763494076736,84.28106028564922,3,14.073233246036937,12.26159724485151,4.6085277266339215,Low
S1926,36.62800080353491,27.15289862035361,21.519635200938662,13.427453501529786,15.064362151698345,27.172624048933574,18.81831209516936,65.74879553789512,-1.1369230133042871,76.76138845456897,3,9.197198357942241,3.308996487529133,3.9099027286353025,Medium
S1927,29.848406666402283,15.046708837284001,33.508972526393855,5.240840479573162,8.885189835592803,7.875334289201412,39.29284918833751,95.495222537856,-0.07816958375106564,87.5592903137405,3,20.632416204731413,24.35529088652992,4.356967036863686,Low
S1928,26.444087597783273,8.343689027376637,32.51602056143513,14.462791630150633,2.9708980445412143,11.328921086472953,39.445262815281076,94.48410694954816,-0.6617268172725405,83.14834684027605,2,20.133554365887967,10.81514967531303,2.8870583985999785,Low
S1929,32.45639304067353,16.803965277288224,32.64364778138491,8.4067488518559,16.592122156897645,16.94862910438709,42.02372137582335,82.28738883273792,-0.5087272270994512,81.15563728044202,3,10.747978538234186,14.99320552847458,5.8079627128665985,Low
S1930,22.108696278795165,20.86533455867281,21.401403434943393,10.283141943797734,8.379695365615762,10.836511790925696,36.818943098573406,78.95003172889572,-0.44354805566018296,81.00270919448921,2,19.39107876264936,11.755908681190869,5.610220000865623,Low
S1931,40.68463622889852,22.908580409288437,20.958772919320502,15.777613689381571,15.83561003556989,23.06315277808378,29.06324652891489,72.4043920767779,-0.738350037431618,75.81991545516101,6,24.716403985127087,0.0,5.117669040362485,Medium
S1932,29.676769676315267,21.622843544355813,34.30694122701141,12.105136466522668,22.76841524545151,15.613218265001358,35.060568018382035,61.78971171010664,-0.6465887509919179,67.00903444923978,5,12.429299061553257,10.931687233660147,4.798156534609206,Medium
S1933,28.446144182296727,21.465841214127362,35.89885054922164,20.15710385503645,7.782921078939399,15.476525968960825,35.91146570202653,91.58666672806012,-0.6706138278651815,91.0718496827777,1,11.415676416150163,13.84981938061123,1.963858448091639,Low
S1934,18.075859301978852,21.046288122724338,16.01222938507049,3.3812644725783647,12.746657794418498,8.074933223324773,40.48128379003434,73.89498366876212,-0.4039150894590027,83.98855855295274,1,17.08452461981196,10.691216401410692,0.8950026443304959,Low
S1935,34.071816388219105,29.02910860170965,30.71082646373295,16.31300891309466,14.92119113237058,24.865957308930437,35.04980952343073,72.48192865494049,-1.209857906456184,81.00075580306,4,7.849211473278701,17.308939412721944,4.560277594827789,Medium
S1936,18.480229551730282,24.222606750491554,22.991383348828727,22.46126259800228,6.645317633077664,13.27698057517336,30.18328211929284,86.9748431086808,-0.5004299541620386,68.38364603967977,5,14.055254054565903,19.067214524282832,1.7385079833952317,Low
S1937,30.88796082499056,26.5788842903515,24.088539833465415,19.130373627125906,9.833655280982613,18.88129505071833,38.49438364036419,81.60594455537334,-1.260985228246363,82.43630949622961,5,11.58635580154069,12.222817581215594,7.593126465278478,Medium
S1938,25.27702279150366,22.48237816776995,25.35316602851297,16.231593258600384,23.082996711124235,18.16773201895586,30.044942693744158,57.70428521282765,-1.8033836072987954,77.25667515977774,11,16.835065541543266,12.275609910497806,6.468688998793656,Medium
S1939,39.592878848974706,21.486625680470677,34.48772381526476,13.451082893677285,19.14459232680563,16.141763821791088,31.532942043611303,59.42259851667922,-1.879268394446107,82.10134773675865,3,3.33310495981414,5.1329442669921495,5.058179741268007,Medium
S1940,33.15038071542384,23.178614322582924,21.0613967591736,20.462322383809212,14.151402519974607,20.60057008279415,32.09487923425105,77.19526297297224,-1.6118213294102257,67.85165467604902,3,5.9597497931731205,6.277627038991014,8.561750452936408,Medium
S1941,25.695519466130307,19.003640771801006,20.846966002800063,16.388949097448155,9.733016376447917,13.34627253686689,37.60355519167207,62.71550120016672,-1.0279885246405165,75.0410608062038,6,17.32508707007558,9.3263912188314,2.9643890911827833,Low
S1942,34.40787745954232,19.95483163312211,33.36041062006344,4.669900039487923,11.490113057453367,14.470415989792224,28.877967764703094,91.22459772970466,-1.0025147492813382,69.14919924741692,5,19.238979220618706,20.685120313738445,2.8585047965498163,Low
S1943,34.608943534366965,24.94362899040013,23.376528662375677,18.992695884983007,20.40702965606373,19.58067493176612,32.555739072574106,64.21421420597913,-1.5384347270364025,57.86357162899164,7,0.10013710132960796,6.696195071094902,5.211658658816464,Medium
S1944,15.721164378967417,27.914150519309985,35.71573930766457,8.877331048021812,13.737622310787534,14.532611380876105,42.13178097244554,86.07535363234982,-1.0661538931521073,89.07101955437666,7,22.3830743246802,16.787593010370554,4.079440815689963,Low
S1945,35.002162139693446,21.29281494372659,25.422604382671246,3.509109421596376,18.228312942603406,15.764110745823952,35.60103370578558,66.63332337150045,-0.7366277764775415,77.46612375727055,0,18.409980144463837,8.130907719763737,4.0217530094748515,Medium
S1946,18.988007857861014,19.43795605707886,37.57230268219353,6.339371241471313,7.163686718878006,15.084941135442149,32.86702169398716,73.80122478235664,-0.4343165243166196,76.67554235458965,4,12.888134168019034,8.648351185621273,4.249043076290943,Low
S1947,23.222901997041333,20.937399654807606,30.568841459052344,11.46011707440192,6.431718405590597,13.873571518312838,34.78691110206889,87.7060936848412,-0.7657849897310984,83.98801054668706,4,16.854812557463024,10.583189594643876,2.01143386116599,Low
S1948,22.587412612768368,24.75520111498022,35.07020336490347,11.460593091010008,12.897666711656068,9.846873244979493,39.7048285278348,80.38521492596848,0.2072277956052035,86.22896387867782,1,7.662068556053661,11.240629685826534,3.226705139279679,Low
S1949,22.896002734610853,31.806241771247045,38.734077732243065,11.719029773901783,20.662249376401096,13.33427863086511,39.355396215954684,66.05026734513551,-1.2644972083751642,63.701395997560496,2,18.713406957685887,8.892833597748059,3.1893975428636367,Low
S1950,24.122114931490927,29.409811994994595,30.042060854495748,15.769103859434264,13.115711831238322,13.059503045695784,46.38731933228476,85.26472181647921,-0.024038233990919755,70.62954008772054,6,12.60510351700853,19.137115173487498,3.41216367344648,Low
S1951,20.422005593505645,14.549753922067033,36.798948396184386,15.076491674799883,15.553873668590636,13.345466724838161,27.266178494139915,66.83323672741503,-0.5177947869337869,91.93673295443398,8,14.645007188141943,12.39976745304711,1.8653108362468598,Low
S1952,35.86759178457471,25.178838306102595,22.285003054226266,16.543430138677255,15.540724073908457,19.76468800604025,35.55835626834053,80.45912789919709,-1.4016506197965488,76.80380473939992,7,12.223846830734741,9.386321459393544,3.714354134753604,Medium
S1953,17.231495691596596,14.883245324024521,34.340100541162926,6.689766825801396,8.494619918106011,16.84755668119301,39.7622670549563,86.74835678270858,0.2946931870856881,77.72340543578332,3,24.4211183979026,14.021442456583172,5.862805765523948,Low
S1954,25.913898602976584,21.462078925881254,22.874145004460342,11.141491762087018,10.160105341323584,13.27933197551082,37.29417828730942,74.81431487893776,-0.1824769564549294,84.76399918519049,2,19.570334141110795,16.815442692737328,1.7708331804257005,Low
S1955,38.1904043174102,26.45070565291129,24.54586070849213,14.832906997669363,13.69215678214113,24.590855899729625,37.180491115741106,81.82899234137672,-1.5282333874873337,69.46577606454134,4,12.259706280880149,11.138612736108922,5.261274002187502,Medium
S1956,36.55619462290314,22.200455375323884,21.065189983985736,9.41272829086388,19.749105619277035,16.848987278953164,33.565052070561684,81.6002200545317,-0.829556159790563,83.47977288887996,0,10.984378600430116,12.175946831135528,3.723655150142905,Medium
S1957,36.81106859128642,25.466015597778572,31.99274238833184,17.59416970283864,21.86151697718249,20.959614368906728,27.119268913294505,65.92238840153894,-1.1960775642904902,71.02915814152131,3,12.861799542113992,13.560431287755119,3.9179151255036304,Medium
S1958,17.055909579193152,11.612508243275053,44.23303246292987,9.261945728535002,4.842772366142009,5.7379644905174025,40.481317087053945,100.0,0.34372437027551445,82.96380649268943,3,18.61262866011308,10.08391749488595,2.496077706239402,Low
S1959,37.05483831120268,14.736350456722535,23.11641669505449,23.266123244557065,10.124137731013668,21.51550788993316,37.39194590599165,85.25622454362572,-1.0080365984938127,69.9476023040481,1,10.986513564050842,6.446225656244527,3.948432287125021,Medium
S1960,21.279586113134876,12.31572272071256,27.506861864311272,12.64720097559867,8.171593740717547,8.884547041949865,37.812843953816,85.92533482076837,-0.05220232749545778,87.05802336593527,3,17.74607660389794,13.911183590572692,3.728637149472598,Low
S1961,29.43351825457979,26.076194094780796,22.059592443096882,13.079531559358763,6.449479952357624,11.543922146353191,42.984894875735634,86.7241874688517,-0.8949223311474704,81.20838298792991,6,14.60241488247833,9.47197798761361,3.498467765437741,Low
S1962,14.467377790647939,24.758565521036576,34.760965929864646,13.264529672188615,7.2862390174183815,1.0773440748939125,37.358095688240965,96.2091163665232,-0.34835717104244146,86.0489587150114,2,10.71253533707607,13.097599519396793,4.612880724169864,Low
S1963,24.79956517336576,22.34989584966249,30.928325936977007,7.306414585602876,1.246083420059171,12.53504934061938,42.458091314934244,79.85204853424753,-0.1871302658906325,93.97738700658685,2,19.34589227639798,10.34449792775554,0.19424950961521348,Low
S1964,36.747125359731655,32.81100374664759,21.75907642511084,17.910633829560698,21.964417176182266,19.058258685962855,23.877123705126372,69.08027055391585,-2.125832966397529,61.66417346180508,8,11.9323447561884,6.242741716566673,5.730352313416399,Medium
S1965,36.24846895998937,14.104998715380177,41.65400036862551,15.079554720088693,11.485928483334224,16.481065019074887,51.37223272078823,77.25707319562746,0.2268567254784436,77.16811984741449,3,18.166582166672395,17.775665726053198,3.5966794339054116,Low
S1966,40.35391678934656,20.15277534606443,24.92744240264315,18.939922219437445,17.59352514349907,17.779786158736837,33.10508029183577,64.06373427161927,-1.665469675563858,62.909844958508025,4,8.347763572426999,9.108844969212178,3.2698486676188425,Medium
S1967,29.86349816862604,11.570935074806648,34.30035933011956,15.834063164251365,14.35218906001602,14.76699544042353,34.25785633697422,81.12726563542665,-0.42824438173569557,75.35506125455312,4,12.624871068883692,10.914518523131012,2.410478734103193,Low
S1968,36.94659031770251,26.137258359573675,24.777833427743463,14.302816678889279,19.21234871105665,21.755764414990363,31.378870480176793,66.98075282288433,-1.5708705704611867,70.27177673804233,8,19.76410817366329,6.070497456735973,3.3781302709005723,Medium
S1969,24.170113244204334,21.690039146699988,22.1778865183298,7.8134335344528605,12.816264398507471,14.538760911122925,31.180041461453218,66.15853408346948,-0.7446701731328588,86.08675860042055,3,12.544286939018674,8.95666225650263,1.2235613001303665,Low
S1970,33.4444190926216,16.946976734372317,18.691294192500813,8.71627779634115,17.026103216410213,9.648343248682824,29.49595163630791,80.52440052959844,-0.3598186061169208,92.7124061598836,4,18.35453345977342,8.055643892505131,3.568603563097892,Low
S1971,24.705877878126415,21.83802183596549,34.41319625133909,10.409687966959005,8.67626280970885,15.880240142513724,37.90497523473297,79.79790007665422,-0.8584167771642307,83.80708460586128,3,13.206118564318539,7.962535262829528,4.3809099625000085,Low
S1972,30.420694443260366,21.9223858703931,42.477340358089506,15.96049515546428,10.717248658689359,8.562045454134713,38.85314598939255,94.77293152680771,-0.13801979171336617,93.2850795117722,2,8.346675498049775,10.719611853808722,2.7183664875606124,Low
S1973,37.025145530947924,24.64437154607534,27.8773073851601,12.461036281588672,11.602587353237176,22.92121268924197,35.33484218590481,78.27224315166764,-0.9686215673567883,71.34285336583874,7,12.270407176104348,9.730657059050717,4.8694815971337695,Medium
S1974,31.76724065021509,16.081715371555255,32.90818809072505,16.403264034385224,12.320731271802797,8.717302882218355,35.905444537068036,69.53377509287769,-1.1659777823620407,81.83317783973085,3,18.394893499569644,14.449837015508376,1.997961592224772,Low
S1975,24.26683898077705,22.939999495756282,28.79523715892477,1.2250924997571193,14.96896489016769,4.120866757169358,38.98378864272808,98.68993528479623,0.3520447712648437,99.39620608696379,2,17.710138174469098,14.248084926479763,0.0,Low
S1976,33.49291231908183,29.648548732120055,30.234737845616284,27.942915215939834,21.28485536726657,23.40724977023036,25.545125130953384,68.96017692377035,-0.7635689737710047,70.71070142658793,15,1.3352374468464543,5.180724440046889,6.131287163852962,High
S1977,26.462089707849383,33.96424678310361,34.07136417296174,7.871610100770924,12.988417805015345,15.529506433351658,32.44667796103276,72.0518728127099,0.08654053623060454,77.35108643427178,4,3.278709686112215,9.131393814085756,3.323521525480893,Medium
S1978,19.83843919547971,19.55948489679701,27.749617303797425,12.058790464882776,9.745992697797675,12.334801090294182,38.91885298790028,78.7317871037352,-0.5407751884768245,81.8962143451991,2,23.309455559132257,10.953850873885663,0.3230407704625744,Low
S1979,28.175769529820172,18.161692550583297,36.50948166973463,10.872129656570486,7.031572142579855,9.416025209168904,35.59223907069581,76.7052298714602,-0.13950136655941575,92.5051313439439,1,18.518348169853066,11.415134529293665,1.7716006813138876,Low
S1980,20.327521261524204,14.222419259345244,21.367815376492256,11.524923314896265,9.567215502477351,17.761167581082017,39.73056023143671,73.17743639678599,-0.2783960067831087,97.82460263736378,5,20.60882204192663,11.867055393693104,3.3852379623842483,Low
S1981,26.788865425024856,21.59801450584733,32.806673420953,10.20673289288628,11.248130654606543,17.748683948227022,34.83087733481847,60.13043893100478,-0.5386875868613852,78.97119683254529,2,15.928860473311309,15.072095187363818,4.7827980575392965,Medium
S1982,38.45544526456737,19.82027385667174,22.104778707498728,13.388913815364422,18.33234373419169,18.144994480126964,32.835334754575065,68.0920503545894,-0.38715889781981094,66.60869728781294,7,6.679484457156995,12.649391550736777,5.451908729528729,Medium
S1983,27.018315661854242,14.904727211598924,22.670088407522762,16.712451537819046,13.081803870212376,11.71218849215643,37.932188004769884,61.92957459850781,-0.41887108874673085,88.32550436680324,5,14.74721206192427,18.73767275284148,2.6124151627854966,Low
S1984,41.10125920092143,37.10600956573766,23.6157014951233,27.59381085804485,21.58671793771889,31.05671372386928,33.71076640933695,50.86755013599521,-1.5829885924740368,47.11864421631323,9,0.47488105173763984,4.067391766204118,7.491694306874096,High
S1985,25.081100135799247,19.518183068362163,19.92129522134582,15.070143212365842,10.898227210017362,6.4108436536902635,41.28257718323288,84.87537122272984,-1.140445136421785,80.25817200488991,3,21.17032174072749,8.16042895659743,3.452125151916496,Low
S1986,17.71993647836729,20.365185750973616,31.445624564065522,17.102363854522707,13.09369900756305,16.463103446299815,48.15901740307352,88.85878576049649,0.2764743201775519,72.19684885066837,6,17.109343134349412,10.531913446400475,2.5552556886011777,Low
S1987,19.16556476048341,14.497848008807168,25.80634178854852,2.0556512099791764,5.771008010076071,5.056854276163183,43.58270246287975,75.21272125648287,-0.5576690624937204,87.62815513125052,3,21.78321120029699,18.38561642754206,1.1243309901448195,Low
S1988,34.954029624388596,20.309352629764454,21.49461489662196,5.9730869575532095,13.454355374177076,18.397578410917596,27.498850873872446,82.21216230124169,-2.0535091591696495,90.49789770625559,8,22.111176286687463,3.6862713552744886,4.1036825601902365,Medium
S1989,32.583152972386785,32.889431992081185,26.191031680244116,14.538819553417408,19.12233417466744,17.71759485312035,27.384769779639008,66.13031979771041,-2.3602598938684594,75.67880752996118,8,10.88380186391651,10.566076105988483,6.359481095181752,Medium
S1990,30.16648191250983,31.456253138442168,22.163334189351676,18.81657873250431,25.02109434469021,25.413602796894708,30.48454707376289,58.333848329510346,-1.4109760638152475,48.58605437724843,10,6.851853760108033,7.35189608402142,6.824289715358664,High
S1991,29.263380846379565,20.542607232106178,35.15872548210983,14.097872758148482,16.571903269554372,18.73572291031805,29.70115703988575,71.21264370358479,-1.780824994246978,67.16492317764697,4,12.60507740007763,12.917051940920341,5.105503786189776,Medium
S1992,23.82543812633711,21.772858111494674,26.075491517727002,7.730926531785171,4.236297625140674,2.2362450091844304,41.53251384186501,81.92459355277482,-0.1352009012633354,79.76561286987277,0,25.365532900141133,16.03258308122061,3.355314147540649,Low
S1993,25.7224275249203,26.842996532103367,40.83697425965329,12.678805556240407,7.484274190885563,12.10086376340261,41.37065231558517,83.69544093909947,-1.0691539196211255,97.03070625856432,3,10.238129451106907,16.189354767986757,6.361610226992147,Low
S1994,20.673633047837626,19.18955222876662,26.887110707997707,5.540048054101229,1.9725697839897212,5.004166778034547,36.24091002452274,87.56443774972016,-0.019082264959700418,86.90820490425409,2,19.073785220639703,16.274150566150166,2.860760244724967,Low
S1995,21.556700027146356,23.458627269001354,37.51502234100733,5.740907263385775,11.511368918126937,13.609795760065813,45.13696308408153,92.28084104763724,-0.1180800156812053,87.6027901460844,2,21.62351876163222,24.607964158049818,3.2366802615448083,Low
S1996,18.81422440649046,25.7640780550612,38.14143253595783,12.911855871776321,0.9552462138807716,7.118180542334458,46.39511833954667,92.86468116637168,-0.3780980885494173,86.67201245221146,5,18.74379014843074,20.27312526872705,3.981948276872131,Low
S1997,27.411731014165042,11.173620073262041,33.58626921608255,8.328786711967178,13.109600960253344,11.870571617669652,26.900710012424415,77.41250261991979,-0.7938314389163859,87.73355202741418,2,22.69170977967604,16.518927894499026,4.239634526461781,Low
S1998,36.841453050574444,34.44303260921676,22.663016139428215,15.550980302324874,18.690809755605137,17.29010688970333,26.36589188793274,70.12753683190205,-0.5728870281421825,51.61472215286676,5,6.2517995729128835,9.010422799649085,2.526592836657554,Medium
S1999,30.305329432560434,23.582813891226976,23.545715514880584,6.758850527794598,0.0,6.987282638902236,45.039069140436496,91.02838706213547,-0.5085560994427248,91.7115324174339,1,23.583175965289136,12.261516771003311,3.037869342401206,Low
S2000,27.26376148776471,27.69763212953658,15.599322129699962,16.6132400632489,19.329146735347273,22.79769474297987,40.09229459991423,70.60891421501186,-1.1195139757351447,70.10557823878045,6,10.726916447596423,15.49519917160842,6.069142590129511,Medium
S2001,40.8717371934991,25.60799513741367,37.687272349544415,12.179681301202642,19.22091272881581,18.49299599179119,37.39826198903266,76.0528680118297,-1.3783780177653955,79.29581384581363,7,2.7831330267798364,15.257348976363504,7.427288983883011,Medium
S2002,27.565274980270797,14.592456253680242,28.509869387652333,14.183757236783062,9.49059436681015,11.219916097827697,36.92630428881831,86.22992806320228,-0.7618249240038155,84.06475348606116,5,14.598759307650692,9.08533202403943,3.5999486453459637,Low
S2003,36.97602665863693,26.817527954811002,18.266094608665664,18.343426665461536,12.359817362017859,22.01700793891847,32.6440323874226,74.57304525263162,-0.41182888816393926,73.10451982745327,3,7.72066539294004,1.613855543913977,4.6872251577639314,Medium
S2004,38.75491507647421,28.6715489813016,19.568863439769373,13.372298977742231,11.935571109339435,12.749793382144816,37.504814651237304,70.70047718952593,-1.1454320265963105,66.31555300158657,6,12.321843812698205,3.100353253100251,5.104844053846292,Medium
S2005,23.119313153516266,14.13747424153387,32.512724759091604,11.78299808212945,6.159268337527561,20.931987454009494,38.72922678651098,72.53845283010232,-1.100739994654322,76.65011882536207,2,9.604849290467328,17.82692132792667,2.198942086568672,Low
S2006,20.574946086265832,23.766432537505107,25.794510722568866,11.054084358097311,18.467875827806413,11.68390283386309,43.28875180465273,72.70512599244249,-1.3911419859915157,83.89245702969626,4,13.91494634154104,16.79533711020259,6.632723340479474,Low
S2007,30.97320926671059,15.041414366530804,19.014903611419122,8.07483082860256,8.56704832759696,14.76219781886418,32.932975698742545,75.5132645466448,-0.7340040154391223,87.58899359806162,5,13.549996035102478,12.68557688644236,4.211083847399323,Low
S2008,35.935352783333805,24.430878369165846,31.671744579665635,11.548891654455092,18.839891708839218,18.733868385225893,34.43097314638579,76.34761289729369,-1.5327200621438122,74.06971676514365,6,23.127207610560927,11.753808223416698,4.759627631223724,Medium
S2009,31.476581793922076,18.859235991358638,29.043121716003377,8.808044181553733,14.063892828635849,22.406323533901862,40.03082547856964,83.61461093391621,-0.587407602958337,75.5214695558367,5,14.495564345147022,17.880420618859993,6.325956644965607,Medium
S2010,35.163264154236,17.35160550865402,38.80910153428328,16.777627464471397,13.896739906134869,17.31621858272066,36.16626614893045,85.55821942068647,-1.672519332393703,79.08404895315232,5,15.35695987369705,19.200190249466814,2.6799920212970263,Medium
S2011,27.297138718894473,19.230384190574316,39.947295835386136,12.19240372969944,0.991361041997421,6.229759146135018,42.77398744513848,92.6568116512119,-0.3125271052780383,79.60205299774576,2,17.34146132242315,16.706689664326994,0.0,Low
S2012,18.7551782035335,17.15338001907086,12.621991214570492,8.249768912336979,4.958670447200781,4.125480492609468,41.42564694695595,73.68045267712446,0.00010158260740400493,93.50020788185375,3,23.20631343690365,12.892339540566754,3.895609146669006,Low
S2013,25.927624623568093,17.223094819221167,40.012807992077704,6.458157756513195,14.359233106101577,3.996839632898248,35.12493020278768,93.08415514006451,-0.7802517169010678,84.46345848697999,1,19.6352336549991,11.409773463499645,4.773974627713577,Low
S2014,10.402309122356613,13.264879551427228,41.170874201686004,0.0,5.665997866884094,6.623229017341962,33.159944757948395,90.90601216733661,0.07631955790702383,91.13150311030775,1,26.70630213432669,13.30119173793347,2.144568287771757,Low
S2015,23.08765238821933,31.580484606754748,28.35809248439705,0.0,8.871042997304201,14.742755373527892,34.0308544273765,78.21321011891851,-0.3166552386611724,85.72528526595865,2,23.492543929194447,10.715693171491065,1.7225508983481586,Low
S2016,22.478100549364154,21.510284844135015,29.799458395556965,11.380371598467473,15.351533111535698,3.1321982150712877,31.76067667117203,90.81688395146325,-0.3631224415359394,68.2966705434214,3,15.989935164171248,16.217511996157782,1.433158032995869,Low
S2017,30.259995204370217,24.81407778962575,32.79008057310704,3.3443288847246464,10.105819369806552,20.261871269432586,25.74391146712746,77.31098037452695,-0.3680893869478409,87.12085633763787,5,19.903626723833728,11.978358690786093,1.7083768670941208,Low
S2018,28.25211825118106,22.016837837907755,20.74427330763861,11.318181237050451,14.067540052080313,22.33105867151541,41.103610424888444,55.33937303188017,-2.0188224539468393,65.22506220411677,2,17.534246398505594,7.363945560924607,5.721237055089866,Medium
S2019,24.290575292922526,22.642159820600746,29.704822007414947,11.252131651232116,14.430909289568714,6.235376128419133,26.12465876991797,73.2004884330449,0.08984035400468593,85.62765325087013,2,21.65259697482493,17.469475020310384,4.506539770552154,Low
S2020,12.533696413943364,20.752580912792805,35.83183522881805,12.250014978923254,11.251466095307778,9.2395883124731,47.72316838398397,77.41783644744405,-1.6376122480678335,74.65593438394552,4,17.872320254556836,14.455235551263012,5.099934529317455,Low
S2021,30.1480902410587,16.971208204209635,33.69002477060677,12.1872664429145,11.579639325552346,8.539590917472548,33.88904755598096,78.85712401810707,-0.020887726238167148,80.47487997551775,2,9.749359300704834,13.67536715000662,3.4830189771943836,Low
S2022,28.521856531139274,31.81654189818056,25.62097774716378,12.198762686042066,15.441241561034223,15.08534197306264,34.744325656640974,68.93097289859041,-0.5001023810643986,77.46460577157617,2,15.55131862932176,11.488838465218956,2.0586637770469296,Low
S2023,29.596313143931873,25.192041574911187,35.64049976695006,10.900377348683653,11.595734862558192,13.836025991735479,27.24659662361069,83.18443341957129,-0.49623802367834213,73.59709583709522,2,16.158691948921952,13.897341505105446,2.759657812478074,Low
S2024,28.824934170440308,30.64536343285208,27.042118864889222,13.482207581876015,19.880657145886506,19.962526164665828,35.79056598340683,71.3492095050543,-0.4960846476706513,67.12549276891991,5,12.534770021562744,8.393171142944224,6.156380365813849,Medium
S2025,29.671312199674443,16.286132956468926,32.00363192243559,8.60822727923826,10.06693586490177,10.740753209625929,35.362245852915436,67.760497185275,-0.022754092421598537,78.86311784494964,2,22.05004978824585,23.61853756246002,1.980243439911489,Low
S2026,44.24848204649487,21.436740606204253,22.319565704758535,16.631595318894377,20.433564755111824,20.77932259354015,33.9726924001651,88.68849278533324,-0.8716911306381168,61.10070764270537,8,9.111057300174936,19.01526948230751,5.044189669994465,Medium
S2027,28.574106640354405,22.31117883659749,29.261566597145613,5.037568978720074,13.524350847071863,17.70736212624141,31.47779060418426,66.98515780426328,-0.9071582704865955,89.1850935752682,1,16.121137651291555,8.691331430196549,2.3735084596441363,Low
S2028,32.06943708816013,19.187623935599383,25.06405558163022,8.909849622692398,10.448058659425845,13.247920478613063,39.35729762003399,73.99144085723555,-0.8858762635849089,74.47808869040452,1,15.418981494995995,11.139100359739198,2.718564856819347,Low
S2029,35.96654281266708,34.318923055575745,11.164901734800194,19.766844304050036,19.927144837376947,21.230593969162886,26.92863638497679,64.55572568419383,-1.204833574530365,66.98515536468545,10,13.664181647272443,4.902997616406194,4.336076567109005,High
S2030,36.1393023704087,31.615171060958758,23.40709701341971,15.46300763310119,7.1196500686946145,24.509183006772744,33.86316404956646,63.23056853978898,-1.095463042106609,73.90817555288531,8,21.119415089241368,2.2098188221928314,5.329138448194221,Medium
S2031,14.047347902678993,16.69075711857258,33.24465593994931,4.993022702978387,11.00201133323261,6.614172182218736,42.09026987638498,99.24854009002597,0.014262393646156918,99.66497639619149,0,22.294741471939098,21.28196269516361,0.14619957350748125,Low
S2032,35.0558414310224,28.030751793957837,29.15459323239294,16.56709692964919,7.984429393504181,17.989281972188078,44.26176131477976,73.03636030040165,-0.9176914999236032,72.85175186108378,2,17.445854519335,10.844081288948004,3.082493614763283,Medium
S2033,24.85412533599221,19.21045995066215,39.83997412011183,11.409881669273098,3.6430735213236805,9.168741439079467,43.21343667859861,76.94936108137492,-0.5282972822868203,86.9222076362493,1,12.95448151974079,9.32552774709519,4.087669018974095,Low
S2034,24.35901403176798,19.00590869087459,24.813023355100764,19.40976936062878,10.77584684467442,19.540959717482743,36.35709633805357,80.27853602014434,-1.531435251661993,76.92855337045965,6,7.2633923579046735,4.722518433175376,5.664321019902845,Low
S2035,21.427878046091507,18.358377560653924,29.531174620742533,3.3181416907814523,1.742973720666205,15.717698188591097,37.777316278719944,59.192653892326206,-0.11319640091097577,90.51821358366985,4,18.668680355567464,14.151478171565897,4.093617134197645,Low
S2036,31.054709414487284,24.278088054132084,33.14749845482988,11.916442245604305,14.609945676853899,20.252566882388,37.580760895384806,79.22156211800839,-0.9507837146237573,75.86216769261428,5,13.907788748104048,12.993463206631573,6.272981513219909,Medium
S2037,44.75476045512944,35.75297360345609,18.403606087323787,26.01866632051535,20.9415694889472,21.511678925528354,36.546098546669896,72.12978928203707,-1.7341762628472004,66.45114228332775,9,12.636665023842026,10.202676537658903,4.047682472605503,High
S2038,40.193184426248656,26.361192949120618,28.245168127657227,8.25349506861847,12.266638716007112,15.011612231313583,30.41590990999493,53.632854517987354,-1.9299234441016209,72.4807867283329,7,10.793534696125642,15.186392968200032,4.422068898091491,Medium
S2039,26.512060568948616,17.88889694806826,28.24069544010922,6.041232961989572,7.459375521603272,15.8157202408388,42.546181019117626,76.71221626540981,-0.5282643129831724,92.44526937205532,2,23.566911563977666,16.286794221593297,3.5497714617663814,Low
S2040,20.394447251846266,25.60500902669281,29.207639331015542,8.31120982906831,7.423151099521715,12.09325623203897,31.49095837800248,66.72580878059225,-1.259102585726918,83.35774978991842,4,10.554622678753324,7.540857167661877,6.371325952557555,Low
S2041,37.534088879878766,29.9771897713475,29.743811428308184,26.25070575210703,19.22526312978726,20.243941231143694,36.20117307644823,67.22656049585791,-1.5246559457019218,67.79641909913434,7,11.175902079470202,5.416542189820275,4.912157347861009,Medium
S2042,41.78116628277686,33.01377205802539,25.0452290915483,11.387272613713149,7.881959663262459,14.534292662876828,38.105861068405176,89.948706981311,-0.6321888681820909,77.14525528679819,4,11.87200947310987,14.784487020251836,5.773316507603679,Medium
S2043,28.99732278572635,29.12523919463222,29.477825156035657,23.024134417196173,15.683969947977634,26.69544355311228,29.126183547060954,67.87869289573953,-1.337246675032048,80.7062986780457,5,17.275178241874144,7.053338341222693,7.9626191824302985,Medium
S2044,27.843291738920126,19.906372419443226,15.715639359550183,14.981428413611788,7.966003509331884,21.264288138040293,25.69920835517651,70.58844964994901,-1.061991471067761,69.9724858031726,2,12.788602124976878,5.097128883268797,4.718700546392919,Medium
S2045,33.025202530822504,28.861201465413863,20.44008347072966,8.390488583259916,15.253652001350778,14.298010346638769,34.424433480538376,53.44648055593787,-1.160938814734691,87.3627906667266,5,12.324155235585119,6.314891502683252,3.290392577751406,Medium
S2046,34.64325906117877,23.216260890610094,12.76564142456214,27.299507293277678,13.645299980295595,15.628659400366551,18.67066963448223,61.725651792380845,-1.383791769015188,66.25888889084344,4,13.743385382324448,14.307633677161926,4.201225583639653,Medium
S2047,37.817501462386986,32.9112007179726,15.679816234771605,22.21267209859202,21.977669490528402,21.31884122139161,30.71277409526916,60.176208528609756,-0.8507263222075224,62.482473015544876,9,6.1946905071940295,12.103899525919042,3.5413744191768917,High
S2048,30.870686951678557,23.74467751498186,40.27899142599226,14.320903339577502,17.032635218734075,15.130656621296515,28.602509465214215,77.06710147953825,-0.39174146796105885,73.00960651037762,5,15.198986142372348,12.386328439116975,3.2652730952683267,Low
S2049,31.58151350571396,20.583176647093225,30.878512050033855,12.493060189980755,14.885235147946087,13.437612608992472,56.001995068812796,83.37361974262942,-0.7665518342097409,81.31944388846847,2,16.138253909673747,9.086931355723493,1.20671845319813,Low
S2050,26.04253831203984,19.378276157515874,26.751651483453855,12.055200747090332,5.616233240705131,8.300426741300269,43.7384833493475,86.9968495372617,-0.5755022812061491,79.11687946872986,2,30.0,12.657212003386553,4.480172073198865,Low
S2051,31.95184412863806,17.044785420634746,31.967711389895417,23.913799503527073,15.51279545608477,12.356570482304761,35.28044412945886,64.7200176745899,-0.9068838015911331,79.97472824627233,8,11.504261196826143,10.239050128330147,2.2331379446048136,Medium
S2052,30.628533072103515,16.136210154827793,35.93401901005807,18.290505171058307,15.017632880063163,13.080019649348067,44.92109546153432,79.56394178541687,-0.3956313369993887,78.7285873276461,4,15.865079402258747,10.779543995796256,4.125043118825736,Low
S2053,27.32897387558895,27.55590023924033,22.46598414455888,8.218846053972726,14.03662062195108,17.098413562339406,40.757591329963795,73.8753725831475,-0.7066818901958034,85.35117885666475,4,16.923629815251154,14.957528994190298,5.4428484092488265,Low
S2054,42.36068862474744,30.462460245156727,40.0003582156306,26.393356308174376,20.16793207781109,20.94563264110507,26.359532628519972,59.18595173204037,-2.2170349272688057,64.14845490642749,7,13.374701227005367,7.75257280333993,6.423059992503217,Medium
S2055,34.82400684282966,28.29873201345864,33.843799987761585,5.951714948526689,1.2437281435393874,9.130000082966603,34.37126180783909,76.45869440664436,-0.390964316887299,87.45119964564051,3,22.96447452714254,15.65994738045099,2.2135339245517787,Low
S2056,25.133735812941552,17.490232412699513,31.65504453857213,13.967720046401524,14.635468728846675,9.926630670789255,42.33742378792003,80.88912364666952,-0.8141206780437202,91.30327478202616,5,24.999019810728278,13.263837426623011,5.065457448850122,Low
S2057,30.325159654152387,28.106949327695915,28.038226517303592,12.454157380744611,13.762481683536953,18.05030104003618,27.606660471222693,46.28078236937972,-0.2973733718026377,62.51561013652768,6,8.038595049660428,3.9300472538057756,5.3295729070499265,Medium
S2058,33.41543160343026,30.061435922790913,31.036725974287812,18.391893983443836,15.979665696234298,19.68366707881305,37.7491741559331,58.97986976424349,0.42132981513708767,70.69683719688223,4,16.645951076971137,19.275182687662962,3.6253991596728383,Medium
S2059,24.138471006782073,20.623677345768876,24.931563398560183,12.223349932145869,15.178747363155432,10.285242222323511,39.82215053665169,100.0,-0.524197147259612,76.12474239024156,8,14.106263811440547,13.92657096450881,3.568066854783015,Low
S2060,27.065296261514874,23.43571170447145,39.52820555200728,11.264596378712122,17.135961163898106,25.039694024552198,33.004866521156224,65.67449378704818,-1.424818647911542,73.13425456084202,3,15.134190794041066,4.284324551527896,5.379989802438344,Medium
S2061,20.237817204105088,21.920377521385753,26.998561686103464,18.14108090071826,12.105772566398155,15.566069085831915,36.720440914403035,87.07353024675562,-0.49919964643603065,83.19227975099774,5,20.519621888629956,5.897623928454263,1.7617980885373292,Low
S2062,26.41498505823787,19.43425806189504,35.749358888201606,17.40580261649868,16.259262774160984,6.981756440038015,41.66026503333549,77.8259828329904,-1.515345994531886,82.02188507098325,8,24.141735268616173,18.672241313439223,2.909151474616444,Low
S2063,21.697518193350554,19.148962758392553,31.03291044218043,12.370386892864227,8.382210214444235,9.651922958097273,43.959549911480124,82.89995716117485,-0.41533823005612935,93.98162518947582,1,23.479228492006374,15.12304833601354,2.934602153741155,Low
S2064,31.236822723729777,17.15785928647312,22.792218379715546,9.967108338011862,16.239082906907704,19.965687681999025,37.15960889530925,75.90449352550046,-1.9190834508075372,63.64755973399631,3,14.941217620744371,12.81951338321809,3.9957437792027006,Medium
S2065,30.122542031115465,25.750330427753518,44.508662011433174,13.830872570962557,3.5453873975342027,7.039898882693894,38.65392346492073,86.2055165290086,0.021606384881312668,92.33914644716356,4,23.609669717652853,15.536909107907483,0.696474515570473,Low
S2066,40.353971842780666,21.221311773262844,26.085052475756914,14.817565684051536,16.502029584875142,21.878804780893418,38.014320427499364,69.28305835081187,-1.7072983710460568,75.5871502469606,4,9.181241259713847,14.941588164016398,3.417917274161672,Medium
S2067,31.43739360131155,5.848680584986635,33.719452525341076,14.640552908657805,14.205927859418074,5.09858241402968,27.153512779299554,87.13760731189586,-0.2869488612262621,97.50372367186304,1,15.510344734300416,18.95349437124754,2.616804956658886,Low
S2068,25.811210971519188,19.411657924394394,33.35456204791967,11.962669705737142,3.455839480567331,13.437088937524342,46.62205032138797,85.34227194114887,-0.46835337943213046,83.44747479779156,3,18.16451648177214,9.704597705718644,3.8400196302540146,Low
S2069,37.73350523496465,22.564523133661204,43.52197686247835,15.456852995762588,16.426799550533755,16.257560469845707,34.47889210519518,67.95416640197485,-0.9596173155752423,76.0430709260438,3,20.147964758449092,13.232150512423443,5.989751736228386,Medium
S2070,30.283192461102914,21.10124462957065,42.76920947722827,12.025227664687284,14.716986314756106,12.555909070229555,32.09462422107282,73.91061497606883,-0.9355496683750453,86.66856735169486,3,14.327221309716018,6.583659450012839,4.918960138947082,Low
S2071,28.625668487028932,22.629888416222485,38.152441495296145,11.012353846184991,17.36238260384819,18.045686404460326,40.563280741978716,71.562454757817,-0.4383425384704346,74.39685315462695,2,15.407737307325403,8.22151987528694,4.67038509351076,Low
S2072,38.45630736349349,34.85879663974776,39.64579285246023,18.916532929674204,22.874091473860116,28.23223238080455,35.11128261349058,51.22982171254645,-2.2905777865363612,47.37098040226016,8,0.10725379147511482,7.132648166845992,3.276276350157632,High
S2073,23.71494214642111,35.45779764849695,20.314134020356448,12.752285489906107,15.864802245081764,14.797151846774124,28.129170009772032,83.75772021874232,-0.3328143666294574,62.07932661805046,7,24.726838046257544,3.3881633257843893,6.135627718892118,Medium
S2074,25.186483622369025,13.149316890094788,37.73528813576889,5.149373192414946,8.130465263311839,9.281230395402503,39.60522813550005,79.94994438191485,-0.6770346058545064,86.68539920598123,1,17.890310186466813,11.249397279950673,1.624224096409989,Low
S2075,43.22290812277272,32.83323684292789,24.983601421803062,23.725335697901166,16.493380323187267,28.93176899861477,33.24311968661123,73.55564315933708,-1.376329332619816,75.65568558776243,3,0.0,0.7256939206479895,3.328129652307105,Medium
S2076,24.719908835728372,28.423081037119278,16.97667452145309,9.29189891842789,18.76759085998471,22.34177700119299,34.893299065307275,69.86616950074816,-0.6753583417807769,91.47721892571806,5,14.908521087485257,10.968474453075725,5.306464938651676,Medium
S2077,26.699000084700764,7.194066538614019,33.73008554661437,15.76065963890461,3.6622765981651035,8.300315497595262,47.04512143859034,84.87731881429376,-0.19844143118453322,76.92846699350689,2,19.125582090379403,19.411204430059772,3.6178789683033035,Low
S2078,38.71197945986962,21.83702288155805,23.802794949837644,16.576553879679253,12.951210705548997,24.487213323810217,34.377570534797314,70.72942330204476,-0.712619238313449,72.32047108321812,5,12.24826780595009,10.726921762371092,6.077904538117062,Medium
S2079,27.460072831884567,15.971150550685518,38.646465016814865,15.531951847534355,13.45007098672946,17.86680749819138,35.517544924964504,62.70917214343205,-1.5369885841976814,75.97303079444063,7,11.005423918076232,12.177089644596766,3.0498663041604015,Medium
S2080,40.91355439233718,29.197893113330295,23.661047197964283,20.291070796643908,20.446309052868266,14.959981829601745,29.938578990790532,69.30432973188805,-1.6545388746857075,74.9327031520189,3,17.31405642762579,8.7791833914607,4.981049361708838,Medium
S2081,24.137173504699312,20.560000516848863,29.38549498177125,12.584250835421491,8.42865019552311,11.088657152844807,33.11552740705114,88.07177554665316,-0.31915816894244836,89.4974234774771,4,21.59323313939912,17.358929071811094,0.2664894662955031,Low
S2082,23.762442097334024,21.900226300584674,40.365472104612635,10.200194152819115,6.470179136328559,13.532295133108292,39.79696159118107,73.41661641729348,-0.2704755759167161,77.7661524912018,4,19.56391358591712,12.748515192493938,6.2190810689661795,Low
S2083,30.22839494557504,16.653606967123018,32.22109990094565,8.390940803301062,7.019920461467865,5.191998150136852,35.59029531063495,100.0,0.3104073236609773,83.66771235869459,4,14.26990043166241,9.330064995627612,0.7878930932703945,Low
S2084,21.323827465338596,18.770294121430492,38.38170847485949,13.37046362064609,7.8468228470354635,14.09786114480191,36.47538528077993,88.10789137689619,-0.7364171487786874,84.26768175438266,0,14.079782619309558,13.761002006593227,1.9830825615638856,Low
S2085,22.92202542595893,20.09433271001095,33.618229288490056,6.072057422341913,8.429612143662917,21.479984218087527,38.57039266506037,87.40259173216204,-0.9762206435536978,94.36755091826102,3,15.105403271423903,19.114940174891792,1.7631718302856134,Low
S2086,27.174596578683186,22.31629444550113,30.635233166459006,9.544026575514998,11.648959630839062,21.714951152718022,35.721206314736285,81.10411717443246,-1.2056009332370068,71.12595293740321,5,12.334525787841411,5.561646158631805,4.640309393354566,Medium
S2087,19.727540492098022,23.238324832151584,30.27140565899696,7.493665781530908,7.178199871695422,11.435608193415055,38.63355960567883,63.71096588634018,0.6944747203865616,73.88429928957243,3,20.515423196459306,9.495076331670298,1.815972890005207,Low
S2088,30.10419279538312,17.122900436746608,32.40984634913534,13.623580654758243,4.860340419919117,13.092858281380867,37.05229171555585,82.56428172259957,0.003092158186427052,90.48174390721604,2,13.543081246664663,11.593782603297711,5.485127933899367,Low
S2089,32.94452654723403,23.498290328107114,24.905529394388726,25.090844244660374,17.367238646519013,20.961649775603366,37.543923286893715,86.49575276404417,-1.3254819498937251,74.16362616726327,5,7.805816589090447,8.635058922218837,5.574043553032384,Medium
S2090,35.184553463421274,25.799786546353978,22.532286525258392,15.385121266857638,16.872805567799166,13.311638249106307,50.74958947943925,78.23722701989995,-0.37691718857149537,65.31052554887576,3,16.000074902847203,12.602634431581926,2.3130795379054057,Medium
S2091,19.3602227620434,19.587093461036023,29.554419444280658,19.42734960173246,16.777645426260136,11.159234337596786,44.162494375567434,76.65084196884175,-0.9289163584486624,84.59726361144182,7,28.027039554821073,8.497412701563112,4.7764969666317105,Low
S2092,15.012654788162802,9.956408295495352,42.35174758763941,7.562146984247249,8.89188840031533,0.0,37.57610127985833,80.20189681707356,0.42722768670843797,100.0,0,15.765646729138165,12.680977897560846,3.4929495684756553,Low
S2093,29.9595186218146,25.420925146190466,32.39508144903855,10.947447937868718,15.222608973453585,16.27566658093441,43.41239156046538,66.72289356639614,-1.4655892088716032,80.22736708398953,4,11.795423615644538,12.105251840780342,2.8475368293224372,Low
S2094,34.996133453010664,18.25674751062215,35.02200610776535,15.706458967677351,11.690414148786873,11.379999270997368,30.618163029147894,68.63769800680811,-0.4335732914676089,93.66424613618918,1,15.717224451885935,12.899617871794213,1.813016020575057,Low
S2095,26.086739442562987,14.13177810454077,32.49226700986743,7.383931660092101,0.9696359183757162,12.163127105571029,34.92476310725343,80.92463020963129,0.17419666667671307,92.73185926087064,4,21.76836492815093,24.071347205459244,3.436850368196444,Low
S2096,27.332980352764906,22.35204812459419,17.205299066700757,14.22878445538127,13.522116482367863,15.525421253938058,40.129324196793064,67.06301948614248,-0.9857113671301638,80.99607056535511,2,17.894212047047848,14.843576686229163,5.043980094241294,Low
S2097,27.942478851398338,22.845861007047873,18.43734763850565,11.966623281532383,16.530404371687453,15.500097062056643,37.899144200304846,67.23801946354592,-0.9245029983397997,72.00685558479752,4,12.021796885185491,3.912897213464074,3.5728361202142893,Medium
S2098,22.394219791180884,19.335853382416637,29.885896658809983,3.4721049472801235,13.175577385962502,11.759392049293178,41.35583609779708,83.74467946891654,-0.7314547600437504,87.0736348603568,0,15.115497222315582,9.135795614836812,4.512029622687599,Low
S2099,33.454254704992614,24.134846074298732,19.98962073627224,18.147962377395444,17.10992076529795,15.172794082424847,30.991542561887734,57.107912124428985,-0.9415622019150722,80.15786356350222,4,23.936417916368896,5.180281348355629,3.8728035883037863,Medium
S2100,16.514588732550717,19.07953804347913,26.872025702795668,16.057354378019298,10.45870413352208,19.9284147420467,33.17811806012704,72.25501420898368,-0.9050159851518179,80.51846611826333,3,21.73424581288858,18.798916159581026,5.435401171920406,Low
S2101,24.8560064268641,21.20661760982681,25.082958514852585,21.52095543269604,20.697065787885496,12.23817197962292,36.41776594526118,70.07560269880575,-0.46425963521328467,85.11969529815396,6,23.433166524102635,7.2279487843597146,1.8148487607943617,Low
S2102,31.544944568472175,32.16425533349185,22.677912924210382,13.948689747990363,19.36138738790932,17.52450258547037,32.39317187309351,63.81608796862266,-1.8508017794141058,73.12314197759378,2,16.202666641566537,12.474977545592486,3.94657166089558,Medium
S2103,19.272150316403167,17.29344173825077,43.287503120427886,11.302331181825757,6.76207774681496,2.437699948005684,45.105377141149766,89.36044992935787,-0.552344187742676,94.94978981017995,1,19.264294123630407,16.76951876140333,1.7992278512897464,Low
S2104,24.043073644769883,9.905822203893955,32.093276724314784,13.709592434718711,9.927879502650999,5.3960877995683605,36.61009346139065,84.95759964622239,0.3076739681265902,85.63208706925042,3,19.922638323609494,7.756415180816348,1.3761681108134889,Low
S2105,18.415739976944288,20.590994121692923,39.72597362781523,4.2114116582369565,6.303185613522557,7.413921256555352,37.571091676265965,84.54755934776838,-1.3473436750441337,90.25837142390205,2,28.327621762289247,12.85407604373585,2.2465361096607097,Low
S2106,26.740170877096304,20.951429196864545,33.45718668769912,13.920991530690886,8.09779739682335,4.7235475496761135,28.560630402065733,78.72519679801191,-0.6573686690557838,90.81486819879066,3,20.548126968679632,12.594870765705435,2.321959708128919,Low
S2107,31.791662385838265,26.22207680577393,36.793602923549116,17.71136780168954,4.360176065685453,15.076375633049071,40.784730256413134,74.19971277364847,-0.9644903557994359,85.23582282473902,9,6.047702268352301,5.102274458011087,3.919113736147921,Medium
S2108,40.83935485922496,37.59129145665945,27.512074861835238,27.72046933955901,17.676228320417156,27.686999024541446,32.85839572106678,69.77283339090857,-1.638669796223602,62.73171952180225,5,16.12066105080051,14.879300797621264,5.931964793975794,High
S2109,31.583532936663335,21.76687501013292,26.432111162792395,20.361166340551737,8.858843428641569,11.666321269684683,22.938122395248776,66.64583406042604,-0.9080757196580005,75.90077429775454,6,23.469306594639008,13.004763430587905,1.7370564583253407,Low
S2110,39.27867751108377,31.275597950886265,36.888392182669214,22.57782693302648,18.66019894825106,11.680973851678369,36.08252218803781,75.99692244205946,-1.8803983242426803,55.85822198681016,6,18.281304205005448,16.102463942886065,5.259325427026673,Medium
S2111,23.546869611870036,21.33033019319939,25.78334813852866,5.105097375032553,6.180686949269025,20.853804450886564,33.266593621152154,61.788478330395414,-0.2521287825392594,83.61268568685726,3,8.09488741359736,20.371163735124377,3.974839469794571,Medium
S2112,28.57958890818231,26.229682994226312,30.956167942604647,13.282023387170637,9.20793379482979,14.757292885212143,41.15976777083082,80.65905382585643,-0.1725492429862464,100.0,3,17.73933728456946,12.841723136255995,2.2345022313888263,Low
S2113,42.15004419688597,30.249561006842764,26.64291607445198,12.891787227362046,15.14582188801032,22.689188660556603,32.28984414550146,73.61866420439145,-1.6055442299570655,64.47512391747027,5,16.63151400421026,10.830765212553628,7.413327529163384,Medium
S2114,41.4509602962399,21.046002847603738,28.232080221449582,18.53661140089179,17.10474927915882,19.29564147736952,28.708348065297386,56.783045719305385,-2.188416618033581,65.42947105800476,4,12.32129826703776,6.676508143040309,5.705068150652543,Medium
S2115,26.320901968669872,23.755011252047474,37.09726456056134,8.947597858215973,10.028270205997217,13.17396715665224,48.58774033095841,86.55318164319029,-0.20422459185724615,94.41803684230885,2,19.761070955675486,18.905112179278333,3.9727576101719224,Low
S2116,36.598215627862395,28.567203505423564,19.80049842555724,16.87694713822779,15.207304263315935,25.384880804567818,42.32594453768796,56.75948194971976,-1.3302974045482503,59.689481724780386,7,14.272772285484416,9.124022532409931,4.339884564472991,Medium
S2117,22.324680190630975,13.833851430485796,39.143162869198925,1.0640524028814982,2.8612768272864004,10.343795055950014,38.79868995910678,99.05721209755582,-0.3509758595603511,100.0,1,15.763340693408086,13.236725838300444,0.0,Low
S2118,31.953394950702773,19.1182849321789,33.73815666550573,9.210294632406143,7.9772766716184,14.039676454066301,39.07002071488166,66.11900931994144,-1.6106937449002618,85.6352370814781,5,18.551066918324317,9.396652775702254,6.198875583147437,Low
S2119,30.30503744057844,20.93388406178328,29.167305591416138,11.432059950712148,10.442119176888246,9.054871630803753,33.35429225857636,69.24398654494648,-0.9138473220277098,79.22570047146195,7,10.403410133879824,12.180766466109773,4.198161781863835,Low
S2120,29.187964547674152,22.58413163119477,29.034572684406402,10.909135672087194,10.587777022956539,14.700240739797787,26.543087706007196,79.78811733165205,-0.2603176076034924,75.93516805220025,5,15.624956618292531,14.91169936081641,4.154448229918404,Low
S2121,28.489539865420056,17.852944533850813,24.30825674458776,13.212580134224773,17.272261399609988,15.639661100446713,44.01076383699563,82.05781240712852,-0.3205007830985499,86.4748629592308,4,12.442914973748408,12.698245184098601,4.428604439504254,Low
S2122,19.530051912737456,12.128118962112447,34.153720221853206,12.312185636693753,5.424088220257761,9.273702319415152,32.72795984199874,82.04216613409277,-0.5192105320408118,81.50405690580847,5,21.39425896844936,14.86145485928866,3.841364123946934,Low
S2123,28.167872783965425,16.909427012682855,25.613366849114502,10.981545472093146,18.511943523962977,10.747505800825252,44.025367029191365,81.30555444842452,-1.0349121793633342,86.21020805473258,4,19.00505204982138,11.244644714893568,2.21237288445985,Low
S2124,31.68611581056617,28.96593768617525,27.384273297216584,22.17594217066305,10.916342381681453,21.43523671816542,38.154694860387444,64.50590711781997,-0.8385031105349637,74.07801789550815,9,15.602486427520436,12.19635559695159,3.471180977703055,Medium
S2125,28.063781788850672,23.3370202089164,27.531992656791928,13.993756911020334,17.050608335985086,15.758035154925096,37.14960158611071,65.26440332319295,-1.48317627948986,87.0379710705966,3,15.921550715369259,13.237797275848026,2.7476943747555564,Medium
S2126,47.152397705743326,36.55254583083892,15.005100309539122,24.684543482247523,17.48473840832421,22.02475547106387,31.76121023389508,73.74038610525179,-2.276052279464012,64.29866103240724,3,12.587673710656079,13.464704605609967,6.823589777019573,Medium
S2127,35.07195278100534,22.92676905015717,23.21086938135033,12.033409444321043,8.782366740720935,21.766090113751133,40.08298194596196,79.55028657862503,-0.8693634943144078,100.0,6,25.09332194343235,14.924514110703772,2.242874987857469,Medium
S2128,20.42691898377361,26.328097091540158,32.09200648387182,23.09036822770662,16.67149774919719,16.513252439201047,30.85978032117911,73.64593982228826,0.06167035282154554,85.20870913208273,3,22.352329131754956,12.772280045822306,1.4857171259915654,Low
S2129,36.83392046116655,29.342578433788137,18.499102710654608,24.675708174174048,21.352997312492693,27.325461979536385,39.10317566025424,45.60834123976994,-0.988689064068123,60.556857134817506,14,4.508065878698799,9.536358252302957,5.4879004456908405,High
S2130,34.00859394535789,25.485412287485488,22.153636488202366,24.202317739763,16.568958715462134,24.800964793453833,34.52868457938969,77.62841910638095,-1.9250012524144653,66.56539277055116,6,9.732675667220402,5.330226476257618,4.756884654146368,Medium
S2131,29.81435937512451,25.461637210311498,22.605803271051293,12.638248465392298,13.264311226355309,18.776933333754535,43.76313890749521,81.89030618789901,-1.2600305836742058,81.1853314408489,6,12.708424935673662,15.945875526491236,4.528991225203544,Medium
S2132,24.00414154582294,16.198755232407496,29.169700755830696,5.1450390294186565,4.4144258913371655,5.31058117225869,38.29931767226275,84.8764141260835,1.0235838757624522,88.19985495669042,1,17.628067601987624,13.228337493357861,1.7540013844162878,Low
S2133,32.396114562674114,28.689406803204573,33.687575136112,18.882681350770458,17.694725308064562,20.82197767537032,33.40940741134802,58.65544173666631,-1.8333323571034161,59.0239071883928,6,6.930384153860915,8.544667812379465,6.449305013588667,Medium
S2134,39.42150136897151,22.34250048744176,19.50306024048524,26.595072957055095,2.6251674258621343,21.801151428811142,35.73181848598811,67.44525086272222,-0.360437783806118,67.84437580680026,4,15.911607132779585,8.405145124719006,6.67620223385642,Medium
S2135,24.644560342755778,10.96386022464218,40.918666633512125,8.040710381709527,1.0877384814960118,12.780192708017278,41.51018547309108,81.50327650892056,0.09883823679968551,85.67942760800133,3,17.359697554621498,9.896578501182528,3.0466473674943972,Low
S2136,30.35344349921145,27.79988583815634,25.78201044154993,11.35106659838693,15.249595556410615,18.394537001941167,46.042837912460016,79.27789010408333,-0.36905124298575,93.7086662258238,6,15.300743621319322,7.871896131185989,6.154185083360529,Medium
S2137,24.715571298166584,21.426036581184913,28.20517193748547,14.033360623585104,13.177870810345055,5.661900282618033,35.456719082615855,74.19508700275138,-0.605901380356213,89.68031471899201,2,9.155500527201244,9.157732496040609,3.7822999123925203,Low
S2138,35.30002290159047,25.840704499963913,26.870403421488238,19.145267998277575,22.97327173090217,24.554479485725572,32.27756324134273,60.988574918339985,-1.5991351933080753,61.891855602170146,10,3.789770665523452,8.478234792904399,4.045006813110094,Medium
S2139,27.207793243673553,30.783223816857433,24.901641047240243,18.01632703523999,13.67193044869787,21.017630074515353,32.94018702636482,64.22524423053257,-1.8441885866366086,75.9327393093578,4,8.960745163387477,12.777902149147499,4.202104315222676,Medium
S2140,37.299053158901174,27.959308556685343,23.47134634176174,16.350409358123596,18.183670945079257,23.57045890020193,19.21155867378878,67.93193233094243,-0.9797381432667609,68.9249970673991,6,14.764838499535692,9.392669826966099,4.102012782388492,Medium
S2141,25.639477164198013,26.325426044858297,31.97337631853834,12.749881518704703,1.4412101357670029,9.053367525344996,33.77327513711968,86.79054023748373,-1.397711065892256,93.76897287950479,6,18.913394311679166,15.335894981778637,3.16226215372612,Low
S2142,30.898665497168153,20.97546248171869,25.820618845358457,21.787382982784333,14.87752653185181,27.654573623038512,30.792535237036216,70.54851375934253,-1.3353762702085015,85.2205415137881,4,17.515505637969486,11.910100141090414,4.715885898979484,Medium
S2143,28.5328829751364,16.802955346629023,31.878973201128865,10.588928817515338,10.487697304369586,9.670229375559181,54.61032252882954,99.75280822420814,0.5735772437093859,78.19273979073179,6,15.034298933882848,12.231481289829906,3.501228265584801,Low
S2144,33.19802143272363,21.847931420361274,34.70354745604995,10.963329982624469,12.022609200724974,12.998542372802657,37.61049156593033,68.27646340146535,-0.4907965055511252,60.23790763518647,8,18.699992769535758,16.800434600624957,3.734856799776573,Medium
S2145,40.41347085031682,22.380929648217336,21.386627316480702,7.6245391033141,9.590823700143051,15.817628887876204,39.67321898686309,90.18622326132383,-0.15621571924554079,97.78105181118686,1,23.705919986766673,16.366836870364406,4.015340162027208,Low
S2146,31.447855240327648,28.504659241901305,25.147783420394294,0.0,10.18391737725249,15.833100108425391,28.278521746298757,72.18580319403048,-1.4039198368266554,77.86348022295574,1,21.141639914467106,15.957335900031564,1.7029575187528296,Low
S2147,20.87660778544248,17.65644064578266,27.814439123832194,4.493151663770163,13.078914059011666,12.138835790279538,37.986119477884266,81.10627630669404,-0.8245441468967947,74.86186765508197,4,11.573139836657406,15.353372813437677,3.1811912279536947,Low
S2148,25.870340622749254,27.035090911897555,22.412807518491633,11.830891847241155,11.508680384431603,11.172156048259524,41.45687686116222,78.53878202128422,-0.23986476159949155,74.1622364697548,4,20.54754629537801,10.313162759049519,3.3622705842651,Low
S2149,22.398865427972126,18.157233422144266,32.593323595352096,8.660155421160372,8.79726012494403,14.856616217565595,53.15172196100164,92.6044098545711,-0.3267402407324892,79.4664836235143,4,19.29368969822334,12.073454740707627,2.1471457610552354,Low
S2150,24.035178165636296,26.249221712096556,33.611524608029235,9.811411904012548,16.382769683466627,11.104681682374855,32.946883625964986,76.53511443106537,-1.1092865688724463,77.03054744823469,1,18.73394894207497,12.52262197217092,2.503934984010254,Low
S2151,34.02843188770925,29.551853710752894,15.134107991810817,26.991119845189104,13.795563283858593,17.801995511602446,23.712718233887145,74.26179824882502,-0.7655681889250077,80.2707234389515,2,26.005328906423298,16.196648958465765,6.963810177289778,Medium
S2152,21.97485987721126,21.068502437864986,26.354373503981407,14.700537959335533,5.415476963765442,5.673571593415259,31.480255787278047,73.93862426773796,-1.0402872149160458,76.65466889203964,6,16.591889340944704,16.3768644647158,2.164210990757327,Low
S2153,31.16348139464345,19.31513355551392,28.31378937205732,6.3910679550185225,16.181107047812272,11.119600240430419,32.20122372089051,60.537611642607914,0.6346156693749543,69.37373951490278,3,19.35107280013122,6.692833092454867,4.600543938972548,Low
S2154,25.704461568193256,21.633586974217287,30.135776430253745,11.821053370756243,12.841284638366425,8.737271323137657,33.32874472122566,82.34464185135563,-0.12036273757934196,86.86275325616018,2,17.949661866850548,14.359119358259232,2.9797669795466857,Low
S2155,35.01550718603572,21.605518319650752,19.877560792545502,16.448455400758405,5.027631601852372,18.673234711104048,40.503768118986855,62.77330509912032,-1.449560769500787,68.42568941694364,0,12.854157629862524,1.0982569156312767,2.4305704779316564,Medium
S2156,27.20074333224148,26.29034355205933,25.367189332606767,11.137538125828051,13.78272176258427,15.270913323900622,36.88811397599211,82.0818465147423,-0.5932079653625016,72.33085724824568,5,15.620594216161523,9.099767726216623,4.13801226909717,Medium
S2157,27.579216393907608,18.29763514413247,25.725799123442975,11.231840247111286,9.480305491880257,5.097874145542086,30.69117843719075,91.34316879227387,0.29972235504368694,83.3099274800371,3,14.768386394635874,10.260771239423363,0.0,Low
S2158,34.39420299157333,23.159169310564188,28.254745307456986,13.439261122514534,16.161393610401763,13.925896366732157,45.337891897613744,72.25437037035229,-0.6348427957654346,89.12654613360155,2,16.93633463609423,14.696802062648018,6.159048899724973,Low
S2159,26.12129717663506,22.533978867396815,18.4279348287251,17.437084443499785,12.447633345099604,14.17125609143852,47.188683499566665,67.4890712788682,-1.2178732478694152,74.27876317548596,6,13.488078525840791,7.312063508076836,3.532681260450781,Low
S2160,20.168682171911236,15.22346268048548,30.26986703420776,1.5836795534309172,8.981404395078197,7.140804686858143,27.92676307985034,78.51701173334531,-0.3464760974103878,93.20952998548897,6,7.3963640546920395,7.412081482937425,4.594836860300036,Low
S2161,34.79586216260986,29.51539440023688,23.944153526810926,16.58117190807285,13.877918076854586,16.237851248920784,42.57145797534855,78.52865301824902,-1.2052845045524632,64.26135449462215,1,12.147993882729745,9.409025259188413,6.265831267523386,Medium
S2162,19.609455486131125,19.761549781272137,30.752287267227246,14.203387216130908,6.343030118609267,2.801183409909311,37.19740725108503,88.0542945797362,-0.48553432779231487,95.06258015980686,5,22.639466592555976,13.543177073059338,2.038838391831469,Low
S2163,24.24074091716109,19.057801789763648,33.560459762118384,16.87647498239013,14.082077213769308,13.24014074284309,32.18505568610962,100.0,-1.126994550750529,96.7399852731412,5,20.00332118938228,6.314178396600835,3.1254272947440445,Low
S2164,27.708004397886334,17.363416528443715,34.53398503575391,0.3592026965539512,2.068053578250866,5.558609875643006,31.137093624069013,87.06948602070139,0.411260207347724,92.63117339586056,3,18.67060003080091,19.44584740417013,2.343968308825264,Low
S2165,20.69164383006363,10.692053967258243,36.724378236847286,8.464181541207301,6.701399032646563,9.38358539735537,35.25929497430737,83.64697370962627,-0.9794385935255527,80.35529687052505,3,18.064102565818747,12.57551136250305,5.8623900080174405,Low
S2166,29.69003015183935,27.02517984980472,31.65470972634113,6.377993612105039,6.393084447501755,11.542881728993446,36.08173938962987,100.0,0.14665539211867742,83.23068144833343,2,15.02812138988152,14.471450355308995,2.106635755515942,Low
S2167,24.89803325231706,20.38499238909846,34.76714372993793,12.96362851599931,4.383186610563479,9.644426303760218,38.25418498023292,83.08301075478376,-0.6782054138765914,84.27299656421476,1,13.353981142218835,17.30586342389558,3.234753492886061,Low
S2168,20.822436812462325,10.32689020791864,37.89285657028704,9.484238367212512,16.690116135485457,12.691654352990394,50.304878705379096,72.29557379296585,-0.40282474885482383,94.4430658383125,3,16.947761063806105,10.011502716626556,1.1871090582247428,Low
S2169,25.20053426896611,22.73108342597716,35.333350136771934,3.8840365097256817,6.56762731693399,7.402104181898614,36.07966664394043,89.68090894869206,-0.41191333397064533,88.10255311211941,0,17.873826530429913,20.22692454260705,1.0953434873894492,Low
S2170,29.155940206385573,18.136817113189814,29.70489329685359,12.762465116943757,14.50281283163188,26.446924561711267,28.113734727019498,83.57444315657735,-0.5912674069923284,90.1040187178369,4,12.095900765019959,12.264679127721863,2.973897151694562,Low
S2171,38.33518149365606,34.83399091775874,26.524604391539164,18.26541588674823,14.323934303261883,24.03056481596568,30.711216475689824,61.6894460375527,-1.2452183978233164,56.55808181638874,10,10.897281719623134,12.32173242811458,7.60586995641925,High
S2172,36.89762500169605,32.20081048199355,24.409771922154018,23.841731166171268,22.780613211086518,19.68644315094278,37.95555544444645,67.32453443252264,-1.8347292907257582,59.0017105815521,5,4.480851773620396,10.138664557094142,8.988015986539736,Medium
S2173,22.701113692356877,8.907005027882114,39.68814868450177,3.5208096046935498,9.7695484477611,14.94383169610718,37.63437167538247,92.57193193266694,-1.0406798138910858,91.1330734202394,1,26.815602527963215,17.044366855122995,3.191421071234977,Low
S2174,21.24898324671956,25.57601735675497,32.810515146762405,10.180470189537312,17.106214885449333,20.368654193738127,39.27400907338054,70.11044902540279,-0.7584631920722186,78.19174136652548,2,18.91615125457224,11.596201679572482,4.843834033808816,Low
S2175,33.1477559820646,25.581693079152227,32.60260388366419,19.904906711412448,21.298830616302332,16.78730746939727,36.19840332957675,85.5381187265851,-0.7688999747515741,73.05162698930275,3,3.356009695889009,9.27024662857427,5.438070578547517,Medium
S2176,39.85209942213321,31.45154008389672,27.244643692649095,24.782793192180087,12.390466728929512,16.012640271269575,35.020647930458765,65.01917076742293,-1.785638277411669,83.58778097636609,5,17.777317228161326,18.47797890650659,3.6461753850541694,Medium
S2177,18.557584248733143,23.518601541031426,32.6165231543379,18.196867095982313,9.57041221921405,7.193053823293199,46.56946342840867,83.15987539569143,-1.0813176101053916,93.28318599574315,6,14.59106682999143,12.55634529839999,5.561844519913406,Low
S2178,30.827951655271985,19.092403954117692,29.218060937490943,15.001759817599048,10.879519955825572,19.040559981124986,29.04648284978922,67.17652983873315,-1.2028448991165053,73.02251207403437,6,11.092905881568809,6.4935518655633455,2.4258087341857317,Medium
S2179,29.689927293462176,31.26184745445452,19.317847768832305,20.471009777686675,14.740538068292999,15.674925699497729,28.13079197781593,56.76836139055867,-2.2724814569014793,68.33502414636828,4,17.01476665312945,16.375049457743316,4.130431524188049,Medium
S2180,32.16031441373072,28.702145502634426,29.58414536057484,18.02733653778256,21.851688314950245,19.829841002873607,26.661005363508547,65.26515740803383,-1.2232937078335315,58.651743990592,11,9.821187051160592,7.447927571572494,6.92308808467779,Medium
S2181,20.773896304790952,32.43194126950438,18.361295776410913,15.863331881439013,15.388497276725383,18.815314335368562,37.6566261822071,89.9810481214264,-1.127464140826513,85.6139035279371,6,12.76595088234649,4.5748928730035034,3.485858458722795,Low
S2182,15.789328344463186,14.580906906787304,38.25701518810791,4.019595275859164,12.782334742276213,13.669905772729576,39.64318734416306,87.198360314311,0.008804603257087151,86.97026240804752,1,12.54393251194242,11.161160649093102,6.041405602000232,Low
S2183,26.872867850408166,20.41134395290588,31.75112602474213,16.493817213632607,12.781809235070087,11.209488724989864,41.02687980569477,66.73394822267866,-1.177915708859723,70.37327800476965,6,20.697203254117134,4.580572951052492,4.618370021341404,Low
S2184,36.82709990123177,19.755530064242517,26.645421838051305,18.358990598806653,12.980865976276991,18.97521874115091,35.111151002540865,76.26248394576953,0.12223108658751558,66.77247027534915,7,19.863501662278708,8.340952686766963,5.691581802136774,Medium
S2185,19.314152945502528,18.049190217193175,33.19050565628448,18.845996839953948,5.620964639110295,12.945274948624553,36.05529322765141,73.75172130647202,-1.2645127600512893,89.25144518411477,5,17.481245863676193,19.815561079768518,2.2471529687726903,Low
S2186,35.06891864764072,22.062860464907175,29.35324304620088,14.960343531437752,18.255088952706025,19.400634400305602,36.536157364275454,79.39460046595136,-1.3369931666488495,62.321998258013586,4,7.644136645634877,12.484799473230131,6.166864751586854,Medium
S2187,24.67781484429722,23.745929655801078,25.00543641275425,14.17982033333772,6.951331413785982,5.8755697332099555,48.74690655698173,83.15947499259988,0.313173316955637,86.08125942890572,1,19.79473640880802,13.835531051026232,3.9309924936800527,Low
S2188,48.664718612818945,24.586381552189792,31.313815405017493,23.269783297674408,23.17569783190331,23.018919698820874,24.904288585814125,47.39263592613931,-2.1991000418435545,63.32942294767388,5,13.458990781972894,6.192702215598805,8.40780159002636,High
S2189,30.4958243702904,25.13543181733194,30.8484280941272,11.414087515581121,8.802193738312052,8.337236967952826,31.422795296088832,83.37125801180751,-0.5657441321285583,69.3180919653301,1,16.19974120995954,12.002703161915136,0.23989404934234093,Low
S2190,26.870637755745918,22.125412840063873,46.65180965288911,9.330087592861458,12.486732013962442,4.389934063768373,38.75552799522509,86.4523247327711,0.015210307343506868,90.49395640884326,4,22.618585041205336,18.266129896674194,1.5746473209630065,Low
S2191,28.361604496536646,25.77981961309059,36.81956467305195,15.684134644371667,10.048141670355891,12.354391110338904,50.248800967645124,80.78982988194102,-1.1424432796518933,84.61928668652081,6,18.51248559437891,6.1323588540283085,3.4775613469675477,Low
S2192,33.080027250858606,29.37975750416334,24.675671685019555,18.633203002388647,21.713863378788506,19.479889204034883,26.489630147007812,56.90791657102071,-1.7504226667680407,51.41965697967963,2,13.023901718511059,21.093332071592084,6.089648666159427,Medium
S2193,22.220161567234324,13.933950557737809,27.809199772962373,8.74317190057093,10.203928226132863,6.8138293115107444,37.906318451678345,97.1951153148983,-0.3116603375731678,88.4269665050934,4,24.9618732228894,9.842408448074995,2.9493010334876506,Low
S2194,37.21610434557405,23.446620590576483,27.35590465631141,6.042602436055811,9.673524258884555,11.39791654684693,30.08288249039576,70.10026279683387,-0.7038808328618631,79.55558638698741,6,11.957571526545093,10.279838153903052,2.0344623057977484,Medium
S2195,28.48469800705363,32.964450479523556,24.655765999281368,19.40276557082731,17.03035230323092,16.435103283881705,34.8935938132821,70.94260916933705,-1.9102448390816271,66.49549817463071,9,3.1650649329128946,8.364446658681167,6.042501277599377,Medium
S2196,21.234999200078732,19.140893341392196,41.0046481892977,9.774691360724239,3.2238560703359935,2.263338209063715,25.755804540881716,79.78872846884775,0.5485593226799039,91.60000463402855,2,16.924550320599003,12.768901949653166,3.3920714879644436,Low
S2197,30.711159270881694,30.72580322508242,31.94083565774816,15.843173353111153,18.241531445711043,21.725160103550028,26.836887438396623,71.13530586111365,-1.1487446272775674,69.28061199945665,10,8.845932055792293,6.755984925071914,5.468539836158138,Medium
S2198,35.52998009577573,33.31343858792034,29.093674963502053,12.455587113737728,9.487771306021052,8.126009447180643,41.92656125570383,70.32535348627397,-0.76037466925013,77.86720109557072,7,5.998387269032452,13.90443090015947,4.816483130545896,Medium
S2199,19.699468648358312,19.356026032074208,44.530640070471634,0.0,7.476913181338602,9.47588686785591,39.332923396810834,87.69360213077573,0.21439364466103472,84.54108383188148,1,22.241744806496342,18.985150299809625,3.774793049358205,Low
S2200,36.767355810810976,26.902210391348188,14.720411160876253,13.57140036748104,0.34085379395087223,19.858101610863162,30.072932855354317,64.29570544626165,-1.8726539769580945,62.0053800313888,1,13.458167809314789,14.457167904035334,4.496432959867211,Medium
S2201,35.9542366194495,18.977561627301696,27.877196865366,23.884086325593593,20.1191650050317,20.122807766694216,33.12544876488896,71.12625787360712,-1.377322027412769,59.31068724328996,14,2.9744995755964254,10.0766365740721,3.4246923961063365,Medium
S2202,13.790152667497244,12.297238491938899,41.621542949713245,0.2890822027764104,1.6801651898224756,7.634676716940361,39.01198273919896,99.11212872798032,-0.12976779250260365,86.06975023454153,1,27.001004132484837,12.156064879803129,4.409295303080747,Low
S2203,21.46620715834195,20.149060692752684,32.90529941570058,15.32850529097228,7.639528087367582,12.748239328983532,39.77863024910413,69.1732014461802,-0.8444232554585189,96.83077666131393,0,12.05702554300947,11.38879571052294,5.813719533841039,Low
S2204,29.800760594254896,12.979236652687977,21.10455021458882,16.382188738068628,17.56581264094704,15.552052114920011,23.6128901347403,69.57832812442071,-0.68275124819682,72.84389587349938,4,12.201705553667734,11.508220033959853,3.9067065377830588,Low
S2205,23.277881553535277,15.160502179426896,39.056524967284716,20.51829159633234,11.415294762825145,13.131797356109042,30.926573547203375,100.0,-1.6243336585448027,79.41214237174796,1,21.283771049242635,8.795548436951862,4.739317307316805,Low
S2206,24.423398964413384,19.326991776656275,35.31615044326053,14.822675322250387,13.487669996359624,17.442225494823663,31.436127322376585,72.06598975488549,-0.5028825141590274,81.78700818754385,3,18.73943715204365,13.44492697269722,1.13128085702111,Low
S2207,27.921903314905773,17.055270841262676,35.12017603770464,11.402179289192874,3.304135244852339,14.973563451895131,42.4845970001165,81.04162716911281,-0.410043833639382,86.97829414056065,4,23.90905674646716,21.16456665996182,2.429269973478091,Low
S2208,35.322250061435426,26.750720669897763,28.613895940676837,15.692458354578978,17.147086002272474,22.15261314444018,35.35130314717189,84.93168174989641,-1.9801874923339942,91.07834176494138,5,3.5670052694946595,10.632268557311631,1.7341192679393838,Medium
S2209,29.30462348489026,14.226300455345811,46.77263983969044,5.256192762586636,4.677632004086449,3.0871042729633675,48.517217639674946,100.0,0.1859350685285404,80.68963408975873,0,18.41817629179076,16.89857373047674,3.7501439929255165,Low
S2210,28.112570857193106,23.995602079193766,31.850556113861654,16.164196917096817,12.45035491454264,17.56183945680844,41.09714945099294,57.00338737026087,-1.3661380237246636,96.9721761368501,6,16.016107639830206,9.270163490269137,1.6948807804668369,Medium
S2211,24.960433979827634,19.443986476278244,28.64878175632184,16.527738812505728,16.840827916183407,15.210483645413131,34.65810480593919,84.69077329867694,-0.8435539949611016,83.09168626219754,3,22.587944933946144,15.929832459292978,3.016222141332535,Low
S2212,30.399058268721515,21.856556905028945,25.14686092668046,12.328475987070712,6.33026041654421,10.715320690439802,36.37947851459609,76.80860305558505,-0.7918488604817396,89.3989036911502,5,11.788793900632712,9.710290070329274,3.9852157521513667,Low
S2213,30.424119713704364,27.837337701681935,31.60831959930914,20.7500172553817,18.176370221716105,14.095307103472784,42.47207102464037,70.28583174789014,-1.9813420520208758,73.99800514372353,3,11.947369468621728,9.114156792157567,5.881505505055671,Medium
S2214,26.18090265993393,29.42011783336538,35.62467543661604,23.589811765400846,12.892910629773276,12.255861292566184,45.0708058126586,86.9712971521727,-1.572871324999419,87.40821965191239,1,16.469797703005273,14.246896100021118,4.555113612029427,Low
S2215,29.87300441915084,21.133595870541953,28.808985893616125,13.99024553032928,11.98376731220857,11.333957215903677,35.07251806993764,71.97767523348693,-0.5979931977154617,70.03150345354078,5,18.582887341195374,7.5543711849897885,5.8911970849909245,Low
S2216,36.51431907940921,22.3213693978045,26.70298454072865,11.996465950617138,6.563871899419047,7.703380309792759,30.789547465899428,74.35359306648135,-0.9619550231363776,70.95929895377274,4,10.493306114533343,14.089871310688105,4.855928038825631,Low
S2217,30.015236025658677,24.541963286103403,39.08309538926297,9.827858248317835,8.779419180449022,13.70548650678176,24.79665595965646,78.3341681364241,-0.7160858688543217,100.0,6,20.94045042213253,17.125927157951416,5.2618510834280965,Low
S2218,33.066834261555826,15.020217760982177,24.261868143719056,12.753157565281231,8.222957371779657,14.07093429077472,23.784290058415813,74.57535359984973,-0.685397777695493,95.87140086938406,1,12.718644784897961,12.764407691192536,1.1719403210152075,Low
S2219,44.80950123833517,38.405314268570805,36.75453455541551,23.30860481934055,21.821980441111137,20.868147414272876,36.12440374992768,69.30053473004351,-2.2207263659457865,59.73740587608983,3,13.82703881659042,13.108365868703155,4.627125430447467,Medium
S2220,36.69618041002362,30.641966250677335,23.282687724123612,15.095031034947954,14.139164545967919,20.428280674024005,37.838534361808314,83.5297175572463,-1.1785339668868713,81.23875224644051,4,13.186874989446594,5.934687319644252,5.113762653585902,Medium
S2221,14.942772512538205,6.922398023746014,26.97033157897996,6.236552779816128,2.7239752412684544,5.744326949615127,35.70770085287146,92.58069362037611,-0.10329358433147902,100.0,1,21.086874268054125,16.600858731947845,4.480551342367935,Low
S2222,36.80127338992851,26.748398463395475,20.6791828742861,13.892890592735116,8.151930185394228,20.202106001087397,42.86317703784683,72.5869787473548,-0.10688136349874677,80.49852740810701,5,15.125572807071945,9.218737587432017,3.7153205769809245,Medium
S2223,38.49433352794309,22.916180224572866,20.28783948482051,17.694677396059667,12.812417614403895,14.8563853949077,33.38912034590261,75.57882717516054,-1.5339905647214125,71.85648468586182,6,19.941987879090647,12.245884807782623,7.6323149515686195,Medium
S2224,24.857422066547855,14.291738082875346,32.621564693929486,4.265692688796424,11.095570913925469,4.425456931802074,35.83037679535259,94.00423212528102,0.2665919663155155,100.0,0,18.054708896333857,20.815629165935132,2.8492037990662267,Low
S2225,33.027226265806576,27.95605599192732,23.788303525532342,11.298959049737402,15.528922987932367,18.37985582214933,41.42519683482245,75.01787295256266,-1.121252149623472,78.09420397472653,13,11.766038839390681,0.0,3.7334429113012324,Medium
S2226,32.609382000095586,28.154176455441657,35.2212048669322,14.692866739417438,11.391196139806913,23.1776603726136,42.28027396064647,70.8327476388632,-1.3580129174677582,71.77241312178853,2,20.600615433929185,9.356272850643,2.2437559225233716,Medium
S2227,40.429458199329645,29.09516073378787,27.97405480824616,29.342063330311504,26.576825515323236,29.208587349758247,31.47816195749827,64.65391653942295,-1.9589231428398755,59.05585870158574,16,17.146761398989916,0.0,7.209667346909427,High
S2228,20.025388729888626,16.67042345998667,30.709435279227336,7.772888223437986,6.881213582863083,14.71802513483585,41.1388535318956,66.16142245930172,0.03986573192339121,78.57485538519947,2,15.659047813857951,8.502804284741472,2.022966748233309,Low
S2229,28.089082960752542,26.250634761773206,46.57795572213222,10.224980401433513,10.217542700558303,10.841015642742708,39.167381903124394,85.83921989352581,-0.5504823516953896,75.3612232885241,6,17.8278374866683,9.342991833977951,3.93913629170379,Low
S2230,30.546050308599856,23.481730581145253,29.362971870827973,18.284517053920325,11.676112531022138,12.764559043945553,50.24062678763792,92.41023911319293,-0.8223347272567136,82.63813874169452,1,12.357432278131487,16.190982196021064,3.6485645449915216,Low
S2231,33.183702917673436,24.134586192809714,23.751219580750227,19.35248584270952,19.431480010600318,24.871694372866685,32.12875592982994,72.31728289805278,-1.245161948239139,72.70241482328755,8,14.98870453731054,12.563176538956554,5.841835675232984,Medium
S2232,24.526833892174746,30.486045796104627,22.184731345472052,15.645914417617602,8.833757928996054,21.89576061927959,29.486929272892937,87.94903341310442,-1.2052754771561653,87.18982269512978,3,20.479914622468634,15.36849181627848,6.585662757046103,Low
S2233,42.42497535577864,26.709870808885036,23.321926218737072,17.010579156729147,15.243136724025955,15.684175915907224,36.28964910672152,63.28542961871406,-1.5809232710765473,68.25382940038381,9,9.668108706146745,11.27014540069434,6.3223675004069735,Medium
S2234,23.612468096021434,22.17818942378883,35.01829047932905,7.393900494769692,12.907617609759908,11.514137513146572,39.19588133389283,79.87517550533323,-0.4502783849148251,93.18155531941395,2,24.141303889204377,8.693821035848494,1.6815301717134525,Low
S2235,33.19380323726641,25.5047925705156,21.709972645840473,18.848486867065425,10.68969875370321,19.3283905807565,36.55077549923881,65.53780661514845,-0.35873829934365764,86.85359540119154,4,13.738706498638097,14.909695466558862,2.941934332515225,Medium
S2236,25.799492215393748,27.587285128569174,24.841102312246026,15.078755394304528,7.792604499182287,18.318200933416804,35.034829487792905,81.34268613785301,-0.7241452623178887,74.08196701323487,2,14.386773289810481,8.466608609699156,6.889782339241515,Low
S2237,36.49601215065627,22.87933460957562,28.712745611767204,16.57190046076749,15.670661227696291,12.697729620534052,24.952506514277786,64.74667014906615,-1.4379427857630067,53.857322511392084,4,15.356185813437557,12.391997235953331,3.9765264159991007,Medium
S2238,34.49294901939335,20.615220717107462,21.175133267027142,13.28009589930804,21.389390560318805,22.67095348134259,34.451038490629976,62.099577130731966,-1.7116938495800105,83.41879999727486,7,6.658886643305788,5.634072441217214,6.43575749706325,Medium
S2239,25.950089650435665,23.720600172993922,23.974339218869392,16.9757415503393,12.182412753249038,17.425658647300583,33.431259042762164,76.34479140286743,-0.897285742511323,70.05886570220474,1,7.908994992281852,10.747092682391477,4.495201309151765,Low
S2240,19.73269296474455,16.721133260290348,38.337147629776034,3.6640054482969555,8.77528938148636,8.699425560274515,37.24182489628341,86.53705648863532,-0.26139681089678335,96.94866524791527,2,20.314409215005078,14.006199301855329,3.082774962978686,Low
S2241,32.65221386306844,14.883401724318407,23.802183686142982,14.152312865039343,5.016816559124044,8.400996509609943,35.27418163488327,83.93953755411965,-0.6071128746264589,82.9280074693457,6,13.486226946782434,14.512628474269835,5.265807775577464,Low
S2242,21.707225675252445,22.41331303780828,26.354767918439773,8.633121988354958,10.054275243547592,5.870576184553809,38.35299430381462,70.5937665466434,-0.45833707262763546,100.0,2,12.202240890067031,10.513198449384081,3.1300190032949087,Low
S2243,51.24809971944849,30.935269735474847,23.919588348700387,22.357793413455916,15.75276335178125,25.63687312710197,33.466241087813586,59.79442456897353,-0.9296982029483098,54.9206332269791,14,14.129236176160926,11.16912994227234,7.274454449223218,High
S2244,19.99902865067273,19.20257202981851,33.891004071793624,16.338102615736048,13.643834538093472,12.367265850940093,35.700199230206344,82.15941969061703,-1.0507536755023306,72.81784533212674,5,22.63542927533057,6.448321056797821,4.520598758151336,Low
S2245,19.679350555436166,23.853948842194985,32.38669970715378,12.429669916447773,13.406410863304593,9.907249453878784,43.96459465694429,76.17042531221074,-0.4428686106461698,79.16068116478644,5,20.729169877913066,19.430671900916114,2.801809959428354,Low
S2246,38.27075083823894,27.37795972757247,26.666781676356045,21.19367338428664,13.78268962346938,15.693271129243492,39.87707693653446,66.79293815925207,0.27934846556861803,80.79464773563392,7,8.485167370491698,8.265577590122328,5.071055905722521,Medium
S2247,40.64964221539876,21.63555584001657,25.50469663300339,21.45744993112949,9.253774653635052,17.878105633713204,34.452752018166954,79.75809121105199,-1.444974018582046,76.34970533783267,7,14.760931637365486,3.082929045655926,3.57799378434599,Medium
S2248,26.143454489179007,29.535552202143684,34.786206891886636,8.499616965588242,7.763420227783831,19.360390770684738,29.603448378482,71.96094933793395,-0.7405005822648112,82.78448078440609,4,13.431478453348923,11.364171612000312,2.3467245972628943,Low
S2249,32.891374750084616,36.25374514932804,32.62586459794189,14.354677328150185,20.406257025898775,12.257044396590011,38.464406226918896,73.91024173575735,-0.8815201616420053,75.93900568355997,5,9.713372255449212,9.33750414401782,5.3817056310159135,Medium
S2250,38.50232637214736,21.502948946336552,26.334269443278846,20.29924094602643,12.685225707361553,13.968948959570472,32.13401585663835,67.39852143299868,-1.20085866842357,78.55002830496555,6,13.25377059810506,6.546629618642722,5.684298943138615,Medium
S2251,23.53202805882466,17.824655364635785,30.526943907791832,4.972713348464736,11.429308572641698,8.589059340832314,37.103966871732645,83.44606187874331,-0.35375927761181564,95.10414484987784,3,17.41646931508515,18.885644931528386,3.4777980112795785,Low
S2252,31.377135103265303,25.187288721556087,28.834953368075972,7.229996679252138,13.125519286684568,8.151728273951067,27.836769775912273,87.35796284845975,-1.289716237069756,90.11136294794386,3,13.735253409966049,14.618649482103553,4.091077141681893,Low
S2253,31.597230392877105,35.63535341282356,23.71127611244486,11.19323394630739,9.294483591115121,18.50369474104521,37.86439876718716,78.41589469948293,-0.7439830348359919,79.28226811638176,4,19.400124607231398,13.154635140671749,4.200156123951906,Medium
S2254,28.081791724528014,23.72233488419668,24.805530117955417,16.93055967348705,14.02106901056534,11.656029898340437,49.36470382357932,58.54108263637386,-2.1577397372182134,72.92972533414346,6,19.064605855148024,6.221936978074902,3.472609530043502,Medium
S2255,33.68753044220121,22.6307470546353,22.81627784484983,1.0702569226714829,22.895134602903276,22.391030515828923,30.79794546047903,65.44817071728916,-0.3339483158504031,84.47873001786024,7,10.986470149818969,7.948539933039004,2.2886111381241063,Medium
S2256,26.397237599302667,15.336233962472246,30.593683815557238,5.612771087037813,23.520087166645887,16.01119241500483,41.20144917958892,77.82952028663735,0.34968667165226086,94.4425614933964,3,16.062053281285948,10.528483221924105,4.598801642418201,Low
S2257,23.53404930810367,23.52187007701047,30.466830299496557,0.3006110332724985,5.9040275675016485,9.695060023454925,46.26777843210471,87.50515569684458,-0.40609112758355664,94.32037126691046,0,17.31348239569431,6.726558763683632,3.9152311795072148,Low
S2258,20.5861116834578,18.851757390072926,32.600525907696046,16.977602853756537,10.106309441369554,6.70072935728778,33.166680506599825,84.33616752106651,-0.213215528144572,69.06238558732825,1,18.140104885472994,13.129282008641816,3.471367878033776,Low
S2259,36.12598953536946,20.63534501649143,32.495920376536965,18.611931336691466,7.344230770262003,17.299115261940198,20.505857062896546,72.95417242004515,-1.1352861606564486,61.758516752328966,5,15.725572669425933,12.423605203073231,6.679217446171759,Medium
S2260,37.88995379709447,29.948825069566965,22.376213759143475,19.908243183532722,10.814928015371063,17.986426375467836,37.276074746534405,65.88021453804465,-1.3744938284733912,72.31367378477202,7,8.175682800162392,9.970978161263325,6.198425196006472,Medium
S2261,18.976324579799826,19.943711107126703,27.576768574894515,8.802652045692321,4.633336492482357,4.934851647304709,38.774566583813446,66.19300827577317,-0.6807281493953854,93.42618946319355,3,17.314653055138038,14.548929251325685,3.35753045352765,Low
S2262,31.186837296683763,22.108315261816575,37.95482072916574,8.932440266330158,4.797877680976218,10.246266563239889,40.99139864287809,97.52423593610541,0.23456472725052968,85.71128204021035,3,11.463385843071807,9.767525387835947,5.464560096141549,Low
S2263,23.09666114618819,19.32329742846196,33.21080244416128,4.870326485441138,8.375533257167715,13.31747743735529,38.39753996937536,81.89564582815589,-0.6770112026047886,90.10384332650659,5,9.824551571012272,9.876705230530789,1.0834725270205392,Low
S2264,20.682107939286993,17.916936410250653,31.545376618560876,11.683831862103947,9.26558339929414,12.982273254410739,46.12268223574084,89.14264656283231,0.2253498409299345,84.35028365451596,2,13.092619063494823,13.065399273487206,2.3472610044101705,Low
S2265,35.27360252940584,24.125691964862867,36.014277698109716,15.024130195645096,14.570345442829538,15.478087729904242,34.58883812452862,75.1591581935026,-0.9862263882580922,80.27334498427844,5,12.951670410147871,16.676807989444328,3.1349280658386838,Medium
S2266,40.592776803830546,17.416682275152933,24.906131767612287,17.608613973823523,15.871229084315736,16.519804194759516,48.55619798275808,68.20429164984955,-0.9024448334339982,81.90933271913849,7,17.693114349602947,16.074932874095037,3.682984982676194,Medium
S2267,37.012132735638595,24.88752444251439,14.878221252669352,19.39120927019135,12.341197586298543,24.63553783448814,38.74552164772254,68.99902940274642,-1.834215922697479,77.96284562638307,6,9.556291686914147,12.71374403672591,4.62047653903984,Medium
S2268,29.017871666576156,19.224025851082146,27.81985028634393,11.046315859674522,8.235702487098017,18.681997829608044,44.11398277415685,76.9410032958971,-0.36105978335137967,89.86456925980463,5,17.02354078412723,21.495557792393246,2.910772837307002,Low
S2269,29.724407947598294,24.566896421583564,35.8707604963177,18.03768577564491,14.151012797397389,23.286097934756913,34.14641030050393,80.44111380331643,-1.7515219518429304,69.07499419891667,2,14.021973796946368,12.324660010787074,3.336412272129466,Medium
S2270,25.901745414296233,11.551287590168467,29.813609471132924,10.327316900841668,3.86931896243318,9.411080162673057,39.6782942714475,64.55544983527558,-0.4065585315369865,84.5593362368562,2,25.055781624213566,15.794396457966547,3.195406880886195,Low
S2271,29.201683627429983,18.815441467824687,24.789568896411538,14.23848612737232,5.645306605783332,16.46845388183732,25.11699037000266,65.76522318450462,0.020844750955316016,85.29200104163282,2,14.584962606063014,17.12297034249349,3.135251649417567,Medium
S2272,44.6016331537933,31.667880641361794,22.51102837939323,23.796614065973856,17.50173741508445,23.838484157078497,28.105694829298642,57.91006392220515,-2.3812555026422837,64.58974458405454,3,10.383272425677701,11.036751001200656,8.01116893504976,High
S2273,28.950384452541716,23.636209859519973,38.08704524236215,9.797281213225025,0.0,13.19221375321356,44.47970158743548,95.02818806231869,-0.47069715051870475,90.959823237353,3,14.589953371611498,20.005447366417414,4.139919211372935,Low
S2274,34.09918047586279,28.157846795226547,30.942780319739203,7.798342862472443,4.740276211759775,7.942441899537618,37.22554101842568,87.3562845145369,-0.792391501861118,86.19906591002656,3,26.33561336666386,13.215486274955992,3.702457275601917,Low
S2275,14.54431560875333,18.349667252958582,35.34647037553245,11.70767906917323,11.022615983992246,11.981034895271506,31.116320090372923,69.42524243397831,-0.9470411643285815,91.67395837898741,3,21.261578337841712,10.731160908161092,2.353367938006982,Low
S2276,23.39704758078366,16.65557936032984,29.934439578959992,11.36195080557154,10.43660422876892,13.069459075759614,33.27477319410934,79.90601080168734,-0.919615810087909,92.19154408077122,5,11.300438868903829,12.522459375700045,3.542124218489662,Low
S2277,32.32420908868297,17.79582400126919,35.10148840642454,14.497524245313452,9.278150526147622,12.659210745724797,33.517119436716584,87.61849795170212,0.26957428695514946,80.6595205471212,5,24.69519994150474,14.08754100610614,4.224814544144896,Low
S2278,20.0668474073858,15.427521132670154,31.836878778180036,3.417930180207735,14.815742747201728,8.135975881518643,36.936663618100084,97.91092981511466,0.3022832705571109,88.42278364878524,2,20.188191736824724,9.117084057601181,2.9043456944112256,Low
S2279,32.26932897274553,25.531586753178892,27.667405065698365,11.737741328482803,8.019677078420557,14.24095854979044,31.698340676102333,75.74451377096548,-1.1824583720402817,80.00561100053993,3,17.214087421149163,9.513397811106765,1.2632136778211835,Low
S2280,38.45971168036024,35.91982548792531,28.874726353836124,12.332155635989302,16.93640613216556,24.33213506018481,43.42248598353791,62.618902610774214,-0.822722126791964,77.04729196940993,4,17.16250566795963,9.215712346230017,5.636613722705265,Medium
S2281,35.50398933087651,24.05387642439203,22.357527419086313,15.4460598684837,13.036442395302043,17.940395702209482,34.9909552289295,70.67498217144312,-1.7111517413948285,76.64879068388868,6,18.169226745149608,5.5999789445958825,5.923667726013531,Medium
S2282,25.62505813782084,19.225697538073117,19.09144094483928,17.424897369242387,15.277127763618182,18.2434467714009,26.533959252321335,71.82838095791826,-1.3577523855836426,63.01457913302849,2,10.123365211683227,8.57321730443216,5.0282717278510844,Medium
S2283,28.995407653706152,27.714821485717298,29.11886961006276,6.938162856420544,12.528358569229974,7.082510336200045,45.375641793479716,80.26226090691863,-1.7928563433438516,70.9646316339782,3,13.4424115970493,14.866677826896408,2.782422826352419,Low
S2284,29.12787106303597,18.057829241488676,26.163075227215494,7.000114085593501,7.150892901398977,8.625906318022068,38.991515553941355,92.95554935265938,0.9191570838401266,86.78971259866671,2,18.927332555115257,17.58908490362491,3.8067096716948354,Low
S2285,47.95620937751646,32.88354313046894,26.4279037124297,21.330656250570616,18.041190035790574,24.696065025774192,34.931509398912176,64.19388203536754,-1.0717305166223032,56.739448160248045,7,4.074631055975431,2.906096706942714,7.775535812811343,High
S2286,31.43074015059627,31.25394025422103,28.54025240962639,9.113272301643747,13.759051096321379,15.610273983870838,37.68391254957344,79.67770021594755,-1.1571495232490407,77.0750675660452,5,18.659066307220414,12.910898571814304,4.50060964824323,Low
S2287,25.010998677004153,16.085318093285533,37.60143941819623,13.550041284827335,13.715998507180037,17.630982783117183,38.545657339266455,89.22941792208424,-0.6493553190529917,92.70354763477121,6,13.872102615395882,11.555722570899507,3.3850949398473893,Low
S2288,45.45251749244387,21.436342391462926,22.96225842053643,15.36221251605261,11.344972641096751,19.6331208033043,31.234733216520933,64.20678842662525,-1.540833351779884,77.61072464748766,6,10.026560958834702,13.840919626673175,4.7892023482596136,Medium
S2289,31.864144109998314,20.399052190656793,30.22411899026899,19.997558655778143,13.98084567000408,17.533992294370545,38.880765473770566,69.3412111821,-0.14778630663804143,77.94003405010257,2,13.060602627335395,11.440075407109013,2.9588161312193,Low
S2290,25.24720435782899,23.160820915273142,20.299391172392912,17.651669899043853,7.115757523927198,11.095659484032609,35.18267863052434,78.78515012217443,-0.9550083462577142,86.26346015876732,8,15.123442986600256,6.904336593593585,3.2994260571735397,Low
S2291,35.631423188088235,24.360321332205267,20.02414313354531,16.404102504008147,11.512152384080613,24.02170306229388,36.605097326989444,60.26297609317378,-1.2108935871908133,72.38409327867302,2,14.097782773949922,8.599520338106698,4.252815917159951,Medium
S2292,37.67270912163847,40.254938016940045,15.214283395860235,16.224179271834654,17.623932708279945,21.096911037617513,32.41005052659803,58.362712574674994,-1.6261439484351778,71.84764753298575,5,17.209549029426753,5.030278092368594,5.722578045159046,Medium
S2293,25.749502353205568,20.595571997833048,36.104876150304975,14.16298363970373,13.823758089482167,13.574898866075259,34.68635872960188,70.91632948388119,-0.412731722695463,72.85956079631022,1,20.83266297468233,3.121245292152114,5.131387030114277,Low
S2294,32.50675590331203,20.859351052429705,25.7829410121922,16.682881135047516,13.631803733689273,9.7470727860116,26.921314413564204,64.92136383136571,0.24336643085295495,67.20857666406316,4,9.163851618469224,11.341556811446953,6.3299159043745945,Low
S2295,43.59921489932293,30.076342491368468,32.12151008313832,20.47275492611337,19.31140373870383,17.461291142270966,32.74146111130856,74.05292734388567,-1.5875919839815158,71.94953913652203,6,13.629976599060507,11.294956580675594,4.2439891659653215,Medium
S2296,27.877469343759437,27.34140683013127,13.30110399300861,8.426382124566764,7.191524577273439,15.639027394769522,37.60419586430766,77.28908731152687,-0.8965621624418523,80.28882195011167,4,21.657329814052478,12.753403874169058,2.74737097982074,Low
S2297,34.44756769442061,18.097839073267295,39.24471304937644,10.886626724372608,8.957781258043784,10.530243175801855,47.73075543830136,83.88559956647917,-0.6850680776913594,85.73082164613837,5,14.851911820025093,7.170232952222844,4.947539837933149,Low
S2298,22.989405772594278,23.678009644531173,27.532155484253668,14.724995193178437,5.27016014037763,20.33444817151987,38.1697245921519,77.60946501252945,-0.8111897925562108,88.92409496164008,7,13.50249400648966,5.824621136633176,2.983807856406626,Medium
S2299,38.88722605030337,26.233136068931763,32.361549682972566,12.397812937596035,6.937900345472231,14.010127161319483,32.53355011166084,77.40614822716343,-0.77315983931391,80.61617398072121,2,14.274142327761576,13.37733366162869,1.821464115512546,Low
S2300,30.86518682982801,28.736776549416795,22.275285330943227,14.716196988510758,7.249994042567725,9.608961480082517,29.680562056289773,82.87422816871288,-1.042405116906518,76.23742806409265,5,17.613442428387053,18.40790351182505,2.701642409141237,Low
S2301,38.03201848621601,26.22167131037257,30.563591405705225,18.056859750538017,14.173461806875547,20.19123031316908,36.537861875151606,68.40577701323433,-0.9720910103112695,88.88222829711691,6,15.356582301627812,16.126229400105313,4.26913740661509,Medium
S2302,34.93285554396214,38.1637945903034,24.452636256895566,21.438719643911355,24.389170490837415,17.529377993861072,29.994394799345887,69.28058071358426,-1.9827181416842277,72.99223726501049,3,18.25513122805874,9.396705682081715,7.221482770339833,Medium
S2303,21.13138836950892,29.102456396513144,24.68687379545232,13.24945598981915,11.819764282953303,10.436081402690927,34.48953843763959,76.98866847864673,-0.6936205876846451,80.17513968385707,2,16.924492532719324,14.166517536394577,2.8580377835619317,Low
S2304,29.944755990794818,16.070730381975174,21.67801841713299,15.4625906701026,3.311739092189468,19.08978483416712,31.46058766066761,87.02515170626496,-1.8106277113101008,84.68283469979293,2,21.43920626701808,15.412266477634141,4.4367081028868585,Low
S2305,24.94538489475015,18.134385888967273,18.95225338995234,11.563376022953708,9.364223169518993,13.17641209413885,32.231383324506304,68.85308235580311,-1.4057551180598522,69.91020687099605,2,16.03103160392372,9.786807348682807,3.1013370795180224,Medium
S2306,35.78983632162415,28.856893573774872,29.872696573944918,19.62369427717892,8.695173928608014,12.36761570938246,39.477573327035714,77.4971595873609,-1.4619622127488308,68.66225158917437,5,19.954705563564602,5.673235060551454,6.080986130458923,Medium
S2307,31.86600474028797,30.54457370085689,24.647901196592095,16.992970886079,5.8253074099260616,16.891838148915237,23.702100502417323,70.0922522703861,-0.5582837153666925,78.28200184433308,3,11.790139838474778,0.23370162281108797,5.486716125739992,Medium
S2308,31.56696762506073,23.896007809629534,17.644585415299805,13.996637620065526,12.887911617396508,10.226705781480472,42.75799817896336,79.2415018328009,-1.3695874625934235,81.57388270102017,5,21.82636711195443,11.719260665598883,3.8017326150610966,Low
S2309,28.178950896023203,16.02138347389687,34.566525259839246,8.651318556340634,9.094148510133136,7.457007969258367,37.009001718803425,90.00079046388318,-0.5359925613919868,78.66181828672224,2,15.103157698810463,12.792055053828841,1.85230928280906,Low
S2310,28.00021178699037,17.14862341369106,17.27606557336937,11.512400268700238,5.453143335956821,16.788923221481216,33.070467721074216,66.05852886033905,-1.6989327164848191,73.04036099540662,3,13.706775323097173,5.676306685701768,4.999466871645923,Low
S2311,28.928464673510852,13.87539263045986,39.43784339470579,7.9641629519570865,8.351730571516674,10.75208102077064,42.96883540920865,81.78095931279226,0.03965252676975117,84.92862302159915,4,15.20243828320189,7.405732800846682,2.8401162559193307,Low
S2312,34.95244862805987,28.794406566486565,40.833944017444026,6.120554438383294,13.182276068813794,9.4262414182322,34.70615304985582,76.73799223924767,-1.354469201993541,69.97435340232626,2,12.630838101071726,10.704622190506928,3.03247671005386,Low
S2313,34.23136611932588,26.675530649419414,16.93895385675785,14.115834880052144,20.019708181477135,21.696596520975216,26.927860193540425,63.833719299587884,-1.5995359813152192,57.62740763735085,7,21.318562433843837,7.381439033255722,4.845674490514496,Medium
S2314,21.215751465873527,20.823246087321017,38.07902206298467,5.688213160274879,9.507239481968329,9.126132092255567,28.71187741416282,93.52775864527773,-0.04237574765251717,86.4204439315353,5,20.020558243391452,19.003119667483645,3.436514269548986,Low
S2315,21.429484142069214,13.904798903200303,31.06921730493409,5.162507120294929,13.552049295421865,12.028046753780709,40.1557546120227,66.20282469843012,-0.4124611046447392,87.7809085634403,4,17.659102577057524,17.46201865852484,5.106235639273022,Low
S2316,26.89778753422153,25.03934201044384,28.22877781665498,5.574921756896153,9.37554555616376,25.756617812779627,42.04443135031639,77.61476155258748,-1.058202995084351,91.24816519635354,1,7.525635292140915,9.589273410932016,3.7417234362373075,Low
S2317,27.01848765850088,21.7452921124462,29.424964746472504,13.371198632631565,4.36896859497797,12.486352607823113,35.618508580492076,76.54409551273217,-0.11716698778263562,86.53166982967318,3,24.143607634326564,19.49547788851922,3.3588641764700937,Low
S2318,24.53376211329818,17.198025283344936,32.23576641401462,15.865144642431165,9.847273381355766,14.679770231750837,43.46721352598249,82.6267970680566,-1.4665114425641201,87.4176333446472,5,9.454809215308984,17.89936909498339,3.8696896030293852,Low
S2319,31.628091293426987,19.916097750046763,32.0445799824081,4.73701418176543,2.967671269408604,13.576271062318597,38.40450884517186,75.43441975927773,-0.24594034183165886,100.0,0,17.645658458002664,14.723375091149439,3.12362973609103,Low
S2320,27.050031272554342,23.953083701092314,12.737719878568146,11.176472672142488,19.03119948242201,14.658356629399274,43.5033458629017,59.71294979337246,-1.2850652833307397,81.071038124,1,11.121423135563882,7.704583112833346,3.6452247267118763,Medium
S2321,21.861649354767543,22.652545251502396,40.01059652998411,19.820054354479236,8.036025542682948,14.82110875876753,29.304134284345018,76.12027120845111,-1.4978882532122562,72.26382718937884,3,15.256310735984364,11.51514076203791,4.071129472117077,Low
S2322,33.49857695424048,5.304933354315343,33.98436764304152,14.637438796837664,13.145964050713864,12.499310976424416,31.111438142791023,80.45237819515683,-0.46433261768308126,97.86178666972009,3,24.778564071058227,4.57124402937249,5.337344327715556,Low
S2323,19.960073781694533,19.558472716538116,28.79284604612649,13.139671008772618,6.236127538660099,16.68089124858532,32.988044665266465,84.56758867111968,-1.1477692513703963,91.42815040096686,8,10.47681757699457,9.504690122883083,4.02828148873858,Low
S2324,44.61321990453696,32.34601655897648,18.81406493931904,25.533051603622393,22.320231255091038,27.120225315915736,29.685683370591835,68.7894907130957,-0.5740959207038265,65.35944756772206,12,6.904969651133852,9.73223133455986,5.4071283098608935,High
S2325,25.19235633544834,13.526582232069636,32.91418173935996,3.2057909410710694,10.030978813970112,13.091010004310352,46.27181766944443,87.43867250555263,-0.43582900654240686,100.0,0,19.93626320226824,16.034262713940997,1.3063055582993506,Low
S2326,29.7949234644228,20.449247182863935,37.69683177811309,12.467162047142045,15.509892393382685,17.96351668537523,38.48119735694407,66.97855970527864,-1.2517504799884107,75.63427803531589,1,23.915363452658628,10.597911672308761,0.3383041779962257,Low
S2327,37.46775799150944,38.54909011602618,24.520730967721853,15.167902761975029,15.2929097876999,27.09811725973738,27.411890815403954,52.300895624015446,-2.0559597046611917,46.33146538258037,4,8.237749203322522,8.85445810598188,9.146259489824686,High
S2328,34.604286848944646,24.284700245321975,29.998067520897973,13.21495964965756,14.362131328285207,20.476534165849493,35.230833319214724,58.88805217571844,-0.9759143965661611,67.88600654504961,4,10.615520667627875,7.054793596965814,7.711605739992267,Medium
S2329,40.81419057959583,16.9734155647186,18.16191655547481,17.569719106836658,13.809098323801958,24.44195429882034,31.20298281067927,67.09343535289344,-1.189749135291785,71.73773150343963,7,13.345080270469007,15.647677918212175,6.0559058918683295,Medium
S2330,31.994320988570713,27.614446973505814,22.748194260070818,11.798463187088256,13.638380148980822,23.731872608543366,28.408101925640683,61.037655494237534,-1.1991090028931486,67.32916532773598,8,11.914210417619199,15.376084121656923,3.831807039607261,Medium
S2331,40.67401833651381,28.130690425100266,25.831019057490252,20.006184458894417,16.545768370362772,13.55548942726626,33.204689421967466,66.44523471489009,-0.8076175042867133,77.42746269062248,4,7.294823707434404,12.788454116472163,9.260348263097596,Medium
S2332,36.62205989049086,20.447376579834184,31.998785662262463,17.61495639514584,16.87230613233533,18.522144098561657,34.067788404725725,74.63375114091858,-1.7928672035565625,63.96645627477579,4,12.228857982149684,10.099547706997265,2.287640037362854,Medium
S2333,34.94316443283221,29.456070161284586,24.418357353793414,19.82680346835696,12.323495351255797,23.368468403032807,30.014764700804776,86.3173331133842,-0.599651498146754,61.70645299584847,6,3.69081312290035,7.392721390551758,5.2854608972525785,Medium
S2334,23.09518673408406,12.316904036986461,37.096175918157506,18.965036488843452,10.481928098692531,7.879577097882896,33.027791421428816,86.54785330108861,-0.9197566219571847,91.84233792545905,2,17.071101638935364,16.532013049957992,0.5873630896611362,Low
S2335,33.17818433510839,21.112012513403716,23.03334224340864,13.467575405727272,7.489646405598019,11.91256916855484,41.487220455192926,78.66944040501677,-0.4792453390093422,69.91115072600316,4,9.689872582491205,13.018025204725753,0.4418293166443972,Low
S2336,40.29328359655259,21.83258054587499,24.766186649077785,18.945043546316608,13.608263910635246,21.3811007905853,35.43980760625508,52.629219410966655,-0.5595854569575975,64.43122196237044,6,23.823934257697474,5.311795227562327,5.898464968980608,Medium
S2337,33.0431660839609,28.01993293265931,23.540532086649037,13.090039481949209,16.750922688159825,22.70862491774385,38.412826617668294,64.83754221050555,-1.8489682561142624,66.1997604248746,9,14.075152761931719,13.434443602667773,6.163134881553065,Medium
S2338,28.1754680556155,26.550446982041798,19.899492972012418,14.577607405968784,11.150922775221211,12.590372349045259,34.292590583287044,83.03758599511788,-1.2208183910446326,73.77649108420972,1,16.46298482562389,10.006064599583564,4.180938989200376,Low
S2339,34.41796835351741,22.449755293058654,28.520134863096274,15.495886310763435,15.103465678602763,15.313018879405623,29.34450821469476,78.67494333953577,-1.3379568009610638,83.10657985450806,5,17.67987360038827,8.241777345460706,6.30420703108745,Medium
S2340,26.2873298869537,18.471273904301107,28.075716795733488,4.147492354761879,4.108288280182245,13.081704744052523,34.27081645715515,73.61691443277564,-0.6261481067588989,69.36197796603548,1,14.800276454581363,16.95800959333399,3.070873966988045,Low
S2341,38.59784303980314,25.673193246737785,35.581891224411656,14.573993574192409,23.115448231995373,9.546680069074082,40.89671260878942,68.55330363546662,-0.4207449649131181,88.58673901134456,5,12.968492626700927,7.631890426436417,5.8520110573106825,Medium
S2342,20.010105528101306,16.763508549937278,31.507460380667503,6.419201575944007,0.0,7.81124571206831,29.71023800628292,88.18130884179675,-0.6946189128232293,89.6095693075519,1,21.702160949393114,14.95299678531172,1.1696496794317535,Low
S2343,20.69779537384986,23.026577071606138,33.68686010650207,11.67591924538453,10.014303191877824,9.483289398695485,46.38935657310412,78.75891666536195,-0.7026584427380118,84.52219016103406,2,12.385881801884011,18.309359876287935,5.081969295281159,Low
S2344,42.38112057803835,27.62956461551547,20.76588360311516,17.555451649176593,12.077134428368357,9.216016329559952,28.77379913813279,69.08480205304744,-0.425179127611319,98.28764561943183,4,17.937211887835858,16.079020605485674,6.353177235928683,Medium
S2345,21.67209350538903,30.169734551721433,30.373472009006452,10.915026000052407,9.661764885191488,17.124179401062623,40.64743152800873,58.71518916877825,-0.49414985459141914,67.99828608757058,11,25.698854210396227,13.142032487444666,3.6334785945196995,Medium
S2346,28.08357656740342,24.30430457117628,26.16005741569566,14.271662958267333,11.919070656619077,16.558008208948067,29.644138882982094,69.0386657731333,-1.0964798001857923,69.70677708228341,7,7.5207761742898676,6.922971155869717,4.679370838549113,Medium
S2347,30.154578478708235,13.701048304616561,25.088838011067153,14.299612709086112,13.99287403115938,14.364854853328852,32.92665631047442,79.75096496124198,-0.8059267831654042,92.22663666442351,2,18.461080577790245,10.208516129214534,2.702973057351504,Low
S2348,27.074292246311682,21.00484122926022,48.0,5.987981300018073,9.85364526694949,10.328549260295201,26.797588689404638,93.99950574786352,0.2864167060431913,79.1180956030481,2,14.878723230339599,23.978543027989673,2.0980498778028185,Low
S2349,40.64361549647782,35.67821721903617,22.432484635240872,17.243245733564418,16.665930685688405,22.607004110077817,44.15824390464217,66.23335596669688,-0.6020276408205815,71.10325368076253,4,15.097273310901818,13.219277939451977,6.5882361763395245,Medium
S2350,38.619772257190995,32.959256871905396,29.490220084570403,13.501099572421523,11.412855734221589,9.264266624106167,40.6235936073012,88.58672258994089,0.2854280266702345,78.84818643724282,5,18.304050582291737,11.815281341548882,4.139953354399185,Low
S2351,29.71671332039594,30.502293870833398,34.22913736628887,12.532901001868698,7.098218594995406,17.960072159152965,39.68030885870043,74.9448574029284,-0.1344756701009716,65.58334657136021,2,24.45177029022615,6.664628593006456,1.4672497930363608,Low
S2352,33.981541395807376,27.2256741107451,19.381565289307964,14.88882343584681,17.47237165365878,25.721832831099476,29.70420998294457,57.29314053383277,-1.8027464591374707,69.86046252156241,5,19.701404304375018,1.5291901779202295,3.9633936761178643,Medium
S2353,33.81813912537926,27.869215534612128,28.46966211658831,22.42546471470841,17.317461239022073,14.783395282859994,28.448826199916116,65.32465899172803,-0.28401565369913684,75.58346833533766,7,5.599552216293122,15.087329683262817,4.101347649546851,Medium
S2354,37.26685830920373,28.740259032065786,26.741877901089776,15.748226136775362,9.452011998590887,26.124790338029698,37.112487261043185,67.57867219856261,-1.8787775246545138,64.82430130920986,7,14.765169790701535,13.902861172269478,6.10304662627206,Medium
S2355,27.042717622950313,18.874720062005004,32.03768654312964,10.529328518444487,10.640280120877211,11.36393064397321,29.827575105746874,77.5174804257546,-1.4163007055676249,99.73800218515333,7,20.19096589866811,12.484400948474537,2.100524537232923,Low
S2356,22.507028106784517,20.36814802284158,44.3263546628076,12.222629214880337,9.6691963167938,14.980416652498866,36.02945135005242,74.47276495133254,-0.5373767298305459,76.95687144976125,2,22.38324075494342,10.9817923899148,1.3630756898155152,Low
S2357,40.46191658038723,34.662024621973686,20.249403869346715,20.054142103714952,21.989233935416514,21.164447534213735,25.87896474559351,54.38139781668011,-0.5852226521159692,75.46597076796985,9,14.42208718860002,14.243664594024507,1.3642790606654156,Medium
S2358,31.56775704537374,14.825028376397501,38.39744001022826,13.44935202582472,12.662262715958642,13.859877090790611,36.85824828003492,69.25554535388973,-0.4452761207348,82.07696251110809,4,18.320076528546565,5.97635307352544,7.07198001768697,Low
S2359,19.48836932925152,14.633490617750049,34.348178329780154,0.0,11.10091038780585,13.267681193605902,26.175414023323462,78.69248161385322,-0.5014771350348286,93.47973656142308,1,12.049267186703009,21.13451958100158,3.464526233149312,Low
S2360,44.54761366921008,36.86345574471888,28.632204705225316,17.955935872592377,18.103346836281613,22.010052374442616,23.233532043890975,57.75906517857028,-1.4309175051966871,59.43532410318715,7,12.65020237777623,11.64484464899359,3.7775814724223853,High
S2361,22.465180572923355,27.486411476646463,33.13385327539304,11.403232000210442,12.224457454133255,16.061048699390142,32.232047970867356,73.07158199458348,-0.255741056709673,73.4865036431604,1,15.786269026249164,7.900920144370225,4.8540607742630835,Low
S2362,23.624099149105067,19.333062786913125,40.546758114089215,12.194168495396196,14.116642867252734,19.372520131073028,39.87324778038131,89.10556866523683,-0.689270485572674,74.28282571563717,4,18.839834089281226,15.091687421104918,6.147992869823884,Low
S2363,29.848191267852975,30.782979920121868,27.43260381142039,14.575903399259392,6.549882272123668,12.093866592368974,33.04747463313052,81.62704074678622,-0.9006024962036758,79.43129509378365,4,15.00987900503568,9.254574757078991,4.2023463735068445,Low
S2364,23.90756917415959,30.036839553463672,30.365249577966527,19.24340908255467,15.385591603289313,16.504260173221695,40.82287537022576,89.76158469239891,-1.3861152231370137,80.13230603783667,5,16.141546975058176,5.593907262940788,5.473908250815699,Low
S2365,28.78329999384038,18.32982211533535,39.33136679675158,11.695377313640051,13.930726575440776,9.63891201108801,46.66987576817513,68.9882444147477,-0.41070184523827535,85.8010385190031,4,20.27947652561806,16.262718063875678,5.130311799050578,Low
S2366,7.41446095806479,4.110602229628279,30.681746250383995,3.370867199660397,10.093404088438973,8.916644125518895,37.50467617707794,90.25302214752844,-0.18996822441794214,94.14675599135902,2,22.402784923732863,10.066858250049163,3.2301107099590824,Low
S2367,26.865629134634794,16.269878349323854,33.79515451303336,12.455943458771731,13.75844857566898,21.811174335921315,26.32433844454382,69.7057091091562,-0.9591917299124234,89.584589353556,9,10.515038784024638,5.810545168301725,5.3513486219473005,Medium
S2368,39.18526590160328,20.756779998882767,28.102422888735727,20.57342504412404,14.429654573559079,9.282153876831003,41.2702480191908,74.3238130001591,-0.38176911521359036,76.71089674048936,8,26.66523873706228,13.319729134324126,1.9605007856397165,Medium
S2369,19.91628568176941,21.479350291907938,25.58094919941214,6.963228778693576,11.071331658124993,3.2744202876242516,29.410770277816393,100.0,-0.3917854156230396,85.38168030241926,2,19.66159775682575,13.513762293641982,0.0,Low
S2370,26.279454475061424,25.885404523613904,20.98803422804493,11.68827167380774,6.807494091558899,13.442792136218982,31.045465568929913,63.71172436685724,-0.8110559813596854,84.38278852281718,2,18.916781394906437,16.218115695549685,5.059671445828304,Low
S2371,29.674854584059805,15.312977491191745,32.47116341170312,9.684727382353131,9.278233261580253,9.653466976027367,28.47100264907863,80.78914565270775,-0.16956689535303554,75.98302790632242,3,18.70787341507476,12.741077184932053,2.324864676887315,Low
S2372,29.64031152667492,24.727332314816326,32.78253299840418,20.83259021316674,6.911688922827544,14.206901461245804,40.33713653131145,64.96848759829724,0.22455883349607797,59.48893520290947,1,7.928616001219086,9.08626325588557,4.038681338206118,Medium
S2373,27.452234098655374,17.74562780365697,20.3451566951701,4.3029776510468665,11.066655755909817,9.921798870016397,41.97849681864334,80.35058759227275,-0.836751646357734,88.1115121227744,2,22.169542891242145,5.690031969364714,4.186809172534434,Low
S2374,38.20142891980975,23.77070041085642,28.80440737806519,12.879923362884421,12.33892741520662,13.887002854946916,44.77751911194041,55.851869886974285,-0.4405010444373023,67.80801431120848,3,15.423144837748225,13.063532169343251,3.0338503923525426,Medium
S2375,36.08510639404197,26.772132676977932,32.13878991533397,9.538116852927528,14.512737790478553,16.26225052595281,31.8754844136226,81.11352453569236,-1.2448930599497756,68.22616481683055,13,17.87169898943982,10.547168646404968,4.683720396803953,Medium
S2376,22.37663960420812,22.530695191482724,21.571624956655164,11.495413400210534,9.69133785040966,19.527507955079507,31.21569856192353,87.15919174219738,-0.7985841907330334,87.11638560083811,5,12.067003344120273,16.680731315892857,4.005806528777478,Low
S2377,36.090357364642685,21.917093583117804,19.730028249786745,22.558602787013502,18.595214988912396,21.444519809196617,29.20702152968941,67.90064907159743,-2.1849049977854635,68.63350092389135,10,9.16555156616741,11.924373461842364,6.856760684491017,Medium
S2378,34.27701247113917,14.529323035699008,38.00885349936938,4.110168938590241,6.531951241657147,5.180944673640434,31.71980991702369,78.30050870442199,0.8835183383945548,93.24993787744118,1,20.998992077420382,16.101521940306952,2.6536991978952402,Low
S2379,32.87071570778525,27.145678011129984,30.897227301786053,24.297918869049205,19.050056333865275,20.011581397991506,42.44257709559612,70.76846306165503,-1.114598797065705,71.1463941963457,5,12.88608005600013,7.173572808532962,5.57728034683965,Medium
S2380,46.31797672369205,29.05806060628548,37.79279142570827,14.573870753031164,18.39616055700948,20.389133072411653,55.70527151343972,80.9870208795637,-0.5814927652681916,73.38575429061413,4,13.103747431919238,9.695009100542789,3.6703123940293336,Medium
S2381,43.93692505729053,23.157153179511432,22.246692313915,16.904620857776894,16.27650963266571,19.372962929627104,29.50028729388132,71.55811069924407,-1.9807808407189664,77.16735955704668,6,13.956021178417911,12.271581193806998,4.5107133115884,Medium
S2382,41.086066631122314,30.81210190413349,19.0121075128142,18.3840302841248,11.66695667930137,20.038868436416305,36.159900911744906,63.71810815835555,-1.8003917603963282,71.75518399526472,10,18.2734672011815,8.876495159822776,6.208532982813546,Medium
S2383,31.118972142774982,25.52044060583794,39.13643231991922,7.266816526342311,17.1582020342717,16.79336623522294,35.21394493505069,87.79872209778343,-0.5643858928489145,87.51498154437972,5,17.665464879060075,17.590245616117816,3.175781706538806,Low
S2384,26.96055444260605,21.68600108055414,24.899546071976552,12.06640775255261,5.797046169016203,17.421453330860192,38.936574081714326,71.32834128138747,-0.8232625508917101,87.70394201923558,2,21.408439937986092,17.287350688469513,2.61414785370902,Low
S2385,37.60142823356367,20.662803523608556,27.216118332755244,20.870339402977482,16.304086768532695,26.459118083909722,39.13979563959245,63.38495475125047,-1.2203398268115313,66.55879921762913,3,10.49867835336091,8.22371928349972,7.538582360272343,Medium
S2386,23.21787133721879,25.379538798840183,44.101793866688645,9.856914672183539,7.834847940186176,11.719462450971992,30.47685493905773,85.67871366868758,0.518505640983132,78.75592879831777,5,17.075136509206022,13.241540660810202,2.320329412164514,Low
S2387,33.104429028082464,29.473754997877403,31.462715533328822,16.662501921942432,14.710475645055624,19.71255434909517,31.759432271344252,73.75114219414655,-0.8214982826146069,72.1854669498394,10,14.772779894559562,7.527175630342731,3.9965856682550034,Medium
S2388,25.187759848653215,25.742854344576592,32.50038071828049,11.91628249883279,8.585150279763436,19.720452629642512,42.41943963739351,77.68148589441347,-1.184271292880282,76.73502143118371,4,12.018216483854156,10.75156976901624,6.239604623367921,Medium
S2389,30.36248694176536,29.154725610081307,32.203591424365875,13.974182417960524,12.309570736777165,22.075832619219238,36.07647256442705,69.85041430453808,-1.7209877764100379,61.70164041056936,8,12.886081218109485,13.21830871587558,4.453511161045882,Medium
S2390,28.896107718050413,8.005699026063338,36.71458782444573,6.487988756945496,6.635457193108715,13.381871218888264,41.007506694456595,90.85149171754172,-0.5739553363755467,100.0,0,26.691402291685613,12.05933101684675,2.9599289614042883,Low
S2391,14.171836471686632,20.659991300717348,38.38839131866754,7.669135813102499,3.416875091856718,10.570915575417366,42.164748983843815,83.95471354235053,-0.3924909137184903,100.0,2,27.649745715902455,12.817566731994818,3.060349310200036,Low
S2392,31.78075553354509,28.312032029501424,28.53442345553156,10.205287672931039,15.676420841346685,19.999519992706976,40.707323148869435,74.1298650263415,-0.7807456112010418,82.2793534921476,3,23.34814415648941,7.9737184583918745,3.334703536629489,Low
S2393,20.03378516821339,17.035829316164975,36.256357112342705,13.41861933314854,9.64058105362693,18.035854708342793,43.14430205328556,77.78913568404059,-0.7009981586401541,88.03792614488148,1,16.965706116157506,9.704580906455181,3.318571668041586,Low
S2394,34.82135169348043,31.063624224039888,30.476991488265885,17.445100900033143,9.291390720253112,8.565545650626412,39.85337635863432,85.74708050711804,-0.6696913660076667,80.80311023735361,2,10.801192119838726,13.718978910115341,2.6450230313626,Low
S2395,24.122851959009942,24.78590792950689,23.035121245609673,12.219955144845718,15.403100487979659,8.947992294247173,37.63133046712747,82.57603122316752,-0.1951349158766198,82.76979517909048,4,29.7577271755577,12.3856864172804,3.973943201069309,Low
S2396,28.238462878092292,10.589528874510023,35.47853435565973,9.734990951962764,8.054699874451776,0.9646754413586924,41.46546555576029,92.51055267770437,-0.06449468257195927,95.68507287809177,1,16.64734436606407,9.871757748548248,3.9803748190696817,Low
S2397,40.12834225782303,30.459933645014253,8.909122775558616,26.451955744443982,31.555398614956225,22.618434266667347,30.880100201054134,60.39585823578465,-1.6424823700221152,53.9446478759404,6,17.163600712470927,8.87614349005776,7.852000549202636,High
S2398,17.161491098968973,13.790164884312698,34.95796296905739,12.755680863873852,2.5013610399836104,10.858639892519587,32.63946122883926,96.1769335809735,0.69110151065313,76.42527064821071,2,18.3694970386116,12.487632463737341,3.9981837712366635,Low
S2399,35.46682941274725,27.799916995100038,23.754484233233352,19.550911992036717,17.644111322337643,23.91307364129419,33.127430950997756,65.92685649247113,-1.673776517345787,72.56401005719012,6,6.959814235125822,14.232430146813096,2.317621666613076,Medium
S2400,25.705542253366794,21.16737935265252,43.4889723474861,16.697637279879665,10.475662707049638,8.559747274017973,37.35424091583278,87.95256069167803,-0.4110056977989789,91.05888151422333,2,10.235380289811909,12.886361307447512,4.135608749739193,Low
S2401,28.169622140735193,15.461267625613957,32.64008137760443,15.19808760287863,11.468538995154837,19.346802127246402,26.279644112860197,71.88757361905637,-1.5989987129628513,100.0,0,22.714091074484053,8.194410609356472,3.603300721886986,Low
S2402,26.531818698142352,19.854037550178294,38.35132179022751,4.544355683194646,6.184519151137304,6.543401336308861,43.1870979192549,75.91768880853122,-0.48395916023996133,87.90619341086136,1,15.373721942570214,17.68328221095355,1.8431717964964853,Low
S2403,37.22236753185329,34.23107523769799,16.678075684488746,13.58325899301562,24.414375027147827,22.48507825080047,37.64905746361897,61.88275494367211,-2.0529450773921836,58.69739526220182,4,4.078923003386668,4.7076944016977915,6.995187260354976,Medium
S2404,20.421402611258358,23.658128020282778,35.064397295823255,9.426124770142499,11.717252262260647,6.970967413226626,40.56748606918492,90.01499762405969,-0.9040014648880967,91.60056426846037,2,15.42166497582514,7.638063635374667,3.686719488554707,Low
S2405,17.88952284950235,19.582726677286917,29.42339150173934,9.809181922784795,0.32222874324209627,14.319427500462343,44.15312800990773,91.02583734951753,-0.8239035559305923,90.1791211669837,1,18.588457839924395,9.91596984439134,4.090977005586533,Low
S2406,35.306572925334955,23.16587433648158,30.811860259666425,23.144128148187075,14.400021945622456,28.052507271579532,31.79038132749765,48.269223023781166,-2.1068934321267894,61.202381891132305,8,13.269897306163733,6.833610253455203,6.088412594022692,High
S2407,24.59696840096568,20.167599093015735,23.958659754672638,5.77307261135201,5.541452627175948,11.823966603885895,34.028070739313826,85.75667818528429,-0.5163423230826327,78.76355518652805,2,18.130971603987827,5.12855433458266,3.0433996894342554,Low
S2408,49.74832245174177,30.9359290809506,25.028217720106348,22.091856282781677,17.272119479679457,15.668922267531599,38.60634795769016,52.94440185108199,-1.0622503096002944,65.21540895547477,8,7.833059298004196,2.4237727306087846,5.020184178026154,Medium
S2409,40.71652957393828,33.857930104513784,19.388103913886745,21.091546072528544,19.192982775323827,17.87533361697526,27.87089835803961,76.50253384353108,-1.5410455498591589,80.33000461179482,5,13.076320254802479,13.502174155757885,5.805148162969548,Medium
S2410,35.491567476451394,24.65874631120445,28.520046848086622,17.08136474813434,12.16479181630513,17.53967795279767,28.616148863805225,77.47404781026891,-1.9785256779591784,79.16017356093403,7,22.79972434544931,10.456837580417275,2.4046997962406755,Medium
S2411,35.50140150989999,27.744777636384747,39.172118062249105,17.27997320492499,13.542877743362007,15.139328774940084,37.380296781937325,70.22168189450507,-1.0061639076521098,67.0987186464514,3,8.367034485475454,10.092656812248146,3.9019051611330884,Medium
S2412,28.295292643810352,15.777011104413727,35.24974960205936,9.90590273742983,5.977342137072575,21.38426779484221,39.80600659983041,86.30301679901702,-0.30898510283145236,98.80345545069002,1,19.09244725834584,12.599755102576594,0.06804199545732725,Low
S2413,28.299850526841038,14.645408059804556,30.73932030806842,8.579869984186692,12.923259843744573,19.26323192721975,42.870495635496425,78.40214909880369,-0.2051225799256322,76.9012046740301,4,11.478261401628785,15.088666175249912,3.9869799926296965,Low
S2414,31.210560103889968,16.899943922139506,13.990567356596138,16.45748915038356,17.414363501239677,8.151549299955601,25.57969396383532,76.64312779532561,-1.342164420871042,72.47076785025882,4,12.952618314065559,8.397787041667355,5.04643968572723,Low
S2415,35.314242236682084,24.989576089045077,22.717689196439085,19.424305258565436,15.752055066065068,14.684794432615659,33.368087825439325,57.335051140603966,-1.512048731772126,80.15437860587153,8,18.407514993583618,12.405176461300558,3.8687620561683302,Medium
S2416,19.67386656394015,33.41680539438989,31.76800965252738,11.798001442802498,18.615969715715497,16.752095973099415,29.164524860129657,73.76394390597814,-1.3655914521799684,90.76738720166517,7,4.9692541058615625,12.208227662622766,2.38632559497987,Low
S2417,19.725041163292772,14.246160725724941,30.99244742919255,16.424967417603714,3.9545625765614516,3.094682784925695,44.50349426775178,95.19195202915569,-0.4952896376041579,95.3153702074087,1,29.736500730454786,10.666625673554753,3.743934183491835,Low
S2418,31.47196755400248,26.961909033505233,35.958818539934406,9.099581629860872,8.536969160037916,17.88427562800749,42.93310565986761,61.60786524041766,-1.408762452987156,64.3975475703061,7,7.4501014090147955,13.380510238282373,3.46340261038213,Medium
S2419,24.737870817008734,24.571678835542148,30.339587192688242,10.85766403147788,14.325044258170196,13.507625253820871,39.63387953978825,84.67315864322133,-0.9335106626042355,82.20280686284832,7,5.881191118981556,12.514609730491973,4.661505450057203,Low
S2420,27.542299005857785,17.80058140442064,35.277900484470166,10.17263808782786,12.048919029591172,14.925778341369774,32.52379939367866,59.398345051963894,-0.9515410711968907,67.54703734079473,7,15.14207797502359,7.510495751526557,4.043336982786068,Medium
S2421,30.52707216835859,20.043127412903,30.815408898389975,13.755365191314349,9.171838711262746,18.015727753172122,31.899158250978388,67.85057538192265,-0.664525586968114,100.0,4,13.523785260631572,8.22983932538845,3.0111669457145775,Low
S2422,32.545807851207485,25.08836166782877,28.119392661484888,4.170431420291852,11.57634219830841,20.89259208817308,34.04588542946871,75.29070472067447,-1.1193902931093045,83.36477160679325,6,12.727648223925566,14.132551006943277,4.611675181351654,Low
S2423,31.421696080281276,25.082048087398373,26.2167327161642,18.01747610825097,5.8088362082294305,16.31876223008072,30.98304813869063,77.33296072131233,-0.8639095427420115,85.53113146793376,5,18.443279548506844,15.88173443211211,4.0327620512283,Low
S2424,39.29978130504644,17.500074956053123,19.574539702979333,21.491849429761643,9.230773392849247,14.868735717955989,32.80952906120359,63.59571440481326,-1.7004174739958935,67.09769924204186,2,7.88987617958003,11.142467125721595,7.359172542009392,Medium
S2425,27.986049408462264,21.32045917329731,39.06837354813903,9.41782515321606,8.38382087764906,10.258790650469123,33.82060379550617,79.34022993621848,-1.212450727551582,100.0,1,20.83996435981466,17.21812539163723,1.7343918595131336,Low
S2426,26.651120189405816,18.764766571417148,27.542139513447733,10.278422862414482,12.605196632430726,10.835086138995305,28.450246078423746,87.44777561562219,-0.3816662505826305,77.94073422317794,3,20.224446052012492,17.322793396871436,1.6427358950421107,Low
S2427,26.22478757595686,15.25451422929256,35.97483089163188,10.743839613020947,13.166174081558594,17.135554118799,40.84457846229251,94.47197103167584,-0.6192620068953305,82.37221800403408,2,11.411831873854602,12.947815827995194,2.6953785903122744,Low
S2428,19.9584843444772,23.976605858894526,26.631322054834364,13.267102988576845,14.803604539123786,16.420151204695873,39.27080543046576,74.43835270589007,-1.5617735469855754,83.53452447092202,5,20.960916053886073,12.877340759831737,4.45254702768792,Low
S2429,28.331228998020766,30.81696372827067,22.350113493057314,17.010350287168933,14.923513539952154,16.63259028941381,46.09537790148429,72.49310381436644,-0.539975295514386,85.6359468747651,5,18.944777314775035,14.39629156686976,3.769091616066872,Low
S2430,22.2473678789969,17.803127527590913,35.47686936795638,8.315489406911738,13.50650401761554,12.784254381170257,35.49818717346311,81.0442894341969,-0.5059389499096258,100.0,2,25.479233885061227,8.888812365052498,5.648917192177068,Low
S2431,39.331475019097546,30.235123883717435,23.514872017798794,13.613975996596833,15.36546595105757,16.120406858999406,23.988835657095873,91.39718544185091,-0.7075815839495754,89.23463725347631,7,14.422984205644664,15.401024050509644,6.154233858078562,Medium
S2432,33.69303486347007,17.401464880432094,25.392517490916177,18.917028390610156,12.268664457197179,21.574906958057777,40.08876917604056,73.32505943671767,-0.7514256253954561,85.3485216773892,1,10.062440080044496,16.61090458715972,3.61320773699315,Medium
S2433,18.949411483250845,20.151062240772994,24.134859954019213,12.031993596381978,12.697157254660208,8.663524061456567,43.317864773479,94.69777860696557,-0.9969103026884258,80.52370713526672,1,23.571849338078135,10.248438292118625,3.2207659498308514,Low
S2434,32.79900515545361,20.15559187562026,26.145608811577695,12.164816443956031,15.577201738022262,18.487106218473702,42.92157537586377,82.09961753497018,-0.3208456650643031,73.6275391673507,1,15.526639468874373,23.334566939520954,1.257433270725767,Low
S2435,26.353144572357323,17.853417211261515,34.06210630161646,7.914735051076795,6.2677803813707715,13.955731453160695,48.10625488155516,86.63515916591969,-1.0606913342264082,85.09046442087954,1,28.24821288811505,17.600832233863375,3.93824388532365,Low
S2436,24.437581688454056,17.427184022996272,30.343513341561483,9.647977707370778,3.718624237034044,7.043798653213706,46.95882385564613,77.98063692869422,-0.5894551906202993,85.97732673742406,3,21.201465283542156,12.826036203252055,1.9564697826105353,Low
S2437,30.685354645978087,14.081952905472232,35.568914698539245,12.656074771602306,3.068256163676267,13.71661319109624,31.245711312855043,86.10581277077753,-0.81041735405299,68.11928385864476,5,16.39821231155748,4.376124263333173,3.7452540059162867,Low
S2438,14.3327859969222,16.012011518661907,31.78633070889236,15.52686122636199,13.273743303830665,13.660179212450572,46.56393616265137,74.17510282837081,-0.9332118735874663,95.02554649065675,2,12.323198508329362,12.453312282353654,2.976169034275402,Low
S2439,9.138459594001596,8.892051673647543,48.0,5.708575459638724,8.81194883598352,4.020803773810101,36.97775963462153,83.21879576066036,0.40222530952942803,82.58719230897516,0,18.213308257886894,15.844645663373441,0.2929892659904487,Low
S2440,17.874456860552662,11.479736288888631,35.28482170078896,5.436030706068257,10.189213514316613,3.8397407341559306,43.283499750485795,89.99581161611547,-0.15080029685394497,79.78672686014758,1,22.877936543674288,15.024778385137084,4.0038969842449434,Low
S2441,28.52390318728172,23.624585621700625,19.91985197850009,12.318131448470188,14.119622069472388,9.181268643833324,38.44547445252238,77.18513649449477,-1.3263605336578148,79.30741828678335,2,8.725503956893524,7.2682250832303,1.9678016584467264,Low
S2442,44.04603113645621,26.852984181444665,23.891578131488046,15.961954814182668,13.201260392758652,20.210686158031933,27.609420458553906,63.90108081172057,-1.942541245446997,58.044596086845516,9,10.109857230501381,7.111167781171359,4.498121449555385,Medium
S2443,29.08082826366891,27.924695417106587,25.41473108865286,13.126701112278003,8.086555595975792,20.622878410780054,41.0769634015059,66.9382941580839,-0.09992363259393877,76.6135780118874,2,4.865483730029499,13.012574953207604,6.221927075073836,Medium
S2444,25.18770374595258,31.642760037889172,25.644558097282935,16.53907673916444,13.871806679023749,12.842874963385004,33.480954590744425,71.26784885773209,-0.9949206643531159,72.14207636342982,1,10.256002847545545,14.344612876909771,2.4343081222965184,Low
S2445,33.411928538191574,23.895258301592957,27.654327054676617,14.226292548521183,19.12857328739752,25.135197004269596,45.965087937608786,75.43926199740089,-1.4355361517825433,78.26151965831755,2,10.718539147278426,14.61877671472865,6.830084132479078,Medium
S2446,34.01305755024979,31.351140886027157,21.25482671171077,10.707469854885483,18.26918681589067,24.602397209569048,28.83068019797733,67.22545368338314,-0.739743878127963,76.03960470266608,12,10.73850871834899,10.20307671494746,3.8144802992869544,Medium
S2447,20.829904899306648,18.00136455763889,34.851403546184706,11.250349849233013,1.6292050893430599,10.95747240093613,32.54294965337689,74.14442126633318,-1.1746227103570397,84.88376655332638,1,20.050368055688633,13.728846741191337,0.9607537083929154,Low
S2448,35.77575617597258,43.119926954160746,12.817995505497631,17.553898268020088,18.838613150628422,20.01536536484784,28.869524196973977,61.06388288794747,-0.737145231544926,60.64736683945851,6,14.92492366688626,11.323460985214115,5.646404385548542,Medium
S2449,41.129140951010406,11.555924330995321,33.131831734702295,18.955487949291957,10.980756791801516,19.087901107382628,43.149128249206655,66.68639094055891,-1.5633461639040902,65.29434757084061,4,19.930742874244118,10.719987752486697,7.3622098329175,Medium
S2450,40.573978102980796,23.40633394757154,16.53427374752343,21.328410540823686,9.625515979134255,23.600328460401563,24.599477717720898,66.01701768183644,-0.9420174787102518,62.35295142771713,4,20.81924350835438,4.08196246985873,4.98977919466138,Medium
S2451,23.82212688412789,21.233944089289253,31.195798524301907,8.7224138061798,7.6367705881263905,12.940261862114038,43.99648670755042,89.6060417551889,-0.5358305366523048,85.70949173634402,3,24.148022644810503,19.896226872152713,4.213019160083101,Low
S2452,35.27327284648186,16.83617020436721,26.403236379286774,2.4587794673022003,10.690621504352574,15.797560295774957,48.193814465436205,74.58123197323806,-1.3472513968124769,84.33765045635474,4,14.742484255474885,16.446683439005678,1.3888893366747017,Low
S2453,38.108426934400285,30.28098591779823,27.497549327848233,9.595947635804041,15.811076900786864,18.48102782872035,32.75839559362438,89.84240231102925,-1.1558290293963014,59.034615694369876,4,13.698648123110136,11.711997457144777,4.563004792259914,Medium
S2454,35.974807130227404,22.86387320154451,27.777351461067056,10.474636422850896,14.100388537990993,12.889119433457452,33.559347114229936,86.79697361718686,-0.3425287771863444,73.53552042033493,5,12.290032495356737,6.261667089398238,3.5869720333155914,Low
S2455,26.347005273541896,27.844534699086218,30.120061112306814,13.292364109568965,9.50541457360015,9.66226969163058,36.219480463264276,86.13625791031373,-2.0261818653057633,79.22263180871681,7,16.141349100374814,14.9428561175347,2.237888900076314,Low
S2456,33.03351131712021,22.3809031165501,31.886016517209363,22.842083618794067,17.080089988381975,22.459849370713094,26.74478639484674,58.907754277336906,-1.8820223636693356,69.19437286106137,9,11.371680980551023,8.028655857225747,2.8734754615732188,Medium
S2457,24.608233986394946,22.208327908181605,34.85360535967689,12.509450928375028,8.768299476447563,6.904432809692218,52.717527219863655,62.65318348396829,-0.015464534888803727,60.97425058655888,4,10.48203921691546,15.782900431950527,3.223599085842981,Low
S2458,32.238715402466404,27.467952468606043,27.614448061545012,25.606954674426955,13.117317223608998,17.089605971139544,38.949931918751304,69.54618753563436,-0.814974085167727,79.79333198791491,6,21.17707610135197,13.130490460749106,6.904073598500923,Medium
S2459,38.00580706738405,29.823938496598874,27.133302070675327,13.199285754918087,18.822143754399598,19.900439757332098,25.594407934698303,67.55946974619441,-1.184499706029293,76.57761144957057,7,20.041377078493916,7.974553763396759,5.869066728387862,Medium
S2460,40.370035253121856,30.746381392713946,35.51055588681143,20.484486291709832,22.73793995387597,23.389110314290342,27.657215099928216,62.4555214753282,-1.0344894609683752,60.420230577887494,6,7.210014870206292,13.208126898818925,4.725355979613315,Medium
S2461,35.506817172892205,25.52518879488394,36.44065406860644,7.731150718918653,10.230914889843527,15.626551494556754,38.81828560846487,77.8636059103178,-0.2173778419386066,72.09467165481679,2,19.895954874450698,8.427298105650042,0.07250604808549976,Low
S2462,31.065604588291254,12.567842421112331,28.763244029049087,11.905923137402144,12.866670566724409,17.978710700522843,29.249773387791755,65.62919731630751,-0.5230025975722232,76.9501561098825,2,12.845285962802464,12.837897731764235,2.933775464055566,Low
S2463,31.36647130985463,26.777179799840752,34.30292813992903,23.159041660993903,15.078011358305078,21.077121127888997,25.3979015185325,65.10626808258766,-0.5571638781227654,66.34425994664878,5,12.912399728280656,17.173805264568408,4.128472583979947,Medium
S2464,39.4448228609402,24.52321514057906,25.67114507118507,27.82861154564085,20.962521693589537,20.06883776577008,33.97813058338891,60.80968598947476,-1.751949322402386,73.46093107422443,9,8.000377610424007,10.71905953126432,6.469029449614456,Medium
S2465,32.75306480771715,22.970737774344453,26.086338575112933,9.400524566898682,12.8996035467979,10.511616127811648,43.944648492939635,78.71736717088483,-0.42655692171926285,77.88544955369011,3,14.35457337904927,16.98080582098094,2.665085053161558,Low
S2466,37.638829078919414,21.79387598087046,25.678008339370038,19.429599445394203,22.40194104373966,14.58684191100094,39.999559828667,66.7703271437969,-0.6854265994618396,70.1686358725078,6,14.360701811038082,10.923893286683885,5.693602795774169,Medium
S2467,36.54366435887777,9.905574542934238,20.71560369404768,13.130002835987144,16.384124637804565,11.377734653793192,36.0076731644191,70.89504770405365,-1.1092151508354475,93.89028681625429,2,6.562520576647142,12.00716976871326,4.968207129956669,Low
S2468,34.69707263859838,32.595728236705355,11.02358600230655,14.387215552146461,17.09921303045298,22.98690318091393,31.50874797152933,79.28418294033347,-0.6563922782273945,68.91106215208237,8,9.172397773202817,4.642366812160424,5.3173378756367375,Medium
S2469,22.352793128577787,18.387024187372607,25.759097759831015,9.786162265986887,13.834657220553392,7.30493042732772,37.945580804818874,87.39203728954615,-0.32721583515966707,87.10701811527389,4,30.0,12.484933460764298,3.098510156578377,Low
S2470,33.717840917483926,30.54559961993284,25.413647757514216,16.742013877778792,19.582373630873274,19.321070643801356,39.07153646282995,73.56378930704342,-1.9506916879725777,66.66552114817743,6,4.037015050932919,12.189981992166956,5.491983599810699,Medium
S2471,33.11777974366342,34.23721427297059,26.676425927286665,16.85109206150164,13.463111011544632,15.033243927108781,26.40830703350531,71.00338004895458,-1.307009514299278,78.61715371003592,11,10.837235942273924,5.783141001402625,2.408382900851406,Medium
S2472,22.54376364124031,23.1451483817354,21.814438675193955,7.879795415593047,12.910572536667152,15.550146148097436,32.191422670767736,68.31496706412807,-1.3217076234100176,85.656123225014,2,17.667655107232417,8.632881055810618,4.652601408753577,Low
S2473,24.01393028549876,17.87751240111007,19.20464945027379,7.650960056295208,2.312549448981291,6.791213075033781,36.718218168863,92.35429866976526,-0.1600892253317906,100.0,4,17.883758020616334,15.864970085873983,5.053504797269536,Low
S2474,34.21021175447061,24.88226853378276,36.23560952347687,16.341221441837472,16.36396379150455,8.265086648819144,33.487253710960644,83.07819478407863,-1.2012642800350175,90.4640719234133,4,10.109374781200845,14.259387821500619,4.618597860441592,Low
S2475,35.64523289878559,16.42454201859917,30.200952886953235,14.978086817427908,18.452151861892204,20.41174584269297,36.09263727874162,89.42059106782672,-1.148459908014407,83.18758595751419,5,20.54345028642512,20.19590369001961,2.616236355938652,Low
S2476,13.236192228001338,15.553764494244145,43.111769028956665,7.869443562191828,9.757464886143588,11.846512649776034,39.03558198946253,92.13660075301014,-1.0530687524200337,91.44218522644488,2,19.768887985170515,13.251257151117992,2.3970269330440455,Low
S2477,32.79356717217293,38.88085685580094,33.4830236083232,25.549799358905084,22.396698511248506,13.351280761399815,37.03846628318486,65.48801433699305,-1.7970252846178054,68.28623845502383,7,8.475943551153012,8.407153469594723,4.850423358151963,Medium
S2478,32.533162300522406,19.928111791625525,34.305102048716705,20.57301770263236,9.611012407636348,16.423953843985323,26.020998695795193,78.07750358421718,-0.7707206416100658,76.86014292900025,5,20.203822945568877,15.604665011688232,3.7421552391395085,Low
S2479,38.172920692527384,28.024375782059362,25.001528430769028,17.18631711816927,19.347530286993383,27.27567638115655,23.48913764554497,69.99250002607019,-1.5664448781751137,68.46107131088611,12,9.080630174847412,11.760572743206087,4.983103262733541,High
S2480,33.05642432241388,31.551354092906074,24.914647890542852,19.146200787109443,17.031994356144978,16.546682823552512,30.875868973023053,58.90655757375277,-1.7366698642847211,62.93139427387554,8,9.465987491674365,9.860627263127828,1.3372022387920648,Medium
S2481,43.4684584445831,21.012908091516206,29.02206559248073,27.177752107659344,16.126767056651467,21.687411041004665,38.32186043750759,71.0997715302912,-1.36122810735516,61.864707079529,4,14.70738664934505,9.398931153389416,5.572981432258688,Medium
S2482,15.802044612986588,18.78207275587859,33.529763429165136,9.66594314210317,8.348143852594493,5.474733316035124,35.74757507631978,84.92197457358884,-0.5609121709089869,99.92899062284181,2,13.055863181542492,12.21438243878489,5.506886545417003,Low
S2483,27.03611478973142,15.599409803375977,25.05442737283616,16.41310337810838,14.508184269975649,17.477147324104116,35.48160186315368,92.72406786422148,-0.3934359128323064,82.21681620667636,4,23.6629585845422,6.95823073509918,2.131782796316183,Low
S2484,36.327843107081826,33.4442654478472,10.076330496686884,14.16089425635844,22.58275424878829,28.225849092757862,32.544681606352114,58.811457624136914,-1.1102674683068408,61.08503459519147,10,17.71145051597071,7.880130477488624,7.7578346209537825,High
S2485,15.546732102790454,19.37697061581478,31.13460475614603,7.256714128662208,4.919812542100859,6.173546994787989,39.65207160386087,83.7005152136354,-0.5774410178474896,89.37310995759448,2,20.041055127807393,19.294970913064763,3.723204304651102,Low
S2486,31.523129448867632,26.749234229419116,35.064600255905,12.038817625536092,17.92290539815742,12.731307940683669,45.04383396048348,75.95509810292684,-0.08066036383757691,89.67478606236567,2,11.876740552613438,8.650824082638236,2.793401217773828,Low
S2487,21.512358338529808,13.238925168197037,40.07992671514356,13.850059871714352,9.773739063967948,10.038015052659782,42.51721656054298,78.6856306357284,-0.40061146955314964,85.31249174705604,1,12.680168626736346,7.939433319641914,0.8103471000981468,Low
S2488,36.0701289722363,28.112540988298296,23.478892454572108,17.865268246230436,18.73639021082443,24.607351153951015,38.09092564843928,66.02993057633276,-2.2290158431257243,51.94297216727646,7,0.0,4.670083836535126,6.340943821093919,High
S2489,23.310499515554547,24.62236488424076,24.941162808075006,10.960601397822076,10.295841129537864,14.562135314187472,36.08817169641934,81.70804676417039,-0.037596164728331605,87.41344694189284,1,24.298598151857426,14.605621321164715,4.116880523905883,Low
S2490,30.568331649693693,20.97648950691952,34.0222240660414,16.886753905467565,12.517781725861292,14.608136374087822,44.57819708546525,83.262547520206,-0.045507950895713134,82.2387369976716,6,10.03742315950992,13.304893034970782,1.868967363628201,Low
S2491,26.521849796827954,27.189214198339926,28.599078892346498,10.308840497496469,9.254767590050182,11.724564597109215,36.22382702575463,81.04321322857663,-0.34385257993224305,84.25429320412212,6,16.723518222712595,16.71828054790541,5.492446651354479,Low
S2492,34.46527930055178,26.73180238345222,24.791482994134004,16.80231207023783,19.373998048386643,21.695596945024747,22.925102160021822,72.79676103022946,-1.4505196643678255,64.05033549416243,3,14.583331661359871,14.971881419221061,3.9298417906943683,Medium
S2493,28.159848591176708,17.46239941395111,22.74614183050373,10.286251821606283,13.074478431415557,6.273682582787111,52.40474087516503,75.24023261510186,-1.086797458046837,73.6157524593349,4,8.82274988348925,14.313857999318085,3.9118947991945134,Low
S2494,31.22192301507496,23.579078083906573,40.0056821311298,18.664289475067815,18.26157900565457,15.202328377873764,35.19917112611167,65.90953963857517,-1.1907329534279958,76.80781721109804,4,10.884322120556485,13.539871897747254,5.593779535810997,Medium
S2495,27.73537126651818,22.655691730595336,33.70176501517404,15.273564136761216,17.92711755230786,14.473236020200796,39.35955122356491,89.88929261996202,0.4743863584674076,81.28323465838513,4,9.75184760175981,8.947189553348906,5.253288435925281,Low
S2496,23.23743306264837,15.747071878637726,38.691504214801455,9.357150501345107,7.422294659665801,9.973336691057098,32.66435200126762,87.4632034645852,-0.7732389051002513,88.44661482992545,2,22.856634778155914,17.017853599764972,0.9777538096895197,Low
S2497,21.47889313960644,19.949762160886973,28.849259374184694,7.101654073788862,0.0,6.260882646724578,52.533459998521664,100.0,0.28052621620960716,100.0,3,23.406761899719065,14.045291164181156,5.3418156384704805,Low
S2498,38.29258503475589,22.45703395876538,28.49342505014164,7.60960672292241,15.897572563557233,19.257075930352887,30.583761208723796,67.15542700941586,-0.9776104075695102,76.29401695356252,7,13.191655037825218,14.677523095315392,2.947182808458412,Medium
S2499,23.29979876198433,13.501622228285541,33.48595415973306,6.925425370092628,8.596598066550616,12.506609326732855,37.00513070976876,100.0,0.3353984097768763,100.0,2,14.96614683891266,16.128033062258478,3.6834426556642876,Low
S2500,34.51293127675669,26.77925942797242,34.271566900886285,12.449217761529003,17.720533487460017,11.459495624125987,27.21143208837194,69.80289126530916,-1.3527942441322995,87.56974681246524,2,16.603003770396693,10.215371839006249,3.058157208514892,Low
S2501,27.810947290610205,16.69606800268815,40.30327536957976,11.872892830136765,12.754379229359028,11.753672020897666,40.28410926464049,79.83116461217185,-0.5054220822449994,78.66734972272086,3,23.25169670509515,9.075604117692535,3.0296619456417235,Low
S2502,25.14714860433087,21.68953334264521,19.35116283288049,12.699678063959338,13.988189195346518,17.315212309817568,33.61521200239224,77.1022144067238,-1.3881639819496523,69.12176104353989,4,6.957422161047845,9.242320761839704,4.160719862929867,Low
S2503,31.136263977593988,13.713751677442435,20.19538139812802,16.309267024215774,14.450615887100948,16.89226888124936,25.16739952669888,78.48168504445947,-1.534782508086921,62.4581634051727,5,23.878105279177337,11.281726047286687,5.4859901646857585,Medium
S2504,33.561463548669124,20.844043688086288,30.593256703937982,16.335004483781436,18.9519519914718,10.52083385784412,34.07379416771515,76.1019085856454,-0.7358345331276113,76.36696990690842,7,12.15610568782657,7.3191595519277834,6.332473090274489,Medium
S2505,38.16611814948461,21.86597988388791,23.65748588544234,13.208898661264488,4.333415787016529,19.581785377784183,35.03921111945444,55.34165725304774,-1.6654349168448177,73.66662764512195,7,12.77037569928909,9.964891308033765,3.8464357507675535,Medium
S2506,41.085138095664014,21.456205524237053,33.021600842165924,9.543747873131295,14.206772503170871,17.928803006275313,33.93671470836561,69.39626848388974,-0.7707512019064107,87.48703441320804,2,22.519163740058303,15.687946405204585,2.9737165669253205,Medium
S2507,32.6753979010815,23.466210761269732,23.703963800397407,18.60707012639432,19.651858811254975,23.633722911339067,23.036218725050144,59.70122726624504,-1.1798029268863615,75.60684785215862,4,12.474905440145642,14.868849765733858,1.9252307001902458,Medium
S2508,31.658809639384433,29.021274061755598,20.67783472717939,18.137075620967092,12.711392173553222,14.676467184749626,37.191763184198116,63.01395651771172,-1.3875049551154108,66.4042601115551,8,14.010785004863195,13.270283953962858,4.546905536799148,Medium
S2509,31.417927305115903,17.05895849508377,19.992880529293842,8.435056867646857,8.812595597395969,9.85990525895403,29.426809861449588,79.48442252480993,-0.9623302005796228,79.43413079909519,4,11.871922153956813,18.079242395854987,3.2300778943838178,Low
S2510,21.3149908152599,12.780170834238605,36.94229050616177,5.412232587255638,7.3343466694990465,3.753373274004162,44.69365075357146,70.86164615478742,0.03863597497209478,75.54990273808828,0,16.34455188354481,9.425206097627685,2.4839442175906687,Low
S2511,45.38272895485829,29.508067037975447,27.754556221926926,22.047992933377405,22.754603177381178,9.10994702376281,29.802636051663566,73.97211344548609,-1.3855478287053822,69.88739065160028,11,8.231412183920753,14.698216978723444,5.280150970670567,Medium
S2512,33.28974594172307,25.514535254585088,28.804085962955938,24.72977854626735,21.224824723789208,22.00637091492206,37.55424101657748,67.91816135297246,-1.5831472217968263,85.28009743473285,5,1.5578102886409742,3.1514917817990673,7.144102298165519,Medium
S2513,31.000225726043244,28.908061693200505,32.40116594863778,12.013802792215857,7.771197686747058,23.762900967359265,37.04044669932734,92.30110166295925,-0.725111107758695,83.8703443481076,3,5.9458604782369555,12.60490540233223,2.762372691272719,Low
S2514,30.68370320407442,24.884893501329046,8.04980591330865,12.53091594323521,15.154626747784487,17.545285274375793,37.45531414985223,71.18714553462101,-0.7360725604287891,84.86126386414955,6,15.317542552013816,9.398844798428486,3.992251130844737,Low
S2515,27.513664763208716,10.562342256772812,36.96852188409742,8.530976371255406,11.909085331259082,3.5743158084868316,46.95639582853961,79.7991879772914,-0.15105876067555574,92.0559061071478,2,12.25304647894364,17.39444111349225,2.3028294521373343,Low
S2516,28.008615405747015,26.227022358639818,21.636240015969413,14.002822850352537,7.313500624689469,10.71581408853712,32.0290627891897,87.63960732396642,0.10373243922915121,85.5294390145963,2,19.56808166125084,6.27288372946999,2.098125820182452,Low
S2517,34.185550043791594,28.890895859009724,17.956925639984444,8.496677594561636,23.19838329339258,12.476473570223368,29.534178820635336,85.40322612500289,-0.5136940252761155,78.18541452635576,0,14.22682192699239,4.827593762662571,2.915946578815853,Low
S2518,23.430493660261458,13.030378228574342,20.26535835159547,16.409793469332612,8.364244426188504,15.709176083196429,41.4637344806538,94.24259525270084,-0.43953994446829814,92.4609394837176,1,9.776986253011536,10.885801224477778,4.315468623735895,Low
S2519,20.643188535693596,12.894282830811111,19.72878523194484,9.816131519376265,12.141807401517392,18.990264855650597,30.255648986260795,92.7230994015625,-0.91293240514725,81.38043016212465,5,25.391721982881084,10.611145144403574,4.1658824024379335,Low
S2520,25.123088590991806,19.835217187940792,30.758406423420297,15.80661136879403,15.008403403816684,15.035195557134383,31.263686205094757,77.95041760375372,-0.9982434088204921,73.37763061740877,2,13.135613216785039,9.561339504947622,5.08012929879645,Low
S2521,21.541486961922153,14.922772720314878,25.363795815236195,8.9515813240989,8.506911865893736,14.753355529674165,27.025631159945615,74.07158782595657,-1.160001847354756,70.66256498119326,8,18.376217927797654,9.500622857833996,3.496475450634011,Low
S2522,22.839303839701532,15.13543556570677,22.85770957417914,8.293275457117964,6.827086346351844,12.522136559840032,44.89249625440596,88.8154550739455,-0.8019809675750234,86.66603432507819,4,25.798549474226917,16.13447030114011,0.0,Low
S2523,38.54440182744281,26.58894503013228,24.946319368919934,20.09750275743238,17.501442398417208,20.885104213548264,27.189165569052562,62.68344736497169,-2.294180581860768,58.974277164558885,7,11.677089516003436,9.225242473679328,2.9015553621663543,Medium
S2524,19.492731715965633,17.947475563991933,28.044365334688123,0.0,0.0,7.597322103598174,35.86096686566575,90.09551930459142,-0.04831748709394728,100.0,2,19.813890369930952,21.025685477246135,1.7122916208424495,Low
S2525,37.413657155766344,28.545188840470107,31.032129549733135,14.53450111991138,20.10906543954664,20.645660672203206,25.69015438294563,63.952400820604666,-0.28004256282138784,65.2743524882118,7,19.307160937709178,10.66786595035587,3.0081074910211383,Medium
S2526,31.338160271751324,18.390904615182237,40.60305713211047,6.229870232747324,1.1349263594198327,12.455993273038223,35.62196608910125,84.90378964095451,-0.3150167155524643,70.98585120171809,4,16.05181883364377,16.87665994250054,4.749887180604272,Low
S2527,26.4827589218285,19.840286856141017,28.252271587249933,7.1416065125344135,11.589207488431422,5.974824138425992,35.51425714738422,87.2382665428789,-0.36191176557946203,71.40428901386623,0,21.012219766639827,14.416844812729597,2.6003789435223985,Low
S2528,43.15881243753124,17.626085208026886,36.389248350667984,14.590194798877135,10.562422934549728,14.1645285319067,40.372930359700156,71.16414420867494,-0.43668716474766894,77.74861890802214,5,14.13013259301364,7.740651187365183,3.87944564631015,Medium
S2529,33.4292160573607,25.680989483836203,37.46174392646974,12.426070201661508,14.265397204071864,9.761064237200618,28.2070616434549,72.47472883748377,-0.915589308255616,84.77403773269617,3,16.218122238567098,9.827822072265455,6.533398904439286,Low
S2530,27.440813232001236,24.58722426002049,30.452381355351218,17.435182715985025,2.249624586661662,16.174768013902856,33.02429166452714,77.35529295019231,-0.7839111905189999,84.35071189401059,4,16.737509445559436,16.280457771275522,5.231063499313963,Low
S2531,26.548331584050757,18.032830689184323,40.81291556652164,6.634371373958915,3.856568296834581,9.586351884059335,45.477893983248464,69.86328157226623,-1.3100407322578027,76.18713563853466,2,14.480698431545157,5.448653713995287,4.048757107059722,Low
S2532,24.140589052081815,16.839215363150736,25.76128466813526,13.283984582405584,9.2234586898184,7.819910499507024,42.57386329527341,82.45922949739071,-0.636041705673763,75.74018154297225,2,12.919041601833579,14.008658542082433,4.167928875724055,Low
S2533,34.11644734810668,34.176547925669176,14.72144974192525,12.87566578874917,17.33179885599083,11.382072603019749,30.235155476499497,70.98910618700732,-1.1116579340333763,66.70122620994364,5,9.899384314589325,9.728584715804352,3.7147253320014144,Medium
S2534,22.510500820645397,26.888437444905126,17.682642633155545,8.786224777200305,15.475698743070383,19.517770264516756,34.37576859332293,71.07101556554231,-1.4935707459695198,78.22351071717979,3,7.12903907991573,7.758532312931376,5.805480953343989,Medium
S2535,30.319952529641668,20.217738779264312,28.569219079861337,10.584112738676987,12.110735563966246,5.841160816148369,50.19176277452954,86.97165058464412,0.2509817752476916,89.46456643563597,5,15.827296455132172,12.641703074762688,3.1272898804792866,Low
S2536,23.367609482872915,31.1612700898662,27.73541420860544,21.642926543706597,17.996076500800413,20.80386189167506,25.85584098656132,53.77745572370841,-1.7843706586077375,63.4997131807609,7,10.296910013155342,15.897191475469418,5.286938445385722,Medium
S2537,23.61512239128018,11.712675526646287,26.027242278977745,9.933568760532735,7.381617279539965,15.329123602802516,27.109886943722813,96.43630505629223,1.1511775244672282,84.2741337300714,3,20.402590533818834,7.014866494624332,3.6428237490514674,Low
S2538,29.971126364055003,35.04924001662182,21.53055205702591,12.28687253932273,12.011255624812952,21.308872055995582,30.50700539722206,63.87531284003104,-1.0535625646476,65.71076559497064,9,12.006840547495523,5.104123446091062,6.126634231133717,Medium
S2539,29.163486073036136,23.118013801402327,19.901513469155983,15.46985292766139,13.22847176836364,15.108553615280718,34.43198092939881,69.26481318255236,-1.024486915384689,74.79688379344574,3,19.305677228438718,3.19370696845424,3.0769163843149228,Medium
S2540,20.505987926369514,21.803608092430505,29.06253953433996,10.082839991717787,7.345996507890952,4.262089895552833,33.84012823118847,92.20685154851766,0.700131258039278,100.0,2,23.546026013001516,12.170543506365103,4.048420989788735,Low
S2541,45.109561462482475,34.67730817727209,33.767398138560914,21.193785554234697,7.927611424392836,21.363545016846277,39.66888727042994,73.21586419120068,-2.380032277161433,71.72248461353915,4,19.295106421253877,7.5474901149885145,4.967947557013226,Medium
S2542,27.23283275824007,25.606149188564416,29.496003573620747,17.712447904823843,10.618464757370706,16.702785097425863,36.16429962595236,88.14218154697903,-1.163037826777205,71.90861738278834,6,12.86873391773362,11.562512782409604,4.674668130267771,Medium
S2543,36.192406790710905,18.389495209716646,24.565398960402828,18.15742375085004,15.220623156126196,18.540917211581665,31.724989765516927,66.00906246812507,-1.1464623113769197,73.08995396760311,3,11.866821473568963,9.363333385169923,2.3507684545991028,Medium
S2544,31.83389346625246,7.358154888503922,38.70369614717089,14.095026821957799,10.060930161504327,1.7735731613228864,34.35332434178305,74.05417201345573,-0.5731191270896011,98.96414058745711,1,10.267308742555837,14.873602885188104,1.2784669748892363,Low
S2545,18.732026296052517,23.147254791304718,28.899491049624668,13.758793970128858,11.493371063628526,19.723082853291036,31.35224572071151,65.83921078684033,-0.7208718645073049,84.91914336362257,8,21.538525364845636,8.513343526583519,1.9025974392855836,Medium
S2546,22.247183096729188,20.509879783091858,32.60756484801567,11.253278313051776,6.403478208853324,3.833842846485231,42.84882451370967,83.61465436329198,-0.5312047352113843,94.31137380053387,2,11.672179890633574,21.68610600027501,6.65437609725582,Low
S2547,37.406740290328635,20.08368019253201,35.86598470428523,16.98626424858826,5.217248379595857,12.849669425981746,33.1710181578278,73.8571418116437,-0.09825455787143234,85.0040111468245,5,10.701957697722094,14.2647809897564,7.399362561521221,Medium
S2548,17.154933283032882,18.661467696588705,30.70699289893563,9.543542582374508,0.0,14.841284645324148,31.35101690974845,79.21729159021771,-0.08061730929642294,88.63439422713773,2,19.338866912708657,15.869518744765294,0.1931082554950323,Low
S2549,44.44229812342708,31.912458543018406,29.426892013697252,24.55672427878509,17.057910371439704,13.302386803397166,38.39104110700245,63.643331488543744,-1.2340787028963254,75.06081879925169,4,9.599277936972523,11.601737722901515,3.4187108439212386,Medium
S2550,29.774892620661124,27.861019376106412,34.15103653399358,16.389365735726155,18.058022620385255,14.333303256076329,34.39589488950538,67.93294746161207,-0.5579651342769373,67.47473281574214,4,22.501699764886673,7.659641864174011,3.2043979516274836,Low
S2551,27.655238854971312,20.225753446616732,29.35029485647554,8.838774826444316,10.87934371623506,11.906386538108572,28.656310680130936,91.22261975264979,-1.2810581069960416,94.6703695902801,7,12.341131484251175,11.465577384002183,5.252839672472015,Low
S2552,32.84689287268832,24.772839479971804,19.123179218270593,9.775548224331203,18.085192138072262,16.884461129958424,45.27715639556048,66.90693546137166,-0.8989717134185422,80.93801569250081,3,14.145649021052058,10.186199703190628,5.437681465063119,Medium
S2553,40.47742880271638,29.118654068879508,23.81740879764079,20.088885832951803,13.80374045822234,23.937623642580515,36.157453761760486,59.16044510725773,-1.3829322336392063,68.86388861740178,4,1.7293335119617392,7.107378721987465,9.004089979929438,Medium
S2554,21.199851531417956,19.950407130545585,38.23669400691659,5.057912110956737,10.436788549593876,11.320985515433765,37.88627739043734,62.535540233099496,-1.0403970995518104,79.3792414786726,6,23.291357242206267,11.698578765086314,2.738780554860415,Low
S2555,31.700616816257124,22.836249680996534,32.11697972764104,15.734674857132852,11.54720736508628,12.08237276407912,33.527837873959484,58.63208746425582,-0.5972171711741677,81.64332993928736,3,5.379715751935125,14.156257096391654,3.554541962197457,Medium
S2556,32.53002347108691,20.95179819847626,38.855283505992375,13.512015536946077,9.718343866818866,15.785010640655274,34.047149195470176,70.3478260691458,-1.8728693387716966,87.0771273175616,6,27.31359523484616,11.348498144026403,4.219283212434272,Medium
S2557,30.142148057047294,20.13106089155629,26.502967444622673,17.60982003758403,14.643915991554689,14.073566097882425,34.49248049884091,74.5952310820107,0.5192365298963734,74.55237850500961,1,14.969313624826675,13.235839873391077,3.590828159450187,Low
S2558,22.710019558279456,16.55244460454318,39.097467789059145,7.791364061579898,5.212214075356465,6.607369217631365,37.97300204071101,94.40559986320451,-0.0958758222073912,88.06595189238806,1,18.1004016966727,7.936000238176425,2.151866114419551,Low
S2559,28.88366821384296,20.74511260841422,21.476011416219905,18.893423580818293,8.441377681746268,25.32387176452545,31.47092685909767,60.56722176805193,-1.4258941306514408,66.76776364911261,6,13.85278881829204,4.0141241629917,4.6557490597974,Medium
S2560,37.48032330359028,24.20009213810697,27.61820741103791,14.49668227394393,15.701673953139792,23.950272999314627,33.65237043562932,73.57100782178775,-0.8366420593234043,76.4737923071266,5,7.756793079396481,6.642228113029834,8.043810422993097,Medium
S2561,37.09592135363902,37.21378421656476,31.754348645571604,24.289507478108245,13.989076876968445,27.796544849370722,29.757713654464695,71.94453251975669,-1.0040065811841807,67.87307397557338,4,15.386957833431364,16.289470455803713,5.473026428660611,Medium
S2562,26.142629857670705,30.71890079535417,32.01086945478206,19.81149647732201,9.335892749858159,19.736972228772796,35.72227367041798,75.75098683262837,-0.10063331044900958,89.5060590998322,5,11.215082018848953,18.539538134311474,3.2143816133921184,Medium
S2563,25.40525732946934,16.6642865451103,30.781169302961985,13.159444843776928,6.823324400914419,20.236017671374974,36.63429157114563,86.99831736498761,0.2461189146897832,69.82789477750576,4,14.56696881167328,16.35216449585532,3.17663273124507,Low
S2564,20.583777843315502,23.372405008854663,30.35490675771714,1.8228027309486272,16.82770950239027,7.029940250377728,33.77263318364822,73.61881861288965,-1.0698204508168863,79.9369661878134,2,23.99613093006032,11.802990175931365,4.1007874577335635,Low
S2565,16.598928542142197,19.049615576014926,28.346522647586983,10.627614309617506,10.670927496595862,5.56697452476534,39.022748141474004,92.73270262229252,-0.22628849283766908,93.27089426714254,2,10.853595791238488,16.340962005583133,3.128732463874064,Low
S2566,31.74758295773448,25.78438933059911,25.16737019771021,23.397327116010615,7.1154378332511925,16.113804515930397,37.60564212803268,84.33931015592674,-1.5852258628096547,77.71211712347457,5,12.23881583222985,15.527135548124669,5.644802080105189,Medium
S2567,33.91760567851608,20.140332061013737,20.628629353733306,13.725341688687024,12.058713729962552,13.564623850466424,22.121418211877053,86.01181413102495,-0.4969420924654887,82.59756792279964,5,14.244880166119142,18.945568248944248,1.6215597901699037,Low
S2568,26.47653131546576,18.580823488186653,27.174540172453842,12.815389081108009,11.457623059985032,14.622439127133582,39.62499282141609,91.68095610584862,-0.061336528649261535,80.29918465282756,1,16.07726475249845,7.324615870703683,1.5829156252876655,Low
S2569,26.5191187452966,20.434264319121702,20.926363116556477,7.248355027069646,7.819408105109984,11.562432204371055,30.48418664185832,84.3766642679967,-1.089799038472065,89.18901198621623,5,14.629950894397977,14.090387520138007,2.8817363693272067,Low
S2570,22.56316418506179,12.574712765663234,25.73358582434372,0.2789394775349159,3.9697349465285288,9.710434061423902,36.34375860624249,82.10488662068467,-0.212190374890696,92.33570701520684,2,17.32131319381394,12.987271745523262,3.120582169919696,Low
S2571,35.94317749860648,36.35685826447107,28.213771691256685,18.622376375519206,22.27194573039608,30.4364470253579,15.08653036849924,41.98294396304148,-1.9030074640185308,71.65342154391728,4,19.72365333132771,10.995920437033236,4.721104070615011,High
S2572,35.73036184636643,35.86758294203737,28.975702049190186,25.60122799519516,21.33797766978319,15.261379720854393,36.412195263509886,55.62188443474,-0.974135025849789,62.62286028732957,8,14.119125794675266,9.623697673063397,7.732231239759731,Medium
S2573,42.915432751265605,29.65892681997636,22.112200986745567,24.188994757470972,22.581657181296748,17.539255580602674,28.122109283121816,59.76913091341857,-1.2825522018398834,61.71017418884209,4,7.180907010622633,5.049526965059206,6.529422688082365,Medium
S2574,39.37321139943086,35.59324795139099,24.214104818882536,16.80850925125642,19.729841543062918,12.621616029259087,29.55146600197539,61.16522706194796,-0.9020272774702172,70.71677607055815,8,14.321265130876222,10.619553408659339,4.947591012604061,Medium
S2575,32.89651300262105,21.064154214978878,30.101949816725586,10.80835046959886,14.744334415379889,11.566182735893474,36.483011320438735,69.45265156877336,-1.0227212704397666,91.33492109801094,6,15.355099334631717,8.965031164811446,8.200778059381182,Low
S2576,32.92302064277953,16.676671422171907,33.82564758612271,18.788758374313026,8.345640244916938,9.9966036869969,25.550979934144504,83.53181432188487,-0.583167657303779,79.42915160759348,5,20.560650710661985,12.75916874035933,2.6137909356045985,Low
S2577,29.926578500048546,26.70289048405273,32.46876430601526,7.120893693218985,4.275606350909521,10.027976286896711,37.27159229656911,80.70582866299956,-0.4230939711253485,84.52643127456899,2,15.259130540046057,12.569752571358354,2.996277929108958,Low
S2578,16.3622623388842,27.671900116676184,23.39992072636203,6.91086325634167,2.884305254788215,6.694029045713644,41.50319659088012,81.9756339347746,-0.6127816186328034,82.42745336606468,3,13.097460095339919,19.839155968018588,2.569058234114054,Low
S2579,27.852373769870514,30.01529808639488,16.441867155330932,8.481181569066928,6.272786038605421,12.07575404543342,38.445453978437534,87.18320959127124,-0.37045004703520523,89.03911000987102,1,8.53768087718574,14.202847117008451,3.362540054292789,Low
S2580,29.004092548065557,26.338995122532285,21.641878881365265,9.243679528980723,12.905856457065143,15.096546453725455,32.799036900687895,69.31040650484121,-0.3324977655314515,62.51836148414101,6,19.95633193127087,10.77288918264915,2.8067926267309113,Medium
S2581,33.529303284244676,22.892784163327217,31.387343604187414,6.432191103998918,3.0914127869744226,6.401516056224713,38.45580266472944,92.49900932204952,0.7085754210324962,85.06974623732158,3,21.271243442487275,16.46416208057218,4.001317174172884,Low
S2582,32.636087821365294,25.064878768966274,34.37725754626945,11.422559316743431,8.14112929784131,15.96719491696817,35.29114945800422,65.47408029382287,-1.095344652335577,73.38274298335466,9,16.676448217274668,8.058659716578077,5.440172091490215,Medium
S2583,20.301033123212406,24.647472971953057,34.43322337802881,4.021580186603039,5.853950948838891,6.600854427430576,43.23592459640053,82.96784592970364,0.8107085975439818,87.00000883225371,2,21.666035214228895,14.351575970173872,3.658342140154314,Low
S2584,32.62353777809915,24.999203171910853,32.33167249850437,18.144667181946197,15.505961822442996,19.24217309910639,43.61367004882372,78.84097272606117,-1.0344245855099945,59.023379817385575,3,21.48380474559839,14.404606058709444,3.27853263103019,Low
S2585,30.476338283612485,27.043325958331728,23.605280010127597,8.350589875337125,13.553429327653502,14.165187900187638,33.52604593305622,60.619253399530336,-0.367327420359903,95.1597669904852,6,6.773782758879463,14.148050289580645,3.3315851074515037,Medium
S2586,29.292873442766684,23.629035733078247,23.84603059605452,18.738424314665057,14.42141095600463,20.33688314797831,34.23610297725656,60.93327246246423,-1.6778108349506404,46.4341798372065,10,11.833006461742118,7.1592766147636695,6.496179589013106,Medium
S2587,28.238650657461005,16.982863524119587,33.03890110602481,4.630672750030307,8.01034389252833,10.498714302757,34.425163917167325,90.20130366812526,-0.8286641702240242,92.53229855809916,1,9.062976953718891,15.20025597098275,3.108115904322224,Low
S2588,24.310881400153647,24.139045519602412,26.662790385333185,9.230968930897133,4.249204001843067,3.554726367574075,39.96481452965021,77.70725374384507,0.10427652740350868,74.5069202280231,7,14.987353691858118,15.69291850202484,2.0649539965579162,Low
S2589,34.0421218795221,24.171088052868487,24.41922231534483,6.85736434628984,6.542013367210632,16.960558547347823,39.98513358356819,65.7044557922023,-0.5796973270214427,73.93984624394241,3,18.31883254954104,9.1590341879879,0.3516451913181018,Low
S2590,33.50718582972464,30.7979878497005,25.162329487157557,16.60705032771532,8.544419179113184,21.57341785938492,33.34750038554526,63.12018428767179,-0.4883480133279319,73.49723916000283,9,11.45814659425698,8.062115565063003,4.233731648775389,Medium
S2591,39.60749242148224,25.53209323779835,31.520803087306213,16.21467235105585,15.65129119288065,13.749428439176736,38.14969188292211,61.86361034789272,-0.6168749771535198,80.67233606724182,7,22.8546858458446,9.738804048531794,5.265241147606398,Medium
S2592,34.913284644929675,21.97092510064408,21.897014729280777,20.83976261152604,13.076702544239925,12.731512585769536,34.90363953219808,76.06531973868512,-0.817546440975059,65.93412407325216,7,12.406027880645079,20.22570630343951,5.300094347734693,Medium
S2593,35.57419468382539,23.268129602281828,27.328696900908128,11.208482331627497,12.075686262609333,11.37916555508119,35.43017980241882,75.9532889575974,-0.5807082393585472,69.00983900187958,2,11.011151645855625,8.582903721643172,1.8689604321528872,Low
S2594,22.11079061849289,18.89108227676815,40.38800496350542,15.127217350997554,11.51406790900047,4.381715894839902,32.88985649143761,71.11047448302048,0.17873072597684192,77.32897996246814,1,17.966401237607574,14.838148999227277,4.169937504343226,Low
S2595,28.12743735750289,21.29862920647921,28.06650826185097,6.862012097256589,5.591927709606329,4.811973909193792,38.486814355242444,67.98888516065534,-0.04576844296914051,86.53780603039743,2,11.766470509406165,11.551775739723286,6.0489957192747195,Low
S2596,24.55131795942866,20.706666369165756,27.134202794609124,14.593917181795627,16.35839108971322,11.830960933006217,31.259510092369837,65.74565796316475,-1.256864232133024,65.53045305774809,6,9.29008351403758,7.031468037717567,4.109719728269761,Medium
S2597,30.871360283183854,22.875902909610762,27.461824635610434,21.264194847814437,21.224396230857824,5.537310989631246,40.61547266749886,74.14116915230352,-0.7090563678821238,86.89922588233264,2,19.159233276791802,14.109545955903538,3.9960801582261833,Low
S2598,20.05914077671995,20.542100741629547,29.384171139238028,22.597205303121562,6.458439406532698,11.129542123042164,31.948079019717923,74.15054402313167,0.15176381465749034,73.79885462164671,0,21.360095996089633,6.962601542150555,2.7115408978150155,Low
S2599,16.18297194376587,5.307177824704949,43.87215439718523,13.262032334254421,0.11438190139678639,7.123888585805752,40.85389528213814,90.14481163719448,-0.129183388195076,96.29783438168582,2,19.87443629768921,20.166793639736987,1.84982686190171,Low
S2600,20.240969158887935,22.918516296957687,34.017525561637726,7.861625270473373,3.3490309270586813,15.255897197462456,36.55826501812616,85.95159250822786,-0.6226455721469002,99.84541266075222,1,20.79790584171286,9.340229383513304,4.756290647511725,Low
S2601,36.489983781724355,26.370383064817293,17.666179940365176,17.609804226932077,16.049614109583224,21.553670976774868,36.322777811001075,75.79539947188218,-1.3657220515352915,74.44996035355177,2,24.111783601357516,8.1177429080924,3.4610559976259587,Medium
S2602,24.528763864901624,20.539045983187545,41.01118035622871,11.94299915579801,15.77637527049217,7.697719678526525,37.543971410948345,71.32153791462184,0.003331988945458053,72.25219028314598,1,17.180668462612562,15.602435150884993,3.41646905045479,Low
S2603,37.90515477558661,26.6209342279125,26.0000689298945,20.58011105921579,24.59989033633895,20.627634946009774,27.992778606554154,62.94621372399061,-1.5400541456305674,69.8037178846141,3,7.1465366207187655,12.33070810564251,5.137043217896468,Medium
S2604,41.037467915828366,35.45957710722499,19.61230989590189,18.496939033305157,24.15511639710319,29.693526686766607,37.7985489663778,67.928892586665,-1.5717150031798803,57.972804904026404,14,12.161772954761272,8.921887618137916,6.6681599471499915,High
S2605,34.07195423642718,17.77505227392661,37.8956439886376,12.873011261895185,14.758399356952147,11.83413939670096,31.209646209773084,72.48939150025406,-0.8375000842944635,80.79749786720295,4,20.015388663620726,10.094920893439827,3.3046140068207075,Low
S2606,34.55075386631611,23.25036404060456,21.60953377492945,14.601052584748423,17.320219341532823,19.469230040549363,38.04322810404785,63.14882783344489,-0.5754706973253279,84.43948833079466,5,17.693814886249793,3.9764557739596462,6.137224311835051,Medium
S2607,33.119329748030786,27.641765712128098,38.169113944719285,10.626464628579114,16.450502849874844,14.026350380372664,25.059663100420053,69.46817648961434,-0.8749033412151623,76.41236576078309,5,20.020850394981355,10.840262641381667,5.9364090233606435,Medium
S2608,31.163708487231165,27.997788241817542,27.150831184582398,14.966502596013317,16.30581340139127,18.490129736486914,32.66047814407486,66.27174837242822,-0.40711332299308645,76.68350016980004,2,18.247420867988573,7.115049437428562,5.3640668956430755,Medium
S2609,45.23512818024993,24.202464043693485,29.34050405488585,21.851791252112655,15.832362321429864,23.484271186396,41.379884056056724,63.688470500691906,-0.8632744952794532,58.52266161614371,5,13.245912138315731,18.412024363721102,5.574432393555158,High
S2610,35.607094814962146,30.47497305519828,47.71392364095132,16.593651287400693,18.68305887048458,12.95124366946986,34.55324985543209,72.06861403692369,-0.8028843299580191,77.57883650060911,4,18.626607471064112,12.496821299096718,5.077174033681444,Low
S2611,20.344076625976726,11.63032884519126,35.76343639807377,4.40710387301333,10.722262317629635,10.728737972969189,40.367428370276755,73.10159905078964,0.6243902524376904,100.0,0,21.800068705898052,9.674112405079065,0.981875625376732,Low
S2612,30.151757480705356,24.79561833017952,26.575069022294297,15.144146896273186,11.304768155955262,14.047213853496952,44.38637157963181,81.17999173203903,-1.2147431678741363,75.17344724979304,3,5.778118158947196,9.4876767852769,5.258921376249479,Medium
S2613,28.77742153945399,37.219779499441174,18.48344044761196,21.701559684770913,19.731175616577257,21.295785984649903,32.40014042902779,70.45114306696925,-1.2155107684170416,70.3119908085882,9,3.3160347845727713,12.637512183772905,4.599762379081822,Medium
S2614,18.007544549751096,6.581513516293267,32.86626123762693,7.16390884424516,12.537348135094115,15.20246355176324,40.61382627436805,87.90191735017783,-0.5778958575164421,99.24805303320203,1,13.605415061207998,18.897733726068733,2.792590056017917,Low
S2615,28.37538734254277,21.837366020289046,17.256466758293076,21.89487642369429,20.506523623580733,24.150731601872533,35.94349824722872,62.351446973316214,-1.2400894425936657,77.30423416113392,8,14.877788665615338,7.615152903715856,4.402545470938366,Medium
S2616,36.18901270525267,33.8034486799967,21.43285423977676,21.90565413332988,19.11297332458344,21.06707303819535,23.42495399012554,58.379237373082816,-1.5087298497975419,52.565828387361115,2,7.855425084335124,7.88800504821084,7.924125325656973,Medium
S2617,35.95656454431541,13.944687666602164,43.86507634843656,17.148297998830017,20.922557026053543,19.861171563366025,31.418243269267748,63.759867145738,-0.8766376754050349,68.39277705905288,5,13.878594871853362,12.724174699983376,2.949105233973625,Medium
S2618,22.753008975561883,7.186539470419987,33.914582490314956,3.0879091457739998,8.184966684924758,18.37251558185065,39.57722051216809,70.77232085763694,-0.920464507488703,100.0,8,26.374064550013237,10.295693552032743,2.408081157023548,Low
S2619,42.25497599853547,29.386701992480173,25.29469025869828,14.00021960566889,10.14831141882642,15.51891306855774,26.16939568969611,88.12541424705712,-1.8457692196304207,93.91813754750088,4,20.31187205739332,12.98464252552369,1.912189399679734,Medium
S2620,23.512544305288724,17.249895461412073,30.520994811488617,15.005711831773704,4.264160712422099,13.898171524687946,46.071696119439295,82.65218982618961,-0.9957416859982111,84.31583034306598,2,6.558646878788485,14.424978728524264,4.81739569541621,Low
S2621,33.145013928933395,38.29298590344856,23.29436802431783,17.988503832621806,4.356897241417876,19.564521855075554,38.38221823483243,55.56419625393193,-0.9816944866328301,72.54559420323339,5,16.263414613979805,12.209372615592592,7.409407491988993,Medium
S2622,29.58600530292407,13.243876953956228,38.727116855681714,5.082722076873182,15.96845192294781,10.861302822099722,41.936038437988806,75.80975163724548,-0.0050460302644321775,90.97403117203811,0,18.230100121732388,13.47752409757065,1.067983795691379,Low
S2623,27.208224609353447,26.881915846112573,24.352908782250314,24.380444990275784,13.779486102468905,20.50873646237758,41.18281627088555,68.85577560137592,-0.7827640879649482,69.9256314878873,4,8.63628740294964,3.352006588849833,5.854987371765095,Medium
S2624,21.780021006489505,25.054239326402485,39.14001428884666,15.236572406664592,15.471756522277271,10.014016115440256,40.66393303474841,79.41185336358858,-0.9373641532105124,82.27853647114534,1,13.9518363576834,12.97059692440904,3.3940222187426925,Low
S2625,31.899279250072684,24.221700375912476,27.95536082941648,14.9345690041057,7.496090448190123,15.046295202779202,35.18862860659348,72.00784207897303,-0.5820847866045582,92.19074319061284,4,14.313777362535832,8.750264540243009,4.4841179831102655,Low
S2626,25.722526094704136,19.08521961019657,29.47073607210802,13.321806843530528,10.491584376459889,7.003631610665748,27.526679619807393,71.99754930313811,-0.8864848856375724,69.87462017584258,4,10.225893286420433,19.759689799222503,5.704482578393927,Low
S2627,26.90076200785168,17.96829368915908,24.961348377762143,6.705112159291227,12.388448271508496,11.581892551111174,32.807431718038025,74.55369168203109,0.06263903251781566,77.33680219537375,5,17.496349760836736,19.533712446907288,4.130771615123741,Low
S2628,24.077510554410743,23.167424696572336,27.441748780282975,14.601832962669178,6.353039671770222,21.35847013779461,32.58126946413215,62.29609491090475,-1.055735930400009,86.08868808608527,4,26.676550726580643,7.616478387762296,2.604293374622427,Low
S2629,22.64014628956957,23.037465768204328,23.733801376477466,11.691558170031257,9.86588002413747,6.980477359179249,43.13621169215421,84.17690568505327,0.4739606342718452,88.72408284144561,0,24.387883649342037,11.118659771492002,1.2525806213673347,Low
S2630,30.039269320279402,30.07755192267572,13.773507540733867,14.342701573429098,14.34420586871807,14.696892504806494,34.85361231248567,66.56866908826318,-1.2520069326011705,74.76474374184966,8,3.110711044764038,1.2631830045249828,4.285029074349395,Medium
S2631,28.086197587960864,18.01564267402908,34.11455155550886,3.463529834032717,12.770765137887015,13.759325631919745,27.51816864832517,91.4017023960793,0.16982432782657209,91.33660572828467,3,17.749875433573536,15.47058887280933,2.4528895333784844,Low
S2632,28.23679853298004,21.264509843400273,16.10982641512665,17.685659292349523,20.91910870882257,16.131382337431475,39.579106010061416,66.7536175117906,-1.0308584756833357,85.35428664792978,8,14.722106283269097,8.218258585787675,5.946183393133543,Medium
S2633,33.87187887865102,23.363146113901248,28.56547470575984,16.95808164256864,18.602873814182267,19.444245589863428,42.06263842106093,71.32537666805807,-1.102165420781513,73.56539055598428,11,7.929293287009943,11.351664674765587,6.224936419330827,Medium
S2634,44.88475082265653,20.439610469312754,23.140775228824914,10.617862842703616,15.248184450339652,14.282965489991042,42.94907127694074,82.12173191562411,-1.557872546980788,83.29937711665418,9,6.860593039151687,8.119995637863466,6.841525066787015,Medium
S2635,30.073869428754723,25.495886113590092,33.318044806515104,17.18035292520796,21.55914953451009,19.853422629637127,28.341014560502632,64.38372496435906,0.10762466604690568,76.6172289817493,7,18.633088688266717,4.687942684797782,3.8025718415648297,Medium
S2636,31.506128029435356,28.80086606998682,17.36062209348029,16.853104612579177,13.580136454169368,17.203686069738332,37.06345380775837,67.97158838376188,-0.4777856288861876,73.1078575936272,6,14.68547091723177,11.949756948638441,6.164368404457427,Medium
S2637,35.99318689046734,28.247941509748188,28.38602375540054,12.740084969083636,17.616709181594487,16.95751064977868,27.159457670790868,61.87664445554976,-1.1044860454494634,55.4457821570104,4,9.450790819919305,14.713258241126494,7.926055832266558,Medium
S2638,33.00866119764012,33.307637289381745,29.707997232123745,22.26603221424878,13.0834211971684,18.118575357781896,46.78070654190887,59.61295392707157,-0.8511030217752367,67.55607742176612,5,17.187430367018088,11.004462200992446,2.4374670443514774,Medium
S2639,34.27796754054045,33.42683898946879,30.012772766419094,17.55425087681727,8.692377698502645,24.245452732920104,35.40858223123379,71.19591712793392,-1.2853431875654677,75.93819545994764,2,24.856758832835375,7.072342457492582,3.6565445157639673,Medium
S2640,34.35535676776085,26.994010755644698,33.90189239272109,7.894293624753908,9.066657120812874,14.317371509318182,32.55121407789704,81.01029728166979,-0.7088979186701847,74.2945275705076,9,15.016644094977405,10.225136834339889,4.451615674275635,Medium
S2641,41.934485646042255,34.9400138521272,23.098978540226966,24.70578141208421,17.570482814959092,27.10387195510834,28.45954770900704,68.01136587959813,-1.6763838277072405,63.974884923876964,5,11.598613166608228,10.481048598073237,7.341016864504562,High
S2642,39.6251321317582,26.921149353154725,7.995387267353227,24.582743524672708,15.726162704441123,25.7375218097962,33.792491152237965,70.71716093002287,-1.6135837128168784,76.84507127351408,10,10.038124755425995,7.623307601078487,8.11606181734498,High
S2643,23.086432661781263,15.263954770200968,36.143658114594686,12.728019496540302,5.750507727111946,9.887980935543686,42.05969218501414,81.31061116188725,0.23868653831378456,96.87304817256262,1,16.798101221089514,9.778555046205284,0.0,Low
S2644,35.45093133480309,34.577918673425415,27.00561058701181,15.721063297159725,20.199557434170575,24.139259555934196,23.503374587311363,57.83755263991839,-1.1794303496451013,75.00259515630486,4,16.165647709655726,17.79255477335819,4.299786382190458,Medium
S2645,15.080487718575851,15.417461914126951,31.046880751325478,11.647037213930348,6.3461681552187414,8.537202768610628,46.72427085802926,100.0,-0.32230711697652603,100.0,3,17.048759377796575,7.624278976742347,4.546714339507225,Low
S2646,43.29705959465515,30.5520866713989,23.862971826689265,12.16858001486339,13.183517271945627,15.536047039257372,38.7678845631894,77.51660338438067,-0.09369462092233016,75.9180525607735,5,17.630495626017126,20.852342153656153,2.750777420089147,Medium
S2647,28.044804013375465,24.085972722885668,30.19211990265667,6.2972131319563935,6.147211649537508,10.268503494035429,46.571370378614176,70.93548599585725,-0.7617503810318508,83.88241713725701,0,25.389196116391783,13.219501518979916,4.078106106678289,Low
S2648,22.25311340253932,24.477887348401445,39.45853300251738,7.2597415424760925,20.32793288246711,8.868817942915124,47.40435614541719,100.0,-1.3994151487439896,93.34011367849342,4,20.291916834082755,16.300921936993014,4.290282462157043,Low
S2649,23.536439155718398,11.04543525874292,28.048870652275756,0.0,12.750958462661707,9.934990674838586,38.44905941058463,85.93956832196882,-0.588889829013789,95.068845761325,2,12.486266028603634,15.097308919705583,3.6431400686379627,Low
S2650,28.003593682706924,25.227505416134754,15.716952778298918,18.949133846608078,14.618265461166343,17.51641433577263,39.2477234308628,45.793053638627114,-1.102722878265999,71.07035462980258,5,6.266541874844211,6.774292760157799,6.13191992273182,Medium
S2651,31.07352558857821,29.056670861734027,18.063703877592676,14.743430337452759,15.840861039777215,25.240062974026895,31.12748609018525,82.67388428367066,-0.7362876147495168,72.8442718599695,4,19.76500235339111,15.98128946273069,4.068959520042233,Medium
S2652,33.90961509272702,27.12690586617465,21.996489817854314,11.13517497960254,14.98854487443106,22.729772535070545,28.66587162135295,41.669690375883434,-2.0776216064215527,59.512950150555284,10,9.205721417990103,10.641505521652231,5.865174068145597,High
S2653,33.72026089681339,25.23056186392943,36.639392101652646,16.482368899435077,14.205226551016148,13.017810605500753,43.84379774826163,72.74067259600862,0.7256385907479077,71.8301306686197,2,14.595611479279412,10.145260599180103,4.277108528330947,Medium
S2654,14.535891443967852,20.7147888053327,46.76350378769803,11.585521465532809,4.357195091675715,12.63121239238897,34.588310470737525,93.31982300218301,-0.10433292874714101,91.06938729931483,2,14.868248079852409,17.129019077331073,2.8264194060277976,Low
S2655,37.755740093675904,24.810039358077784,29.413213683430328,12.422958661145556,19.357371766085034,16.939006302899106,34.853362257330936,73.31207436992467,-1.1891992655655796,67.31855956570448,5,15.489747362928757,9.390320273853938,1.9659817065543121,Medium
S2656,29.259260213131896,15.44625139051096,25.60363142325533,6.82812751920703,5.489425177586119,6.29320840732394,32.21419795172669,94.26129916249396,-1.1126696386030588,90.08624451308583,5,26.632259907907862,4.324023644590589,3.8932863236278337,Low
S2657,26.737301570782712,14.693891361019771,23.226126726529365,15.461450492624218,19.458949489572436,17.11765185342532,31.71748633144294,82.91592794065967,-1.5911757160705977,83.57680591397687,4,15.539381358881244,4.6783227185234475,6.758174755957253,Low
S2658,24.77765118892512,16.2453731457723,37.87111587183634,0.0,7.598977343220712,14.826375987581006,35.380003220550506,99.29063621797856,-1.2094021457537296,84.12543079415468,0,21.332214763171805,13.640260444389144,3.090644218782803,Low
S2659,34.67262242043786,34.123862908490615,31.54634607147709,18.123230144977185,15.254498083785494,25.733141919116203,41.05389729500164,62.554679883036115,-0.8400860334918934,71.70505474098117,7,17.072532527444274,7.626178546082929,5.630978859917149,Medium
S2660,28.92487531002156,15.728458014305126,27.328285740076776,11.479401752827616,9.712313230104582,9.31528647235905,40.536121810941815,77.77836727162263,0.09692783637798075,74.64307240959252,4,25.344879152972226,12.60461902319098,3.3835780333675176,Low
S2661,22.735421422633173,20.032169864694907,39.83959597017636,7.698337143328729,12.39563003473341,11.95132595106956,42.57974827007303,78.5768630770827,-0.4950072326245658,89.14443984261688,4,13.637968937049664,11.6623079757122,4.031732519129749,Low
S2662,41.54366535741615,27.958005426774907,23.063350122668744,13.887017841378611,19.752753658112148,20.33747040552858,22.119537320086256,76.35083994855326,-2.0153610009663985,71.27191025817977,2,13.620785968221087,4.88181570185828,7.234802288237343,Medium
S2663,18.0455594067438,17.34969702689476,35.023592751557004,5.6824601063593025,10.740828322048444,18.894515933825012,37.36648321719062,74.94004382035507,-0.7070439862434544,82.96452598912835,5,22.965983296165025,7.196416763082788,3.318902015132423,Low
S2664,31.9663356764143,32.78150019841043,31.678072768207798,12.144518075429232,20.74420086641896,19.203044516932923,30.90854593885633,72.99153231526108,-0.6485781327268464,68.27317171443605,6,19.61465404505248,6.179649356072192,5.147921534745586,Medium
S2665,23.790249844533147,30.678826566602176,20.50879403557898,9.93532355852597,14.98668001499915,14.610203907349156,39.220205803087694,70.05269650322793,-0.9988239578540762,78.19730233050818,4,13.401145756139316,15.030197609128564,1.805974390744916,Low
S2666,28.781428453204214,26.233417447151897,33.04983680249332,15.438375525987489,13.876484712735587,13.509893548808368,51.333291347021564,72.3949020488273,-1.0721941635440937,78.51533116817455,3,12.922159680459337,9.246833859742244,3.6233245356105392,Low
S2667,25.2427491490428,13.494158509214323,42.09147487298641,16.42140333414875,5.673773467354249,3.5303563454835247,24.6697329091446,96.02005586369168,-0.3878841661808171,91.05636617082389,2,18.04079798776761,18.379056774884774,0.6906279810911984,Low
S2668,36.95293396550012,37.40162602449907,22.306161598884017,17.584528623041717,15.065316816550368,18.91210878567606,36.17679600054197,71.72368081707863,-1.3904102453306875,65.75001008900784,4,10.93234347426204,5.877554231239503,4.288958156881829,Medium
S2669,37.53772202981772,36.07309828856731,16.610948583473856,24.13907804602716,18.630100057531305,22.966285235694908,45.19567178601841,44.60721933409277,-1.2375649757895095,71.9841026241513,10,8.967063755159623,13.314038193480542,7.332798156322212,High
S2670,16.319124737997164,20.948862709343956,31.791976571356532,9.472359757397285,10.43582610530745,20.566563350857397,32.82344889169439,68.75709537151585,-1.9271804080045527,61.708366252845074,3,17.118407898021925,9.643417047478268,5.59023381136368,Low
S2671,38.982083545960386,26.154225747178486,24.527516430960343,11.664250044280553,18.95047079308761,23.31450362254783,33.3836054940191,43.129159938693434,-1.4184212104418674,63.8616761414035,11,8.27737448427426,7.7555314509745035,6.452592331387225,High
S2672,29.3569896087841,24.93859166898362,29.786129300034467,16.739831657916802,8.87756547707806,9.253445092770527,41.892721895457996,79.4123320595053,-0.7817466551877341,71.12711469745896,1,25.195746803658377,12.06916838307973,4.905027515071515,Low
S2673,45.12398639375811,25.245999638259875,27.953858518886335,11.996758664282188,20.05971163293213,15.734394737976313,22.376078750404986,71.4025745932702,-1.2054863544808994,67.73489569511061,2,12.350453848406275,13.577611217985845,1.8692662337612411,Medium
S2674,24.51265477165016,16.05388045672413,20.99745744034282,13.182537870467247,7.7576727697517045,11.570637834573343,38.94325363674344,76.91918765121336,-0.1535406083511252,79.77011848608329,2,13.809522481836167,13.885225169407908,5.7690119897355014,Low
S2675,33.62383252004966,27.81978316241666,27.25660589227119,19.194172800251526,13.2574645109415,20.760705886113776,28.455447588053204,75.92136684316186,-2.0069366733427807,78.59604294537287,9,6.014574412434325,10.132553782866559,4.116826634670412,Medium
S2676,29.11486148655712,18.974885974686273,40.04743458397231,14.98923377943597,12.992722846020857,16.321676147268807,49.281177711474186,82.78540964212623,-0.5111218505036386,92.2077086666938,5,22.679737106849807,12.272092299974734,3.953918057865154,Low
S2677,30.210819348342056,20.072993658119238,23.816978322626,18.009679893063332,13.560048503514608,20.02744269533455,34.159128132602866,93.63855324044185,-0.6786916978310835,77.19496087028816,2,8.016973015307766,9.04510881045828,3.300081692853592,Low
S2678,41.68620276323615,32.32039984784342,20.843896981146077,18.358371206874125,13.277344576786572,15.509404403955896,29.61422428921739,72.8398804778203,-0.9349431830846426,71.0159641879399,7,14.938356733473313,14.48862879307966,5.526868858069561,Medium
S2679,34.48067775415352,33.725917777886934,24.92239783670878,21.368421673764917,21.464029572589375,26.57086521808327,37.67114130804125,68.4899163993798,-1.1282962917607624,73.66531205574712,8,14.582471514582704,9.416925013168338,5.73112891153945,Medium
S2680,37.69426623500035,34.3435112517607,40.71216180376072,25.0011421918586,17.519755876413328,25.671274094961362,35.352674360429006,65.66204623439319,-1.229127880497316,73.74922879626504,6,0.0,11.236371022866292,7.493958534981803,High
S2681,26.342333529154818,20.692366492832033,40.42253874664496,4.930243021061073,12.509252516600935,7.515015641917991,44.59110036909271,85.10211794830401,0.20273147444217873,87.26359257755561,0,12.514999219000398,15.172926565613926,6.08970964823568,Low
S2682,36.20215081777365,22.14809468015339,25.638753738855673,22.95072324954228,11.75485743589637,13.005233022556133,45.59841134039787,64.2783481157033,-1.613227505800579,76.9255679198226,4,11.073812216546196,8.622407247344226,6.254791410048645,Medium
S2683,36.24143742030392,20.32988289022604,28.976353471404558,10.51689425959131,10.190204736978842,16.033721103439426,32.31459638676047,73.51057345752821,-0.15199508268253425,70.65177278769654,5,24.463662170870215,21.242196614804367,3.907758246487806,Medium
S2684,28.780038888062144,31.06358293085669,35.61535976657421,14.076615040982247,13.40391118392534,14.231554917677329,45.92906734373119,73.13935753378637,-1.469311375166368,74.34368196448162,4,12.849854485310907,16.412442596810504,6.491858265908341,Low
S2685,38.74562757106652,25.483424659573394,22.08622547929172,17.46008347887662,19.380165850872846,19.15722967249898,46.29300619206758,71.84544424917183,-0.8091641600131814,79.86690175713154,2,11.516663791559957,8.862222387705614,1.9402695099229188,Medium
S2686,15.976740175213248,11.084400164756905,36.09289041502761,1.920380478755808,5.239071169961798,12.36684258662132,33.67061746356233,89.07357827268643,-0.684121149937784,82.86489499601838,0,14.188747154762346,21.83557212795222,1.9883387534222754,Low
S2687,25.507774066763908,26.986162137279464,20.119189572159314,21.42883264247306,16.317319173280367,23.267887061467686,30.51941702153392,73.32306716356207,-1.949050915972401,70.3571957977171,10,9.631814120765828,14.348911117419942,4.3790546578333505,Medium
S2688,32.62999012546905,23.261788742878892,36.80861368940759,11.891435772638149,4.833177745519632,7.2418648890287285,37.789418911831255,77.13586715266075,-0.7838381689540708,71.75444511619062,5,13.831582148625419,8.632961417616507,2.8309758590871352,Low
S2689,23.440179472613,20.342952463082444,31.19421468954115,20.92663285343751,11.117370205871612,17.548488771768746,37.44056355074551,79.33004321588243,-0.3314995558558649,93.16107734852184,0,15.005750156713834,17.438892231367774,1.5722594220996473,Low
S2690,39.567408911307986,22.281315649718206,27.226167002312742,25.29343370724759,13.166302584315453,22.748879339681423,44.26899926717829,70.84556483405447,-0.5036119495228022,63.99819098304785,4,9.243290230814935,11.876422620195312,6.036635584709889,Medium
S2691,35.880040726417576,36.73975654498522,23.61713192926811,17.262544224682593,18.550624832166935,22.393767007162804,28.663377402698703,61.05032738737659,-0.3207785892169738,63.81864681870026,6,9.036279743862735,10.739835648434026,5.073290898043764,Medium
S2692,36.5006037193859,20.72567367408776,29.27063529889625,25.37099341953581,19.587403904906175,28.217146520188987,34.85362967317069,63.4348238917792,-1.3876850155859546,79.38459619491152,2,10.156962946776678,13.767510560512205,5.102259558667578,Medium
S2693,21.939398997909304,22.41808478564141,28.804206524344764,15.25294793624132,3.9135143872626204,14.821313426205567,31.9752799577714,73.73793146597774,-1.380874673784025,75.77410317898112,2,20.63588887611846,13.617931793227873,5.829899569402363,Low
S2694,38.37478906265373,38.48995378722201,36.84243797362586,20.73161819744543,19.16377797701992,26.422497186445703,33.24721410733677,83.49579260592026,-2.133779331771536,71.40551338371208,7,5.509967621977877,1.0377054630641425,5.032175179340816,Medium
S2695,38.54212293553438,27.34555482283772,36.472753486442905,7.749819566241414,11.425788890410642,17.005081942813632,48.156553282602665,63.37884641820512,-0.552792283944878,85.0192879568018,5,11.132766105041576,5.83141303130629,5.888284721350593,Medium
S2696,36.93190168989465,32.4999380208858,17.18513789446176,12.624699611748103,18.980999374870855,24.013999815894778,44.27882741582095,60.35093574107081,-0.9778053896589898,75.70070762161644,8,9.410253043742184,6.250193930588157,4.918619291624897,Medium
S2697,39.81192248303914,22.855404457619727,26.30781791429681,18.13870620980227,13.312860753524502,25.07977548568469,35.710536579736115,62.59324175890116,-1.6158063294087277,66.76428614053053,7,12.127013304578535,17.733855580626226,4.9016618906259275,Medium
S2698,30.797295833099472,22.755573116889458,34.89567577025668,9.038882321745325,8.092579931146021,16.858087168265225,40.768447669370666,75.84866076386986,-1.1891480477816918,79.54175248022977,3,12.573634130619597,15.198598374513928,2.3642516592128437,Low
S2699,22.293967874200508,20.7029930525322,27.836539253935516,11.786763265195042,15.091266422947122,6.426665840334664,39.88593788769032,87.69796072852071,-0.09246327188075765,75.92145611221429,4,26.845376558613346,14.81005313092702,1.2885349752070328,Low
S2700,35.63682449850153,18.430717425968528,35.4641565199293,19.570417595535556,17.65714991840736,14.333761554752602,33.63549935137261,72.07325476754293,-1.5220884188193309,62.7460642741687,3,17.467514031014723,11.79902679207418,3.278115234138874,Medium
S2701,38.16173848765982,35.10966312974206,29.729675633686202,24.244138505717952,15.229452177207232,28.049944932274688,43.60713717882268,51.7838885699281,-1.8005866636551826,69.60921344659022,7,15.40146403007304,5.0000601416691755,3.2816986312800163,High
S2702,27.84351072226866,18.215984517740356,29.013561022597543,9.528273879346017,18.76755948892904,16.03730493865358,44.260594647211356,88.64883077874282,-0.49459560338935704,85.79071556627811,3,16.80487782859381,6.260118548112199,4.212062790642545,Low
S2703,41.629623524715086,20.408294902908132,34.20260675662722,17.612749641773803,2.693389574321815,15.606493709295911,36.94977754815504,76.5115053951652,-1.8917445306025078,80.98996402181592,2,21.674013729864807,15.417990254556528,3.755779294652701,Medium
S2704,35.65601177295258,27.298492561460225,12.934326867274164,11.479406667673913,14.980352060900982,19.179755940342474,33.631126393088735,75.626895575956,-0.5368854674855678,52.02377223529119,7,8.20290351514524,17.59937757578972,6.160095101619076,Medium
S2705,24.282244971378244,20.263576845986353,38.660676200002484,6.410843066273656,5.244020217659804,8.163005401015425,36.098350589547294,84.74203756521706,0.5921602776931914,81.62268221893348,4,13.624763451980273,15.318238051748112,2.4073330497220558,Low
S2706,38.38202830746738,30.293910512215078,29.48345001700189,20.974018664743152,19.48823974501107,25.03813150917171,34.80891374643014,54.860596676527074,-1.387802628461087,71.14135102165154,3,7.2486545584293784,7.257741842529995,5.225356300493281,Medium
S2707,27.64124726612187,19.94401981361542,23.999045251014,7.708507738334932,9.323292085115346,14.049006134015126,36.80645527233561,79.50354584793268,-0.6139781159282913,93.35938875242944,2,15.563173073644156,10.977459568022201,5.318335005394329,Low
S2708,41.93561261624504,32.86942169316026,28.408194053827092,13.236734344578824,10.653148720740932,18.225529128375445,41.43499577340295,77.66277677184372,-1.0582490303812704,75.7830819169483,7,21.436078372552466,13.45086313339177,6.0360602828642165,Medium
S2709,34.29472756799728,21.652786496348327,14.383844132390504,20.25382798884332,12.200524376966564,17.690086337314504,37.23519136170702,65.14144782536066,-1.015369278901491,73.99526066373276,3,24.230105620804707,10.022596527758123,5.023959732477846,Medium
S2710,45.9471976601531,24.601719613768545,21.475135566763665,19.556298278829367,12.586667277101746,20.0425720792064,28.314649541534553,71.58319897005435,-1.5575630490182177,65.71773261547841,7,17.617707961993005,9.600364105303225,3.4293046592507674,Medium
S2711,25.890834671847447,27.305456315054254,34.14913713312589,13.412375804024773,14.215176304798092,15.792465818776723,28.17051084603919,77.02385097238546,-1.5521261819955534,78.22924768023547,5,13.570432293584826,8.886134564974872,5.355076590647627,Medium
S2712,25.69838048047452,14.748526230857294,31.406896500272296,3.187719524190941,13.118206262779065,9.861397975444401,43.600738613373416,70.11614937445914,-0.6453661161229601,83.72910449080202,5,22.787359185220105,10.471387858315266,2.7396794816010326,Low
S2713,34.53076605252007,24.514917698822895,23.583756206756984,16.73538537053441,26.043671422291066,29.29910404901878,25.7239612974384,56.05736671288715,-1.3908025011475658,59.813007973307876,7,18.61007815414827,8.648270191647027,4.889069740609209,High
S2714,17.978652556835883,16.050955937162893,34.99967979351894,13.13054850780801,4.642436027765031,0.0523495392313551,37.72722129336861,71.08787309652,-0.5354288667330456,85.0161246944275,2,25.66522043125468,8.520230134484432,4.08747786302289,Low
S2715,27.1725690323379,26.96730813890213,28.84851618934416,16.496702904305398,13.062744019509557,8.1297201833512,33.546980778639835,78.46042323727106,-1.4363584378754775,72.17319010954922,3,14.753500957616058,14.425023161190655,6.107152499705968,Low
S2716,27.8779113583131,29.136944885617265,34.064271446827874,19.841919610727103,17.977663163591124,19.188383998165403,27.995257982591166,89.07153503769204,-1.1349656444517708,79.30425339767007,5,13.976331578911756,3.872264072761898,2.9569320462469797,Low
S2717,40.87396047080021,25.237180536634096,23.952201445789555,15.802580136305185,12.004887240911591,11.877386847062063,36.97200823912213,67.35019317164854,-1.644553808738188,64.34001798350565,2,10.84161977510505,15.3500123363564,7.01873277008208,Medium
S2718,34.46993562350045,17.52504389094367,33.10179605439534,9.48151415354142,7.164797565747534,4.460156224124697,36.31425435271123,78.15851279528137,-0.25267224574990665,80.8757234657478,8,15.242500185155883,10.534963535919113,3.3369162043915708,Low
S2719,35.3430430770355,27.04217240394321,20.134401698911496,19.284626685259468,22.391172110724376,21.78731000922874,30.841177193481045,79.44483891175689,-2.7871752651697825,84.1347618033206,9,9.605228213274387,10.258700114809283,5.840075470230067,Medium
S2720,30.534692364117838,28.155853014413605,31.702724266461452,20.45251758523293,13.573574786453593,22.397955202617634,47.348541074959606,74.05797259026197,-1.6165831091813518,62.87672987787347,5,13.482831874150223,13.10207912802773,7.3281960430187425,Medium
S2721,31.42859123548582,28.185108455950775,24.164919519262295,14.956837578317158,16.55757203427965,13.831242566006127,19.476501538157336,61.4278195353413,-0.4808156134020172,74.84245172963217,6,12.75880415115244,9.098031047935654,4.724613428763089,Medium
S2722,38.42975844848519,32.94742108683395,25.92164595827451,13.92375258096494,9.18344679439977,11.77291607995988,28.931525532949706,81.60146005766909,-1.2885164261935989,75.82429226187493,5,8.61617388599769,7.335684380976669,5.337045465609604,Medium
S2723,34.72640231688308,20.50971172228693,24.89158583042796,9.495479489848726,12.427215825669506,12.763464920661214,31.24925402290585,73.0626873528878,-0.9660871417203785,71.50862960978748,9,27.07865624375386,11.913530982927458,5.73030680576673,Medium
S2724,34.99076838198549,24.087038431768917,24.15714070691874,14.618218496211275,23.863282507957152,17.029472724915802,25.563777128982387,66.1414175288653,-1.321651706001768,74.83324445227902,4,13.937320204580562,18.764532913750728,7.513430390863456,Medium
S2725,35.07359748545314,30.37085193115441,21.551063164756677,17.56978146453568,15.75592119997213,24.539167940571485,48.60039321323151,71.48977394954196,-1.303069756142601,73.70748796296161,4,20.52577733809592,14.193567146808281,4.503436466157493,Medium
S2726,30.293317081532535,12.305272349007739,33.47272174676796,7.285327963404246,9.0886077168764,9.41842030659108,51.148955702305535,86.55380099605091,0.08055939963435838,92.02147147714392,1,23.200856842320636,10.100138887090981,4.381662026068354,Low
S2727,24.44054311236811,16.471665974594877,35.20153862671117,12.895514813885775,14.326597406674646,13.912884885456997,33.808945758511825,77.79786739878764,-0.7027902687968401,78.11814326313615,3,27.213794136841997,11.92446798652126,1.880748223693019,Low
S2728,27.91515896220052,20.82372934688092,19.905085961539324,22.35013067172531,6.952898721902335,19.316642926008623,42.87170333252227,85.98046238800838,-1.362383861944779,91.14953590121199,9,9.776061593712962,9.298295397029358,2.14803844048599,Medium
S2729,18.87673458469203,11.564825828326828,28.132212812824903,9.485132553560874,7.288268034720112,16.1141200969832,41.386324817696014,92.39382863766747,-0.11020404431991099,97.72630402162777,1,14.642130156634611,9.119127111368579,2.0787466688740586,Low
S2730,22.746213666315317,15.258700212481834,34.28424987893495,6.129365192047741,15.174953466263618,4.8099656491341545,49.339467239438946,87.97756080704066,-1.0847705409359,74.77337860995395,4,10.213078871357986,16.921650448608098,1.276740377931552,Low
S2731,48.6558660081224,32.987178213408214,20.716329485329524,21.45015502245066,17.63026285932722,21.64050329396691,32.228917270428134,65.54538449157808,-1.5682826518742023,75.86798153180827,7,3.358523067949008,7.99354303804456,7.026611737303554,Medium
S2732,34.55239355470695,31.86620750117605,21.599644372201748,18.786958041150548,19.24856653304324,22.816227832829423,34.54736717547432,55.08367237591632,-1.8679353336787923,58.21470372902373,10,5.300535855337736,9.837218534229638,5.910934842616499,High
S2733,31.466208766718186,23.773109615748705,41.11529242601135,7.185808283232191,14.014164485257186,13.404582354437487,46.02773078870433,76.54487608281549,-0.6295863934844327,96.90989718010371,4,16.375814225920777,2.6306325194173894,2.277491959717725,Low
S2734,24.491468551649533,27.255179316921648,24.16947367821536,8.82536871778552,15.660482546394658,17.78847522360981,44.349869860069326,69.89988018565336,-0.8737318326483832,90.48015706472356,1,15.751966048179009,15.24193411815157,2.242900950471193,Low
S2735,24.064248298944193,18.219365978080102,17.266234395264444,5.565214641068678,4.426586771785546,20.375942093239964,38.33604628504519,79.35923536777565,-0.32720869241384654,76.00761230865405,2,30.0,10.572970581686382,2.660339685763628,Low
S2736,36.51601846111217,37.78735096336206,24.242720489848303,18.15226825147048,15.309675457002463,14.945918362193556,29.56798698384481,73.78078667491592,-0.40546897482185995,80.49444078668024,5,16.784467024720524,7.157719293453277,5.764145542229483,Medium
S2737,24.565538297253926,17.94638614413276,29.525944441782904,7.6871434494922575,16.22927911213867,11.706332296102419,33.08312688687558,69.10081736621386,-0.23767786405236893,80.04632958680604,2,22.047197617972124,7.779913583675797,1.8333050526001409,Low
S2738,28.720834593895425,19.920973359935967,27.572338939846492,15.42917619087946,7.812929110421552,16.048863318908072,25.91307919782612,85.03994471835576,-0.7668196578492843,87.3370499330905,0,17.120175236172688,8.927133975847784,3.3048983535588707,Low
S2739,35.370623193689816,22.842016845758504,28.077777535515455,18.49725149822698,13.75238416494256,20.96520551090694,39.0335462311268,63.11772905538486,-0.8222952404066426,72.60804742069654,7,6.608064055766997,8.736501298559913,4.271722029450984,Medium
S2740,20.734992659919634,21.010732179612706,26.36867085969897,8.192662253208997,8.07068115160384,16.472516033818366,39.6310912902454,87.5478704335925,0.045917171626349174,82.59650956393007,4,19.513295645444867,17.241304438000643,3.3522665873542907,Low
S2741,34.52292072852787,21.585429264256632,21.919859531066336,16.276459471390144,15.011531300855886,14.410296879350234,37.71660938172864,82.39159548862332,-0.6233302744190781,68.22825703791028,3,7.106270878898309,10.009977808242766,6.770865660090215,Low
S2742,23.21307299370332,17.42232603431884,28.840486595795,4.042940829116423,1.8244483876340478,7.508714222761906,38.440609303617165,95.52705376061319,0.24264623284738762,91.20700717737598,5,17.40758815004349,17.80419606459155,1.7262269635041252,Low
S2743,17.81203322372343,17.777602543517897,28.224156900139256,5.682050463805665,0.0,15.689218643363677,31.23806782211959,92.12000912416713,-1.5540645806714637,91.10524410213571,3,20.957746512890257,14.64714068550568,3.426995797647386,Low
S2744,18.62001451568164,16.326424952941355,45.87558492088792,10.32033764330497,8.081326792112883,9.924744152463898,40.64272889626869,98.9377307956105,-0.2332125700314531,88.805332172158,3,15.584236018460748,21.290923165987593,2.593497925889515,Low
S2745,14.634146920957914,23.965359073598773,38.18423859261546,4.391239161302908,17.02004727977442,17.152283995603312,39.54454188884266,82.2195390368371,-0.663466170847238,72.45914239517603,5,16.060125490270085,9.72673488864498,3.3443244415781055,Low
S2746,30.125520673352927,20.641330644800608,19.06350199674356,12.950893131185296,10.855366316520643,14.390962238165,30.84472567937213,77.53000767963209,-1.5298626968188584,75.34939045536969,5,12.254415352693574,13.497934216955398,4.048734729776943,Low
S2747,27.58511091640506,13.835344970143236,22.78227936285708,8.213832154909813,3.3250412575930715,10.645395083266116,39.40399802777808,84.72791877695533,0.025203321237979068,84.52652144651462,1,13.961538855146562,19.654527363839,4.942654460518944,Low
S2748,23.962742095563623,27.72305044067569,28.966387573599153,17.602323894325515,10.955047999418802,10.634364595791332,32.430511432162106,76.16660921065467,-0.2784039694874483,86.17123701123987,2,18.023988271306838,14.577862055863026,3.736136490894766,Low
S2749,25.96562795047115,15.96273700761588,44.64680807675895,13.492267989773381,13.577499074068456,6.840288598132808,37.49157406566719,98.78258346703046,-0.3549723082929774,72.86465266630732,0,23.764611309571507,13.34670804993834,2.5038365231461457,Low
S2750,41.727756893414394,32.57769799701951,27.25158646709601,20.138790981348222,16.43569675077631,12.63298089094584,25.3576362996369,61.01238184750393,-1.2377239067803754,71.29392680304872,4,15.81430050325893,6.785644092171056,5.346826428059673,Medium
S2751,30.991493302840528,22.353246042180224,25.952157246316393,19.881770858554873,17.901763487841553,16.470488497392466,32.4904618441403,69.30761047500488,-0.6686938101269221,70.79108941338882,5,11.713637889441813,2.5050694458281857,5.573272724310869,Medium
S2752,41.07743220993295,23.492359006909318,24.226697506724957,12.498408511345284,10.029944239999075,21.513708548954195,44.40641091621063,83.05711803627833,-0.400349028186044,77.74151300849483,9,2.691501295244672,9.755460169764364,3.1791338748214115,Medium
S2753,33.50694164130267,20.7333922614884,32.540828553188476,15.122249317868786,11.283753664869224,19.271479926275145,31.040421444197126,67.31508161230988,-0.608542566966417,76.16565884464727,6,13.303881209532491,6.5517927176653545,5.156218281703097,Medium
S2754,38.61195029773928,31.120653885654345,30.93157123848592,17.319128773449858,14.54381031620266,9.83766182631666,32.4902497966492,71.65670547813298,-0.0020452887591783098,82.2413615060236,5,22.237647809002574,10.093618014167035,4.380858160598764,Low
S2755,26.231570923516443,33.40527100315431,36.74457083797157,16.368355368457834,21.912652531460395,24.398628712601667,30.52730857764255,78.89153123665548,-1.4025710292560083,68.82382127710912,4,6.509344834853262,10.595483950476822,3.6098110206569576,Medium
S2756,24.356279729745374,22.538860956554704,21.452596332824157,10.200277037484552,12.661417853637502,11.571764921248338,36.57792447681256,75.3971901370232,-0.6512227750719677,94.72593198341046,1,26.167640226934097,6.930974938947212,5.53720982687601,Low
S2757,28.80170865561399,33.39788862200697,31.810093465780763,8.509830060243546,3.66281975784773,21.181615019472623,46.932740475675764,79.85638286480682,-2.000960448889874,65.99269580809214,6,5.11986079422957,7.9717728064759665,6.252455089328457,Medium
S2758,24.291194761154724,22.44683815112213,28.92365807406983,10.285676552903462,6.556090146511054,13.381699840901602,46.63649012475746,85.53867105857037,-0.8921248222864977,98.22352634475035,1,19.827790046487806,15.111244383837217,6.270372298363796,Low
S2759,45.23561876043012,31.463292352946862,24.493273001688383,25.339388210573823,21.546521432470385,25.808296532001336,30.477894322993535,62.21036713398216,-1.1230925770595277,51.36705475828513,9,13.754902965001417,3.010678379857633,7.187832328545283,High
S2760,38.674631312042976,18.20979411444113,35.494740675341305,9.239287393903465,6.4507726450065626,14.821935177925809,35.46948552499376,68.28435605688998,-0.4371478315623478,89.70074535264297,2,26.53276089495428,14.280282500053525,2.960182658819506,Low
S2761,26.744228260216413,25.37904977142981,35.37665875847456,3.7296734582359736,0.5389041932775269,8.433983543408504,27.646559683928714,89.98727781961473,-0.15871761297781087,99.30026491514275,1,20.149983824313704,7.963233778366552,2.7768661285464353,Low
S2762,25.527821570522395,14.92371541087617,37.62152066622013,13.325073659160129,3.703984355591281,6.378264371799241,32.36944826426956,81.95477176780321,-0.3121663238632107,100.0,2,15.778532453843608,15.37518533815761,3.1835778875275595,Low
S2763,33.8918588265284,24.634196219160003,31.715041611951353,16.50588251455068,15.741414835867936,29.445517154298116,20.40360671818531,67.80826427650524,-0.9294854329776098,65.45919842404524,13,11.54146281014385,11.429083540116924,7.265097212440756,High
S2764,19.6364610855561,24.299990592209582,41.25814295312678,12.163934762711712,11.272218785750528,16.414675459685608,40.80590655055677,81.2845559814615,-1.7371506110551134,69.62396700861419,5,12.226382367172961,17.031835578589206,3.843176976466497,Low
S2765,31.58079903418266,16.64934723413009,31.657068879938905,3.111119220299628,1.3890606246959232,16.617164896634232,45.721539118850544,84.50615523435548,-0.2820445427660073,92.6642035724819,1,7.301426311765619,18.147334793374057,2.9196632892261416,Low
S2766,30.496646202198765,14.284946748129467,23.80755996927173,14.866580154717967,16.926908393861417,21.168356670973747,32.45638629956135,68.29976720603554,-0.8902616621587557,73.51885861916026,11,12.439357721455746,11.862825144350627,5.48450144631415,Medium
S2767,51.97068655487161,23.94524909636198,16.275132514723545,16.145569958269057,18.27199461843954,29.249812497913997,34.723410283609034,60.381011105990794,-1.9448903194109834,56.183875007966456,5,13.359750610505898,1.8892978248696002,4.850470116111636,High
S2768,33.46063987251872,20.738543677705024,32.137568973826944,10.500236785773918,7.393285277269126,11.979147293416803,29.818241616530457,76.79823576699745,-0.24944315121456861,82.16203086057796,5,20.75125906072902,12.090093555258154,6.194405516619815,Low
S2769,25.132419375317564,17.980641380201707,37.95473087971388,7.979339365200128,8.240075826078773,8.259128711699715,26.990835323933137,86.57731471227218,-0.9734874089414989,79.04268877116402,3,15.927210121147176,15.735792513560488,2.6975403417874375,Low
S2770,26.106252763156608,18.69833212387334,24.427948535595718,11.61738585445184,2.2175477328604396,8.842654529410963,38.679802525501934,80.81814448067986,0.20141926091951146,89.94340339050405,2,25.400747577849547,14.16033079423118,3.9742554083730552,Low
S2771,37.77035333277455,37.626357307175,32.417708200994106,20.77198947276695,16.131994998813532,19.117675182082976,35.99986503523188,75.49283395156196,-2.3378804404074685,62.437300701411274,8,11.599920424152598,16.61086920866377,3.9476737270202364,Medium
S2772,31.013467255583816,25.550915302416662,25.70011694825553,7.239856436942995,8.227267473843858,12.479759453290322,44.42932183743114,67.09643289623648,-1.6113642870014546,56.07801731809661,7,15.439402791984623,15.555061911524193,4.832071763430931,Medium
S2773,17.668272568729957,21.53125631794589,23.609627641847013,12.853901962802013,3.0074261760578906,12.308441046148477,49.8087860807608,73.16508956690295,-0.5840068583655319,71.42495067839867,3,20.645249613115674,13.04856126624073,2.694637057321171,Low
S2774,25.451065805439075,13.434133013542137,24.987581970221147,12.388698773794227,9.091048242734422,16.384254240946284,35.04679483305177,83.27559635463908,-0.5475294178091669,77.01203358473593,2,16.32884735337927,15.357681771723154,3.1136468116816145,Low
S2775,31.866481077768015,24.41093206741298,22.165586104895315,12.325798989628442,10.74488101553415,13.801198445754633,40.68938378313928,88.30774098046557,-1.8907028500833947,79.88172397670843,7,13.806948011644662,5.307774778249318,2.6854455697363844,Medium
S2776,30.804848893064353,27.906143035222673,21.02090727188277,12.713519109018238,16.648788210090764,14.703988361515275,36.272967241135525,60.99807367937741,-0.6020601341439386,82.56225804626075,5,21.04454086520825,11.262683436559602,6.393260273492998,Medium
S2777,26.269889083278414,18.283948061556583,30.799224278808957,14.910532916562007,14.069593744705774,16.63247818087809,34.933504888961835,71.21704330212772,-0.6392445341153867,86.1000399403144,5,5.4087845037090165,5.880666710585916,5.26679705237949,Medium
S2778,30.72154120632787,21.900114426727406,31.505410703447154,17.49246630048783,23.814649246243654,21.865261137701665,33.990098319382156,78.26357229303987,-0.205350881779096,59.76387304530881,4,13.27002322731882,9.655736265598042,2.7643628820544377,Medium
S2779,30.846562290238285,21.98016313348321,41.794133515915064,11.045849093423787,8.020240878932809,6.684990261039091,36.863143315315085,86.6236470676367,-0.10237619668531839,84.13510696925782,8,8.10719585855018,10.471332360505356,2.8148408291563753,Low
S2780,40.60556328150997,25.76003616607183,20.69191599024548,17.702507131151112,3.9448589566483854,30.18194538270155,32.64261999434999,71.3595050337038,-1.7173717539921873,63.13478256784417,12,2.917386731794519,6.998499774483928,5.046630625110565,High
S2781,40.46949588741113,30.177248668765007,25.290269459995677,10.593070805030393,10.983605630589848,18.06236951192359,42.094703525086096,62.786452766343295,-2.1046451877649277,62.7695175568677,3,10.32052393005051,5.474367775481408,6.520843447141778,Medium
S2782,34.435551750345596,26.903937289870193,24.217807926901592,12.21883672466163,8.49553809084678,13.83722485368755,36.68744527473567,52.635893949061874,-1.1303007367275493,87.88359522071329,5,11.850505856438847,9.719424359211052,4.082310178804271,Medium
S2783,24.31875959230516,33.167102403200545,29.13368725980815,8.247972176076955,25.722622829377908,19.317336882919555,46.45979895622952,78.0930213609584,0.29213337042994636,80.32373283305556,2,25.605085191967746,9.51949309961414,5.6262393126380035,Low
S2784,18.29573624506418,15.709362157678605,24.754001553743123,15.039172037135952,6.489566796240409,11.87024438979346,33.700999324924496,89.80585691700357,-0.1580252340839778,98.30555935812193,0,17.642121269757624,16.805912999292705,3.900693395618014,Low
S2785,29.12242455312336,29.899869739373138,23.72040764922188,11.291130406663433,14.882617719499386,16.17921734068422,19.97666554170896,88.41242556010847,-0.560260988326264,100.0,7,22.043409690192142,11.520821160111383,6.823729156437195,Low
S2786,30.779680876749417,17.84791171865286,30.33702791310455,20.60626007666388,20.406438434608802,17.16421578988583,30.90174329429846,61.869143373595215,-0.5744475443622431,57.19757442196579,6,12.673120596555798,9.760954704667023,1.8202685253367075,Medium
S2787,32.01791346748922,24.92255207504846,19.2136509511366,16.721246156641605,8.19503415524182,14.116169904127272,30.39333470258726,87.39626546152745,-1.5003381912031153,72.83899438702032,3,8.483673459590653,12.492000529327596,6.346238025392659,Low
S2788,29.00851636435633,25.586465432220002,29.49630220529402,18.498225371543143,8.858721183582839,16.056924322620294,24.910072875396118,66.066838009604,-0.9562110062508317,75.05598631883365,4,3.8326946678529428,11.248682474135922,6.256556194365671,Medium
S2789,19.43706508856086,18.485808868241154,26.33202784625234,9.483233308985847,13.102546860083095,11.482142088902867,44.72984933192388,75.37971940090429,-0.356638878586286,84.836203974763,9,9.492382035324452,8.265280460594614,3.2743338746374695,Low
S2790,40.221544646612095,31.523258570894434,13.522091171928095,16.057604477398595,8.027813617783544,22.087198022214068,25.365189283504428,61.07625881466938,-0.8446133417551279,76.92343083948647,8,13.69986768639568,8.649540007838837,4.923278105548905,Medium
S2791,32.400023608026515,19.73873215078407,15.409707355128555,2.729461476380818,14.141288477799579,8.947927543909598,40.59079738533763,88.1999168395774,-0.1550368226206807,80.3059032856879,5,24.498503588284645,13.62424359885786,3.320558251444895,Low
S2792,33.430979207799304,18.143300667403125,33.82971757291815,18.83683988243445,16.473039315341232,13.602122687093484,45.45113226319249,58.01294267638645,-1.3561523106515785,70.1118197455946,4,7.470787908073561,6.169195512401794,5.688815979684447,Medium
S2793,25.6845470054803,17.687641693014868,15.595385241203907,16.831011682099323,17.030756082989416,22.369315145085082,27.785769545861108,76.45380741339265,-1.7545052190043937,67.69125063217615,2,17.811551109269956,6.772882140379739,3.8460640828735775,Medium
S2794,17.549673253010255,25.48336215024203,29.458843785070787,11.681907973668157,12.399673623777861,12.839885318940219,35.17776229607456,71.51132560487827,-0.969762759208358,89.76445299570345,8,14.96745636099065,7.558057965547342,1.3128534110130294,Low
S2795,30.291299427694614,7.678899409397655,36.474925558248415,6.438726418878276,7.205849044248019,9.943890627392614,47.683729516173585,88.13291708963841,0.33454408954742065,93.60666398496231,3,14.156727454275025,15.462083576349755,1.4368025296957292,Low
S2796,37.73468681303113,32.48629194230896,16.81414709841738,13.916544700588554,17.785913599187314,19.879830703449805,30.636511584787485,53.75394198436091,-0.4470307901920999,78.74579000971728,6,13.527743036849865,8.327762138036547,5.0369153156136734,Medium
S2797,28.67732845518651,24.99770339237798,24.648470825262017,13.197646696957285,14.562859373389509,18.482402950304866,37.307418957921655,79.87880075760303,-1.5488499726051672,87.54089659311978,8,22.3328760902941,10.645073870753452,5.198673555955121,Medium
S2798,27.31859267381445,21.45909773523247,32.39005316427577,9.711105219234323,11.763808409087186,23.346328669252088,40.18050432915185,76.00626713058878,-1.3754380470303782,70.12601327443164,5,15.236362879596891,4.95510585308293,2.0456933474480987,Medium
S2799,20.818315076154356,22.900610195527843,30.52891131278344,15.968004724059247,6.97128919100166,10.56563330073372,36.88757836790875,79.92047544211142,-1.6177498182510561,90.90369895719098,2,19.162938865245113,11.960457699457226,5.040924971428149,Low
